brand,model,model_year,milage,fuel_type,engine,transmission,ext_col,int_col,accident,clean_title,price,car_age,price_per_mile,is_luxury,milage_per_year,has_accident
Ford,Utility Police Interceptor Base,2013,51000.0,E85 Flex Fuel,300.0HP 3.7L V6 Cylinder Engine Flex Fuel Capability,6-Speed A/T,Black,Black,At least 1 accident or damage reported,Yes,10300.0,13,0.20195682437599263,0,3642.8571428571427,1
Hyundai,Palisade SEL,2021,34742.0,Gasoline,3.8L V6 24V GDI DOHC,8-Speed Automatic,Moonlight Cloud,Gray,At least 1 accident or damage reported,Yes,38005.0,5,1.0938894165731226,0,5790.333333333333,1
Lexus,RX 350 RX 350,2022,22372.0,Gasoline,3.5 Liter DOHC,Automatic,Blue,Black,None reported,Yes,54598.0,4,2.4403522102534305,1,4474.4,0
INFINITI,Q50 Hybrid Sport,2015,88900.0,Hybrid,354.0HP 3.5L V6 Cylinder Engine Gas/Electric Hybrid,7-Speed A/T,Black,Black,None reported,Yes,15500.0,11,0.1743512446429174,0,7408.333333333333,0
Audi,Q3 45 S line Premium Plus,2021,9835.0,Gasoline,2.0L I4 16V GDI DOHC Turbo,8-Speed Automatic,Glacier White Metallic,Black,None reported,Yes,34999.0,5,3.558255388369256,1,1639.1666666666667,0
Acura,ILX 2.4L,2016,136397.0,Gasoline,2.4 Liter,F,Silver,Ebony.,None reported,Yes,14798.0,10,0.10849132685229988,0,12399.727272727272,0
Audi,S3 2.0T Premium Plus,2017,84000.0,Gasoline,292.0HP 2.0L 4 Cylinder Engine Gasoline Fuel,6-Speed A/T,Blue,Black,None reported,Yes,31000.0,9,0.3690432256758848,1,8400.0,0
BMW,740 iL,2001,242000.0,Gasoline,282.0HP 4.4L 8 Cylinder Engine Gasoline Fuel,A/T,Green,Green,None reported,Yes,7300.0,25,0.030165164606757822,1,9307.692307692309,0
Lexus,RC 350 F Sport,2021,23436.0,Gasoline,311.0HP 3.5L V6 Cylinder Engine Gasoline Fuel,6-Speed A/T,Black,Black,None reported,Yes,41927.0,5,1.7889234970346035,1,3906.0,0
Tesla,Model X Long Range Plus,2020,34000.0,Gasoline,534.0HP Electric Motor Electric Fuel System,A/T,Black,Black,None reported,Yes,69950.0,6,2.0572924325755126,0,4857.142857142857,0
Land,Rover Range Rover Sport 3.0 Supercharged HST,2021,27608.0,Gasoline,V6,Automatic,Fuji White,Pimento / Ebony,None reported,Yes,73897.0,5,2.6765547466405883,1,4601.333333333333,0
Aston,Martin DBS Superleggera,2019,22770.0,Gasoline,715.0HP 5.2L 12 Cylinder Engine Gasoline Fuel,8-Speed A/T,Silver,Black,None reported,Yes,184606.0,7,8.107066005006368,0,2846.25,0
Toyota,Supra 3.0 Premium,2021,12500.0,Gasoline,382.0HP 3.0L Straight 6 Cylinder Engine Gasoline Fuel,A/T,Yellow,Black,None reported,Yes,53500.0,5,4.279657627389809,0,2083.3333333333335,0
Lincoln,Aviator Reserve AWD,2022,18196.0,Gasoline,400.0HP 3.0L V6 Cylinder Engine Gasoline Fuel,Transmission w/Dual Shift Mode,Black,Brown,None reported,Yes,62000.0,4,3.4071550255536627,0,3639.2,0
Jaguar,F-TYPE,2020,15903.0,Gasoline,2.0 Liter Supercharged,Automatic,Silver,Black,None reported,Yes,47998.0,6,3.017982897384306,0,2271.8571428571427,0
Land,Rover LR4 HSE,2013,79800.0,Gasoline,375.0HP 5.0L 8 Cylinder Engine Gasoline Fuel,A/T,White,Black,None reported,Yes,29990.0,13,0.3758098269445245,1,5700.0,0
Mercedes-Benz,Metris Base,2021,1685.0,Gasoline,2.0L I4 16V GDI DOHC Turbo,9-Speed Automatic,Gray,White,None reported,Yes,250000.0,5,148.27995255041517,1,280.8333333333333,0
Dodge,Challenger SXT,2013,61074.0,Gasoline,305.0HP 3.6L V6 Cylinder Engine Gasoline Fuel,A/T,Black,Gray,None reported,Yes,16800.0,13,0.27507163323782235,0,4362.428571428572,0
Nissan,350Z Enthusiast,2003,74000.0,Gasoline,287.0HP 3.5L V6 Cylinder Engine Gasoline Fuel,6-Speed M/T,Purple,–,None reported,Yes,11000.0,23,0.1486466399102715,0,3083.3333333333335,0
Jaguar,F-TYPE R,2018,35250.0,Gasoline,550.0HP 5.0L 8 Cylinder Engine Gasoline Fuel,8-Speed A/T,Green,Black,None reported,Yes,68750.0,8,1.9502992822898642,0,3916.6666666666665,0
Genesis,GV70 3.5T Sport,2023,5400.0,Gasoline,375.0HP 3.5L V6 Cylinder Engine Gasoline Fuel,8-Speed A/T,Green,Beige,None reported,Yes,60000.0,3,11.109053878911313,0,1350.0,0
Chevrolet,S-10 LS,2000,133510.0,E85 Flex Fuel,120.0HP 2.2L 4 Cylinder Engine Flex Fuel Capability,A/T,Blue,Black,None reported,Yes,4500.0,26,0.0337050879702796,0,4944.814814814815,0
BMW,440 Gran Coupe 440i xDrive,2020,25990.0,Gasoline,3.0 Liter Turbo,Automatic,White,Beige,None reported,Yes,38598.0,6,1.4850525181793697,1,3712.8571428571427,0
Ford,F-150 XLT,2023,2823.0,Gasoline,3.5L V6 24V PDI DOHC Twin Turbo,Automatic,Iconic Silver Metallic,Black,None reported,Yes,58504.0,3,20.71671388101983,0,705.75,0
Chevrolet,Suburban RST,2021,52000.0,Gasoline,355.0HP 5.3L 8 Cylinder Engine Gasoline Fuel,10-Speed A/T,Blue,Black,None reported,Yes,61000.0,5,1.1730543643391473,0,8666.666666666666,0
Hyundai,Elantra N Base,2022,11650.0,Gasoline,276.0HP 2.0L 4 Cylinder Engine Gasoline Fuel,Transmission w/Dual Shift Mode,Black,Black,None reported,Yes,32300.0,4,2.772294223671788,0,2330.0,0
Nissan,Sentra SR,2016,96541.0,Gasoline,1.8 Liter,Automatic,Blue,Black,None reported,Yes,13998.0,10,0.14499388867021606,0,8776.454545454546,0
Mercedes-Benz,AMG CLA 45 Base 4MATIC,2021,17500.0,Gasoline,382.0HP 2.0L 4 Cylinder Engine Gasoline Fuel,A/T,Gray,Black,None reported,Yes,59995.0,5,3.4280898234386608,1,2916.6666666666665,0
BMW,650 Gran Coupe i xDrive,2015,69000.0,Gasoline,445.0HP 4.4L 8 Cylinder Engine Gasoline Fuel,8-Speed A/T,Gray,Black,None reported,Yes,25700.0,11,0.37245837016854827,1,5750.0,0
Audi,Q5 2.0T Premium Plus,2017,81880.0,E85 Flex Fuel,2.0L I4 16V GDI DOHC Turbo Flexible Fuel,8-Speed Automatic,Mythos Black Metallic,Black,None reported,Yes,21375.0,9,0.26104957193976625,1,8188.0,0
Mercedes-Benz,AMG C 43 Base 4MATIC,2018,28800.0,Gasoline,362.0HP 3.0L V6 Cylinder Engine Gasoline Fuel,9-Speed A/T,Silver,Black,None reported,Yes,48000.0,8,1.6666087983056144,1,3200.0,0
Dodge,Ram 1500 Laramie Mega Cab,2006,300183.0,Gasoline,345.0HP 5.7L 8 Cylinder Engine Gasoline Fuel,A/T,Silver,Gray,At least 1 accident or damage reported,Yes,10900.0,20,0.036311062548303706,0,14294.42857142857,1
BMW,i3 120Ah w/Range Extender,2020,35035.0,Hybrid,120 AH,Automatic,Black,Black,None reported,Yes,24998.0,6,0.7134946911747917,1,5005.0,0
Kia,Sorento SX,2011,171000.0,Gasoline,276.0HP 3.5L V6 Cylinder Engine Gasoline Fuel,A/T,Black,Black,None reported,Yes,5999.0,15,0.03508166618908661,0,10687.5,0
Lexus,LX 570 Base,2016,118700.0,Gasoline,383.0HP 5.7L 8 Cylinder Engine Gasoline Fuel,8-Speed A/T,Black,Beige,None reported,Yes,46900.0,10,0.39511040345068704,1,10790.90909090909,0
Jeep,New Compass Trailhawk,2017,119000.0,Gasoline,180.0HP 2.4L 4 Cylinder Engine Gasoline Fuel,A/T,Red,Black,None reported,Yes,15900.0,9,0.1336123225855245,0,11900.0,0
BMW,340 i,2018,44261.0,Gasoline,3.0 Liter Turbo,Automatic,Gray,Black,None reported,Yes,33598.0,8,0.7590709863991686,1,4917.888888888889,0
Audi,A4 2.0T Premium Plus quattro,2012,125575.0,Gasoline,211.0HP 2.0L 4 Cylinder Engine Gasoline Fuel,8-Speed A/T,Silver,Black,None reported,Yes,8999.0,14,0.07166178250621137,1,8371.666666666666,0
Hyundai,Tucson SE,2007,16200.0,Gasoline,173.0HP 2.7L V6 Cylinder Engine Gasoline Fuel,A/T,Gold,Beige,None reported,Yes,8200.0,19,0.5061415961977656,0,810.0,0
BMW,Z4 sDrive28i,2014,70000.0,Gasoline,240.0HP 2.0L 4 Cylinder Engine Gasoline Fuel,A/T,White,Beige,At least 1 accident or damage reported,Yes,20000.0,12,0.28571020413994086,1,5384.615384615385,1
Bentley,Continental GTC Base,2011,20200.0,E85 Flex Fuel,552.0HP 6.0L 12 Cylinder Engine Flex Fuel Capability,6-Speed A/T,Black,Black,None reported,Yes,79950.0,15,3.9577248651056878,1,1262.5,0
Honda,Passport Elite,2023,2978.0,Gasoline,3.5 Liter SOHC,Automatic,Lunar Silver Metallic,Gray,None reported,Yes,45498.0,3,15.272910372608258,0,744.5,0
Dodge,Sprinter 2500,2007,189719.0,Diesel,3.0L V6 Cylinder Engine Diesel Fuel,5-Speed A/T,White,Gray,At least 1 accident or damage reported,Yes,14000.0,19,0.07379295804343243,0,9485.95,1
BMW,M850 i xDrive,2019,9949.0,Gasoline,4.4 Liter DOHC Twin Turbo,Automatic,Blue,Black,None reported,Yes,75798.0,7,7.617889447236181,1,1243.625,0
Lucid,Air Grand Touring,2022,3552.0,Gasoline,536.0HP Electric Motor Electric Fuel System,1-Speed A/T,Red,Beige,None reported,Yes,119999.0,4,33.77399380804953,0,710.4,0
Audi,A7 Premium,2012,54000.0,Gasoline,310.0HP 3.0L V6 Cylinder Engine Gasoline Fuel,8-Speed A/T,Black,Brown,At least 1 accident or damage reported,Yes,36880.0,14,0.6829503157348938,1,3600.0,1
Chevrolet,Silverado 1500 Custom Trail Boss,2021,51351.0,Gasoline,5.3L V8 16V GDI OHV,Automatic,Black,Jet Black,None reported,Yes,43147.0,5,0.8402204393207665,0,8558.5,0
MINI,Convertible John Cooper Works,2017,24280.0,Gasoline,228.0HP 2.0L 4 Cylinder Engine Gasoline Fuel,6-Speed A/T,Black,Black,At least 1 accident or damage reported,Yes,29000.0,9,1.1943494913718546,0,2428.0,1
Toyota,Avalon Touring,2016,89148.0,Gasoline,268.0HP 3.5L V6 Cylinder Engine Gasoline Fuel,A/T,Black,Black,None reported,Yes,17500.0,10,0.19630057544111543,0,8104.363636363636,0
Porsche,Cayenne Platinum Edition,2017,73043.0,Gasoline,300.0HP 3.6L V6 Cylinder Engine Gasoline Fuel,8-Speed A/T,White,Black,None reported,Yes,30990.0,9,0.4242648266798094,1,7304.3,0
Mercedes-Benz,AMG C 63 S,2017,60000.0,Gasoline,503.0HP 4.0L 8 Cylinder Engine Gasoline Fuel,Transmission w/Dual Shift Mode,Gray,Black,At least 1 accident or damage reported,Yes,52500.0,9,0.8749854169097182,1,6000.0,1
Honda,CR-V EX-L,2016,73549.0,Gasoline,2.4L I4 16V GDI DOHC,Automatic CVT,Mountain Air Metallic,Black,At least 1 accident or damage reported,Yes,20848.0,10,0.28345343303874915,0,6686.272727272727,1
Hummer,H2 Base,2005,110900.0,Gasoline,325.0HP 6.0L 8 Cylinder Engine Gasoline Fuel,A/T,Gray,Black,None reported,Yes,19500.0,21,0.17583249925609326,0,5040.909090909091,0
Porsche,911 Carrera S,2013,39000.0,Gasoline,400.0HP 3.8L Flat 6 Cylinder Engine Gasoline Fuel,7-Speed A/T,Blue,Black,None reported,Yes,73000.0,13,1.8717468782851723,1,2785.714285714286,0
Mercedes-Benz,CLA-Class CLA 250,2016,120000.0,Gasoline,208.0HP 2.0L 4 Cylinder Engine Gasoline Fuel,Transmission w/Dual Shift Mode,Black,Black,None reported,Yes,19800.0,10,0.16499862501145823,1,10909.09090909091,0
Chrysler,300 Touring,2009,134602.0,Gasoline,250.0HP 3.5L V6 Cylinder Engine Gasoline Fuel,Transmission w/Dual Shift Mode,Blue,Black,None reported,Yes,7500.0,17,0.05571941190018053,0,7477.888888888889,0
Nissan,Rogue SV,2023,1094.0,Gasoline,1.5L I3 12V GDI DOHC Turbo,Automatic CVT,Caspian Blue,Light Gray,None reported,Yes,30999.0,3,28.30958904109589,0,273.5,0
Audi,A3 2.0T,2010,83500.0,Gasoline,200.0HP 2.0L 4 Cylinder Engine Gasoline Fuel,Transmission w/Dual Shift Mode,Silver,Black,None reported,Yes,6500.0,16,0.07784337912120813,1,4911.764705882353,0
Ford,Mustang GT Premium,2014,37060.0,Gasoline,420.0HP 5.0L 8 Cylinder Engine Gasoline Fuel,6-Speed M/T,Black,Black,None reported,Yes,28500.0,12,0.7690024554113488,0,2850.769230769231,0
Acura,RL Technology,2010,97700.0,Gasoline,300.0HP 3.7L V6 Cylinder Engine Gasoline Fuel,Transmission w/Dual Shift Mode,Blue,Beige,None reported,Yes,10995.0,16,0.11253723093929438,0,5747.058823529412,0
Volvo,XC90 Hybrid T8 R-Design,2018,40000.0,Plug-In Hybrid,400.0HP 2.0L 4 Cylinder Engine Plug-In Electric/Gas,Transmission w/Dual Shift Mode,Black,Black,None reported,Yes,42000.0,8,1.0499737506562337,0,4444.444444444444,0
Audi,R8 5.2 V10,2018,8940.0,Gasoline,5.2L V10 40V PDI DOHC,7-Speed Automatic with Auto-Shift,Tango Red Metallic,Black,None reported,Yes,144900.0,8,16.20624091264959,1,993.3333333333334,0
Mercedes-Benz,GLK-Class GLK 350,2014,186000.0,Gasoline,302.0HP 3.5L V6 Cylinder Engine Gasoline Fuel,A/T,Black,Beige,At least 1 accident or damage reported,Yes,10000.0,12,0.05376315181101177,1,14307.692307692309,1
Toyota,C-HR LE,2021,13180.0,Gasoline,2.0 Liter,CVT-F,–,–,None reported,Yes,23998.0,5,1.8206509369547075,0,2196.6666666666665,0
Lexus,IS 350 Base,2014,104000.0,Gasoline,306.0HP 3.5L V6 Cylinder Engine Gasoline Fuel,8-Speed A/T,Black,Black,None reported,Yes,21000.0,12,0.20192113537369832,1,8000.0,0
BMW,X4 M40i,2023,8500.0,Hybrid,382.0HP 3.0L Straight 6 Cylinder Engine Gasoline/Mild Electric Hybrid,Transmission w/Dual Shift Mode,Gray,Beige,None reported,Yes,67900.0,3,7.987295612280908,1,2125.0,0
BMW,M4 CS,2019,19069.0,Gasoline,3.0 Liter DOHC Turbo,Automatic,Alpine White,Anthracite,None reported,Yes,69998.0,7,3.670582066072365,1,2383.625,0
Cadillac,CT5 Premium Luxury,2023,6090.0,Gasoline,237.0HP 2.0L 4 Cylinder Engine Gasoline Fuel,A/T,White,Beige,None reported,Yes,46900.0,3,7.699885076342144,0,1522.5,0
Lucid,Air Grand Touring,2022,4900.0,Gasoline,536.0HP Electric Motor Electric Fuel System,1-Speed A/T,Red,Black,None reported,Yes,99000.0,4,20.199959192001632,0,980.0,0
Audi,A5 2.0T Premium Plus,2019,47523.0,Gasoline,248.0HP 2.0L 4 Cylinder Engine Gasoline Fuel,Transmission w/Dual Shift Mode,Black,Black,None reported,Yes,31000.0,7,0.652301994781584,1,5940.375,0
Chrysler,300C SRT8,2006,43000.0,Gasoline,425.0HP 6.1L 8 Cylinder Engine Gasoline Fuel,5-Speed A/T,Silver,Black,At least 1 accident or damage reported,Yes,19995.0,20,0.4649891862979931,0,2047.6190476190477,1
Bentley,Continental GT W12,2017,14684.0,Gasoline,582.0HP 6.0L 12 Cylinder Engine Gasoline Fuel,8-Speed A/T,White,White,None reported,Yes,130000.0,9,8.85257065032346,1,1468.4,0
BMW,M4 Base,2019,57800.0,Gasoline,425.0HP 3.0L Straight 6 Cylinder Engine Gasoline Fuel,Transmission w/Dual Shift Mode,Black,Red,None reported,Yes,55999.0,7,0.9688240687877372,1,7225.0,0
Toyota,GR Corolla Circuit Edition,2023,952.0,Gasoline,300.0HP 1.6L 3 Cylinder Engine Gasoline Fuel,6-Speed M/T,Silver,Gray,None reported,Yes,49950.0,3,52.41343126967471,0,238.0,0
Audi,RS 5 2.9T,2019,21240.0,Gasoline,444.0HP 2.9L V6 Cylinder Engine Gasoline Fuel,8-Speed A/T,Black,Black,At least 1 accident or damage reported,Yes,59950.0,7,2.8223718280683583,1,2655.0,1
Porsche,Cayenne Base,2019,59338.0,Gasoline,335.0HP 3.0L V6 Cylinder Engine Gasoline Fuel,Transmission w/Dual Shift Mode,Black,Black,None reported,Yes,42499.0,7,0.7162068791182865,1,7417.25,0
Lamborghini,Huracan Tecnica Coupe,2023,255.0,Gasoline,"5.2L V-10 gasoline direct injection, DOHC, variable valve contro",Automatic,BLU ELEOS,Nero Ade,None reported,Yes,359991.0,3,1406.21484375,0,63.75,0
Maserati,Quattroporte S,2019,23230.0,Gasoline,424.0HP 3.0L V6 Cylinder Engine Gasoline Fuel,8-Speed A/T,Black,Black,None reported,Yes,44999.0,7,1.937023804399294,1,2903.75,0
Jaguar,XF 35t R-Sport,2017,48000.0,Gasoline,340.0HP 3.0L V6 Cylinder Engine Gasoline Fuel,A/T,Red,Black,At least 1 accident or damage reported,Yes,30000.0,9,0.6249869794379284,0,4800.0,1
Lexus,ES 330 Base,2005,41059.0,Gasoline,225.0HP 3.3L V6 Cylinder Engine Gasoline Fuel,5-Speed A/T,White,Beige,None reported,Yes,11100.0,21,0.2703360935216756,1,1866.3181818181818,0
Land,Rover Discovery Sport SE R-Dynamic,2020,21240.0,Gasoline,2.0 Liter,Automatic,White,Black,None reported,Yes,37998.0,6,1.788898827738807,1,3034.285714285714,0
Porsche,Cayman GTS,2015,11500.0,Gasoline,340.0HP 3.4L Flat 6 Cylinder Engine Gasoline Fuel,7-Speed A/T,Silver,–,None reported,Yes,72000.0,11,6.26032518911399,1,958.3333333333334,0
Genesis,G90 3.3T Premium,2021,9950.0,Gasoline,365.0HP 3.3L V6 Cylinder Engine Gasoline Fuel,8-Speed A/T,Silver,Blue,None reported,Yes,53950.0,5,5.42156567179178,0,1658.3333333333333,0
Volkswagen,Golf R 20th Anniversary Edition,2023,633.0,Gasoline,315.0HP 2.0L 4 Cylinder Engine Gasoline Fuel,6-Speed M/T,White,Black,None reported,Yes,47999.0,3,75.70820189274448,0,158.25,0
Hyundai,Sonata Hybrid Limited,2015,66000.0,Hybrid,199.0HP 2.4L 4 Cylinder Engine Gas/Electric Hybrid,A/T,White,Gray,At least 1 accident or damage reported,Yes,15900.0,11,0.24090544082665413,0,5500.0,1
Audi,RS 7 4.0T Prestige,2014,59715.0,Gasoline,560.0HP 4.0L 8 Cylinder Engine Gasoline Fuel,A/T,Gray,Black,At least 1 accident or damage reported,Yes,45000.0,12,0.7535668832473709,1,4593.461538461538,1
BMW,740 Li,2012,85252.0,Gasoline,326.0HP 3.0L Straight 6 Cylinder Engine Gasoline Fuel,6-Speed A/T,Black,Black,None reported,Yes,18500.0,14,0.2170011612494575,1,5683.466666666666,0
Mercedes-Benz,GLS 450 Base 4MATIC,2020,17900.0,Hybrid,362.0HP 3.0L Straight 6 Cylinder Engine Gasoline/Mild Electric Hybrid,9-Speed A/T,Black,Black,At least 1 accident or damage reported,Yes,80000.0,6,4.469024076867214,1,2557.1428571428573,1
BMW,M6 Base,2016,25500.0,Gasoline,560.0HP 4.4L 8 Cylinder Engine Gasoline Fuel,7-Speed A/T,White,Black,None reported,Yes,55000.0,10,2.1567781655621348,1,2318.181818181818,0
Subaru,Forester 2.5 X,2004,210703.0,Gasoline,165.0HP 2.5L 4 Cylinder Engine Gasoline Fuel,M/T,Green,Beige,None reported,Yes,2300.0,22,0.010915787075708103,0,9161.0,0
Hyundai,Elantra N Base,2023,3800.0,Gasoline,276.0HP 2.0L 4 Cylinder Engine Gasoline Fuel,6-Speed M/T,White,Black,None reported,Yes,34000.0,3,8.945014469876348,0,950.0,0
Kia,Niro Plug-In Hybrid EX Premium,2022,36602.0,Hybrid,1.6L I4 16V GDI DOHC Hybrid,6-Speed Automatic with Auto-Shift,Horizon Blue,Charcoal,None reported,Yes,31995.0,4,0.8741086796164249,0,7320.4,0
Rivian,R1S Adventure Package,2023,2800.0,Gasoline,835.0HP Electric Motor Electric Fuel System,1-Speed A/T,White,Green,None reported,Yes,92000.0,3,32.84541235273117,0,700.0,0
Aston,Martin DBS Superleggera,2021,2165.0,Gasoline,5.2L V12 48V GDI DOHC Twin Turbo,8-Speed Automatic,Black,Black,None reported,Yes,279950.0,5,129.24746075715603,0,360.8333333333333,0
Mercedes-Benz,SLC 300 Base,2018,33000.0,Gasoline,241.0HP 2.0L 4 Cylinder Engine Gasoline Fuel,9-Speed A/T,Red,Black,At least 1 accident or damage reported,Yes,29900.0,8,0.9060331505105906,1,3666.6666666666665,1
BMW,435 Gran Coupe i,2016,76009.0,Gasoline,300.0HP 3.0L Straight 6 Cylinder Engine Gasoline Fuel,8-Speed A/T,White,Beige,None reported,Yes,24950.0,10,0.32824628338376527,1,6909.909090909091,0
Jeep,Grand Cherokee Summit,2020,31349.0,Gasoline,5.7L V8 16V MPFI OHV,8-Speed Automatic,Granite Crystal Clearcoat Metallic,Black,None reported,Yes,39366.0,6,1.2556937799043062,0,4478.428571428572,0
Lexus,RC 350 Base,2015,48000.0,Gasoline,306.0HP 3.5L V6 Cylinder Engine Gasoline Fuel,Transmission w/Dual Shift Mode,Orange,Red,None reported,Yes,32900.0,11,0.6854023874502615,1,4000.0,0
BMW,525 i,2005,91420.0,Gasoline,215.0HP 2.5L Straight 6 Cylinder Engine Gasoline Fuel,6-Speed A/T,Black,Black,None reported,Yes,8900.0,21,0.09735181194692685,1,4155.454545454545,0
Toyota,Corolla LE,2003,124756.0,Gasoline,130.0HP 1.8L 4 Cylinder Engine Gasoline Fuel,M/T,Beige,Beige,At least 1 accident or damage reported,Yes,4995.0,23,0.040037833548418125,0,5198.166666666667,1
Cadillac,CT5-V Blackwing,2023,2415.0,Gasoline,6.2L V8 16V GDI OHV Supercharged,10-Speed Automatic,Rift Metallic,Gray,None reported,Yes,104900.0,3,43.41887417218543,0,603.75,0
GMC,Acadia SLT-1,2012,116226.0,Gasoline,288.0HP 3.6L V6 Cylinder Engine Gasoline Fuel,6-Speed A/T,Black,Black,None reported,Yes,7900.0,14,0.06797043716176103,0,7748.4,0
Lexus,LC 500 Base,2020,37869.0,Gasoline,5.0L V8 32V PDI DOHC,10-Speed Automatic,Atomic Silver,Rioja Red,None reported,Yes,75950.0,6,2.0055452865064693,1,5409.857142857143,0
BMW,i8 Base,2019,41500.0,Plug-In Hybrid,369.0HP 1.5L 3 Cylinder Engine Plug-In Electric/Gas,Transmission w/Dual Shift Mode,White,Black,None reported,Yes,86000.0,7,2.072239223151249,1,5187.5,0
Lexus,ES 300h Base,2013,87001.0,Hybrid,200.0HP 2.5L 4 Cylinder Engine Gas/Electric Hybrid,CVT Transmission,Gold,Beige,None reported,Yes,17995.0,13,0.20683432564768625,1,6214.357142857143,0
Cadillac,CT5-V V-Series,2022,4451.0,Gasoline,3.0L V6 24V GDI DOHC Twin Turbo,Automatic,Summit White,Jet Black,At least 1 accident or damage reported,Yes,55655.0,4,12.501123090745732,0,890.2,1
BMW,540 i xDrive,2020,27158.0,Gasoline,2.0 Liter Turbo,Automatic,Imperial Blue Metallic,Canberra Beige/Black,None reported,Yes,39998.0,6,1.4727346367686587,1,3879.714285714286,0
Chevrolet,Express 1500 Work Van,2014,139804.0,Gasoline,195.0HP 4.3L V6 Cylinder Engine Gasoline Fuel,A/T,White,Gray,At least 1 accident or damage reported,Yes,14500.0,12,0.10371588998962841,0,10754.153846153846,1
Jeep,Gladiator Rubicon,2022,27300.0,Gasoline,285.0HP 3.6L V6 Cylinder Engine Gasoline Fuel,A/T,Green,Black,None reported,Yes,47500.0,4,1.7398630086810007,0,5460.0,0
BMW,Z4 sDrive28i,2014,36812.0,Gasoline,240.0HP 2.0L 4 Cylinder Engine Gasoline Fuel,Transmission w/Dual Shift Mode,White,Beige,None reported,Yes,27000.0,12,0.7334365577377557,1,2831.6923076923076,0
Land,Rover LR4 HSE LUX Landmark Edition,2016,144000.0,Gasoline,340.0HP 3.0L V6 Cylinder Engine Gasoline Fuel,8-Speed A/T,Black,Black,At least 1 accident or damage reported,Yes,18000.0,10,0.12499913195047256,1,13090.90909090909,1
Cadillac,XT4 Sport,2019,44500.0,Gasoline,237.0HP 2.0L 4 Cylinder Engine Gasoline Fuel,9-Speed A/T,Blue,White,None reported,Yes,28900.0,7,0.6494236084582369,0,5562.5,0
BMW,750 750i xDrive,2021,10917.0,Gasoline,4.4 Liter Twin Turbo,Automatic,Black,Black,None reported,Yes,73998.0,5,6.777614947792636,1,1819.5,0
Bentley,Arnage R,2005,8332.0,Gasoline,400.0HP 6.75L 8 Cylinder Engine Gasoline Fuel,4-Speed A/T,White,Beige,None reported,Yes,47350.0,21,5.682227289091563,1,378.72727272727275,0
Lincoln,Aviator Reserve AWD,2020,51247.0,Gasoline,3.0 Liter GTDI,Automatic,Magnetic Gray Clearcoat,Roast,None reported,Yes,47698.0,6,0.930729004058695,0,7321.0,0
Mercedes-Benz,AMG GL AMG GL 63 4MATIC,2016,69000.0,Gasoline,550.0HP 5.5L 8 Cylinder Engine Gasoline Fuel,Transmission w/Dual Shift Mode,Black,Brown,None reported,Yes,36500.0,10,0.5289778409008565,1,6272.727272727273,0
RAM,ProMaster 3500 High Roof,2021,147834.0,Gasoline,3.6L V6 24V MPFI DOHC,6-Speed Automatic,Bright White Clearcoat,Black,None reported,Yes,32662.0,5,0.22093550241823653,0,24639.0,0
Ford,Utility Police Interceptor Base,2013,105000.0,E85 Flex Fuel,300.0HP 3.7L V6 Cylinder Engine Flex Fuel Capability,A/T,White,Black,At least 1 accident or damage reported,Yes,6600.0,13,0.06285654422338835,0,7500.0,1
Audi,A5 2.0T Premium,2011,92203.0,Gasoline,211.0HP 2.0L 4 Cylinder Engine Gasoline Fuel,Transmission w/Dual Shift Mode,Red,Beige,None reported,Yes,9995.0,15,0.10840093705262245,1,5762.6875,0
Nissan,GT-R Premium,2010,15600.0,Gasoline,485.0HP 3.8L V6 Cylinder Engine Gasoline Fuel,Transmission w/Dual Shift Mode,White,Black,None reported,Yes,69500.0,16,4.454842638292417,0,917.6470588235294,0
Land,Rover Range Rover Sport 3.0L Supercharged HSE,2018,104700.0,Gasoline,V6,Automatic,Fuji White,Ivory / Ebony,At least 1 accident or damage reported,Yes,30775.0,8,0.2939322451552516,1,11633.333333333334,1
Toyota,Corolla LE,2010,72348.0,Gasoline,132.0HP 1.8L 4 Cylinder Engine Gasoline Fuel,A/T,Red,Gray,At least 1 accident or damage reported,Yes,9995.0,16,0.13814980165586255,0,4255.764705882353,1
Rivian,R1S Adventure Package,2023,2500.0,Gasoline,835.0HP Electric Motor Electric Fuel System,A/T,Green,White,None reported,Yes,94000.0,3,37.58496601359456,0,625.0,0
Mercedes-Benz,C-Class C300 4MATIC,2022,13177.0,Gasoline,2.0 Liter Turbo,Automatic,White,Silk Beige/Black,None reported,Yes,44798.0,4,3.399453634845955,1,2635.4,0
Porsche,Cayenne E-Hybrid S,2016,96000.0,Plug-In Hybrid,416.0HP 3.0L V6 Cylinder Engine Plug-In Electric/Gas,Transmission w/Dual Shift Mode,White,Red,At least 1 accident or damage reported,Yes,23000.0,10,0.2395808376996073,1,8727.272727272728,1
Chevrolet,Express 1500 Work Van,2011,93009.0,E85 Flex Fuel,5.3L V8 16V MPFI OHV Flexible Fuel,4-Speed Automatic,Summit White,Medium Pewter,None reported,Yes,22495.0,15,0.2418557144393076,0,5813.0625,0
INFINITI,Q70h Base,2016,52750.0,Hybrid,360.0HP 3.5L V6 Cylinder Engine Gas/Electric Hybrid,7-Speed A/T,White,Black,At least 1 accident or damage reported,Yes,28998.0,10,0.549714697351709,0,4795.454545454545,1
Audi,A7 Premium Plus,2020,25361.0,Hybrid,3.0 Liter Turbo,Automatic,Typhoon Gray,Black,None reported,Yes,49998.0,6,1.9713744972793943,1,3623.0,0
Audi,Q7 3.0T Premium Plus,2015,98527.0,Gasoline,280.0HP 3.0L V6 Cylinder Engine Gasoline Fuel,8-Speed A/T,Black,Black,None reported,Yes,9995.0,11,0.10144324455992206,1,8210.583333333334,0
Lucid,Air Pure,2023,1300.0,Gasoline,620.0HP Electric Motor Electric Fuel System,A/T,Black,Gray,None reported,Yes,86900.0,3,66.79477325134512,0,325.0,0
Chrysler,Pacifica Touring,2017,87305.0,–,–,9-Speed A/T,Silver,Black,None reported,Yes,9000.0,9,0.10308569857741735,0,8730.5,0
Audi,TTS 2.0T Premium Plus,2012,72922.0,Gasoline,265.0HP 2.0L 4 Cylinder Engine Gasoline Fuel,6-Speed A/T,White,Black,None reported,Yes,25999.0,14,0.35652674739108375,1,4861.466666666666,0
BMW,650 Gran Coupe i xDrive,2015,41000.0,Gasoline,445.0HP 4.4L 8 Cylinder Engine Gasoline Fuel,8-Speed A/T,Black,Black,None reported,Yes,30000.0,11,0.7316894709885124,1,3416.6666666666665,0
Subaru,Forester Premium,2021,42125.0,Gasoline,2.5L H4 16V GDI DOHC,Automatic CVT,Crystal Black Silica,Black,None reported,Yes,27899.0,5,0.6622750795233348,0,7020.833333333333,0
Mercedes-Benz,AMG C AMG C 63,2016,62000.0,Gasoline,469.0HP 4.0L 8 Cylinder Engine Gasoline Fuel,Transmission w/Dual Shift Mode,Black,Black,None reported,Yes,40000.0,10,0.6451508846631506,1,5636.363636363636,0
Land,Rover LR3 HSE,2006,153843.0,Gasoline,300.0HP 4.4L 8 Cylinder Engine Gasoline Fuel,6-Speed A/T,Red,Beige,At least 1 accident or damage reported,Yes,9950.0,20,0.06467590546267647,1,7325.857142857143,1
BMW,X7 xDrive40i,2019,35248.0,Gasoline,3.0 Liter Twin Turbo,Automatic,Arctic Gray Metallic,Black,None reported,Yes,53998.0,7,1.5319016142301909,1,4406.0,0
Ford,Transit Connect XLT,2015,194454.0,Gasoline,169.0HP 2.5L 4 Cylinder Engine Gasoline Fuel,6-Speed A/T,White,Black,None reported,Yes,9888.0,11,0.05084981101025944,0,16204.5,0
Lexus,LX 570 Three-Row,2021,21000.0,Gasoline,383.0HP 5.7L 8 Cylinder Engine Gasoline Fuel,Transmission w/Dual Shift Mode,White,Black,None reported,Yes,89999.0,5,4.2854625970191895,1,3500.0,0
Porsche,911 Carrera S,2013,18494.0,Gasoline,400.0HP 3.8L Flat 6 Cylinder Engine Gasoline Fuel,7-Speed M/T,Black,Black,None reported,Yes,86900.0,13,4.698567180319005,1,1321.0,0
Dodge,Ram 2500 Laramie Quad Cab,2006,218000.0,Gasoline,330.0HP 5.7L 8 Cylinder Engine Gasoline Fuel,4-Speed A/T,Red,Gray,None reported,Yes,12990.0,20,0.059586882628978766,0,10380.952380952382,0
Nissan,Armada SL,2021,67800.0,Gasoline,400.0HP 5.6L 8 Cylinder Engine Gasoline Fuel,7-Speed A/T,Silver,Black,At least 1 accident or damage reported,Yes,36500.0,5,0.5383401424757747,0,11300.0,1
Porsche,Cayman Base,2014,79000.0,Gasoline,275.0HP 2.7L Flat 6 Cylinder Engine Gasoline Fuel,Transmission w/Dual Shift Mode,Red,Black,At least 1 accident or damage reported,Yes,42999.0,12,0.5442842495664612,1,6076.923076923077,1
Mercedes-Benz,GLE 450 GLE 450,2022,24906.0,Hybrid,3.0 Liter Turbo,Automatic,Selenite Grey Metallic,Black,None reported,Yes,63998.0,4,2.569478459870719,1,4981.2,0
Chevrolet,Monte Carlo SS,2006,66840.0,Gasoline,303.0HP 5.3L 8 Cylinder Engine Gasoline Fuel,A/T,White,Gray,At least 1 accident or damage reported,Yes,12000.0,20,0.17953052767014258,0,3182.8571428571427,1
BMW,M5 Base,2013,86000.0,Gasoline,560.0HP 4.4L 8 Cylinder Engine Gasoline Fuel,Transmission w/Dual Shift Mode,Blue,White,None reported,Yes,32000.0,13,0.37208869664306227,1,6142.857142857143,0
Hyundai,Kona N Base,2023,654.0,Gasoline,2.0L I4 16V GDI DOHC Turbo,8-Speed Automatic with Auto-Shift,Ultra Black,Black,None reported,Yes,34599.0,3,52.82290076335878,0,163.5,0
Chevrolet,Monte Carlo SS,2005,75000.0,Gasoline,240.0HP 3.8L V6 Cylinder Engine Gasoline Fuel,A/T,Black,Black,None reported,Yes,12500.0,21,0.1666644444740737,0,3409.090909090909,0
Land,Rover Range Rover Evoque Pure,2015,84000.0,Gasoline,240.0HP 2.0L 4 Cylinder Engine Gasoline Fuel,9-Speed A/T,Beige,Black,At least 1 accident or damage reported,Yes,22800.0,11,0.27142534017452175,1,7000.0,1
Audi,S7 4.0T Premium Plus,2017,52500.0,Gasoline,450.0HP 4.0L 8 Cylinder Engine Gasoline Fuel,Transmission w/Dual Shift Mode,Gray,Gray,None reported,Yes,39999.0,9,0.7618712024532867,1,5250.0,0
GMC,Acadia SLT-1,2011,120000.0,Gasoline,288.0HP 3.6L V6 Cylinder Engine Gasoline Fuel,6-Speed A/T,Silver,Gray,None reported,Yes,7500.0,15,0.06249947917100691,0,7500.0,0
Alfa,Romeo Stelvio Ti Sport,2020,18665.0,Gasoline,2.0L I4 16V GDI SOHC Turbo,8-Speed Automatic,Lunare White Metallic,Ice,None reported,Yes,35645.0,6,1.9096217722061501,0,2666.4285714285716,0
Ferrari,FF Base,2016,19987.0,Gasoline,651.0HP 6.3L 12 Cylinder Engine Gasoline Fuel,7-Speed A/T,Black,Brown,None reported,Yes,149900.0,10,7.499499699819892,0,1817.0,0
Kia,K900 5.0L,2017,36486.0,Gasoline,420.0HP 5.0L 8 Cylinder Engine Gasoline Fuel,8-Speed A/T,Black,Beige,At least 1 accident or damage reported,Yes,23950.0,9,0.6563981692109518,0,3648.6,1
Ford,E150 XLT,2013,162100.0,E85 Flex Fuel,255.0HP 5.4L 8 Cylinder Engine Flex Fuel Capability,4-Speed A/T,Black,Gray,None reported,Yes,12500.0,13,0.07711241756682562,0,11578.57142857143,0
Tesla,Model 3 Performance,2022,13079.0,Gasoline,455.0HP Electric Motor Electric Fuel System,A/T,Black,White,None reported,Yes,47000.0,4,3.5932721712538225,0,2615.8,0
Toyota,4Runner SR5,2022,28377.0,Gasoline,4.0L V6 24V MPFI DOHC,5-Speed Automatic,Silver,Gray,None reported,Yes,36999.0,4,1.3037916696032137,0,5675.4,0
Subaru,Forester Base,2020,32744.0,Gasoline,182.0HP 2.5L 4 Cylinder Engine Gasoline Fuel,CVT Transmission,Black,Gray,None reported,Yes,24000.0,6,0.7329363261566652,0,4677.714285714285,0
Porsche,Panamera 2,2012,54000.0,Gasoline,300.0HP 3.6L V6 Cylinder Engine Gasoline Fuel,A/T,White,–,At least 1 accident or damage reported,Yes,26000.0,14,0.48147256532286437,1,3600.0,1
Toyota,Tacoma PreRunner,2008,202055.0,Gasoline,236.0HP 4.0L V6 Cylinder Engine Gasoline Fuel,A/T,Silver,Gray,At least 1 accident or damage reported,Yes,8500.0,18,0.0420675456309142,0,10634.473684210527,1
RAM,2500 Laramie,2019,65000.0,Diesel,370.0HP 6.7L Straight 6 Cylinder Engine Diesel Fuel,6-Speed A/T,Black,Black,None reported,Yes,65000.0,7,0.9999846156212981,0,8125.0,0
Kia,Sportage Nightfall,2022,9686.0,Gasoline,2.4L I4 16V GDI DOHC,6-Speed Automatic,Hyper Red,Black,None reported,Yes,30990.0,4,3.1991328584701146,0,1937.2,0
Cadillac,DTS Base,2010,49620.0,Gasoline,275.0HP 4.6L 8 Cylinder Engine Gasoline Fuel,A/T,White,Gray,None reported,Yes,10499.0,16,0.21158380524374762,0,2918.823529411765,0
Toyota,Land Cruiser Base,1997,213000.0,Gasoline,212.0HP 4.5L Straight 6 Cylinder Engine Gasoline Fuel,4-Speed A/T,White,Beige,None reported,Yes,26500.0,29,0.12441256144337351,0,7100.0,0
Nissan,GT-R Premium,2020,16010.0,Gasoline,565.0HP 3.8L V6 Cylinder Engine Gasoline Fuel,A/T,White,Black,None reported,Yes,114000.0,6,7.120104927862095,0,2287.1428571428573,0
Lexus,NX 350 F SPORT Handling,2023,820.0,Gasoline,2.4 Liter,8-SPEED AT,Black,Black,None reported,Yes,51998.0,3,63.33495736906212,1,205.0,0
Audi,Q7 45 Premium Plus,2021,68000.0,Gasoline,248.0HP 2.0L 4 Cylinder Engine Gasoline Fuel,8-Speed A/T,Blue,Black,None reported,Yes,36499.0,5,0.5367421067337245,1,11333.333333333334,0
Lexus,LX 470 Base,1999,82000.0,Gasoline,230.0HP 4.7L 8 Cylinder Engine Gasoline Fuel,A/T,White,Beige,None reported,Yes,25000.0,27,0.3048743308008439,1,2928.5714285714284,0
GMC,Terrain SLE,2022,27352.0,Gasoline,1.5L I4 16V GDI DOHC Turbo,9-Speed Automatic,Summit White,Jet Black,None reported,Yes,27785.0,4,1.0157935144225496,0,5470.4,0
Ford,Escape Limited,2012,129000.0,Gasoline,171.0HP 2.5L 4 Cylinder Engine Gasoline Fuel,A/T,White,Gray,At least 1 accident or damage reported,Yes,7000.0,14,0.05426314524693607,0,8600.0,1
Lexus,LS 460 L,2014,106731.0,Gasoline,360.0HP 4.6L 8 Cylinder Engine Gasoline Fuel,8-Speed A/T,White,Beige,At least 1 accident or damage reported,Yes,30000.0,12,0.28107783982310836,1,8210.076923076924,1
Ford,Expedition Platinum,2019,34672.0,Gasoline,400.0HP 3.5L V6 Cylinder Engine Gasoline Fuel,10-Speed A/T,White,White,None reported,Yes,45500.0,7,1.3122602601447813,0,4334.0,0
Chevrolet,Malibu LTZ,2010,55900.0,Gasoline,252.0HP 3.6L V6 Cylinder Engine Gasoline Fuel,Transmission w/Dual Shift Mode,Beige,Beige,None reported,Yes,8950.0,16,0.16010447040303394,0,3288.235294117647,0
Audi,RS 7 4.0T quattro,2023,3158.0,Gasoline,4.0L V8 32V GDI DOHC Twin Turbo,1-Speed Automatic,Daytona Gray Pearl Effect,Black / Express Red,None reported,Yes,128900.0,3,40.80405191516303,1,789.5,0
Audi,A5 2.0T Premium Plus,2015,82000.0,Gasoline,220.0HP 2.0L 4 Cylinder Engine Gasoline Fuel,8-Speed A/T,White,Brown,None reported,Yes,17000.0,11,0.20731454494457385,1,6833.333333333333,0
Genesis,G70 2.0T,2023,4785.0,Gasoline,2.0L I4 16V GDI DOHC Turbo,Automatic,Vik Black,Obsidian Black,None reported,Yes,42850.0,3,8.953196824070204,0,1196.25,0
Chevrolet,Trailblazer LS,2021,20497.0,Gasoline,1.3L I3 12V GDI DOHC Turbo,9-Speed Automatic,Pacific Blue Metallic,Black,None reported,Yes,22999.0,5,1.1220119036003513,0,3416.1666666666665,0
Scion,tC Base,2013,177600.0,Gasoline,180.0HP 2.5L 4 Cylinder Engine Gasoline Fuel,6-Speed A/T,Silver,Black,At least 1 accident or damage reported,Yes,7100.0,13,0.0399772523803357,0,12685.714285714286,1
Lincoln,MKZ Hybrid Base,2014,78568.0,Hybrid,188.0HP 2.0L 4 Cylinder Engine Gas/Electric Hybrid,A/T,Blue,Beige,None reported,Yes,15500.0,12,0.19727882498186308,0,6043.692307692308,0
Ford,Transit-350 XL,2018,95000.0,E85 Flex Fuel,275.0HP 3.7L V6 Cylinder Engine Flex Fuel Capability,A/T,White,Gray,None reported,Yes,43000.0,8,0.4526268144545847,0,10555.555555555555,0
Porsche,911 GT2 RS,2018,4529.0,Gasoline,3.8L H6 24V GDI DOHC Twin Turbo,7-Speed Automatic with Auto-Shift,Black,Black,None reported,Yes,417500.0,8,92.16335540838853,1,503.22222222222223,0
Ford,Explorer Timberline,2021,25240.0,Gasoline,2.3L I4 16V GDI DOHC Turbo,10-Speed Automatic,Gray,Ebony,At least 1 accident or damage reported,Yes,39951.0,5,1.5827819816964463,0,4206.666666666667,1
Volvo,XC90 3.2,2011,88300.0,Gasoline,235.0HP 3.2L Straight 6 Cylinder Engine Gasoline Fuel,A/T,Blue,Beige,At least 1 accident or damage reported,Yes,11500.0,15,0.13023635066420539,0,5518.75,1
Chevrolet,Avalanche LTZ,2013,98000.0,E85 Flex Fuel,320.0HP 5.3L 8 Cylinder Engine Flex Fuel Capability,6-Speed A/T,Silver,Black,At least 1 accident or damage reported,Yes,27499.0,13,0.28059917755941266,0,7000.0,1
Audi,TT RS 2.5T,2018,20675.0,Gasoline,400.0HP 2.5L 5 Cylinder Engine Gasoline Fuel,Transmission w/Dual Shift Mode,Gray,Gray,None reported,Yes,76000.0,8,3.6757593344940993,1,2297.222222222222,0
Lincoln,Navigator L,2008,95000.0,Gasoline,300.0HP 5.4L 8 Cylinder Engine Gasoline Fuel,A/T,Black,Black,None reported,Yes,10900.0,18,0.11473563436174355,0,5000.0,0
Hyundai,Elantra GLS,2010,107000.0,Gasoline,138.0HP 2.0L 4 Cylinder Engine Gasoline Fuel,4-Speed A/T,Blue,Blue,At least 1 accident or damage reported,Yes,6250.0,16,0.05841066905916767,0,6294.117647058823,1
Audi,SQ5 3.0T Premium Plus,2016,60000.0,Gasoline,354.0HP 3.0L V6 Cylinder Engine Gasoline Fuel,Transmission w/Dual Shift Mode,Black,Black,At least 1 accident or damage reported,Yes,24700.0,10,0.4116598056699055,1,5454.545454545455,1
Mitsubishi,Lancer Evolution GSR,2012,33000.0,Gasoline,291.0HP 2.0L 4 Cylinder Engine Gasoline Fuel,5-Speed M/T,Black,Black,None reported,Yes,34999.0,14,1.0605436198903064,0,2200.0,0
Tesla,Model Y Performance,2023,500.0,Gasoline,455.0HP Electric Motor Electric Fuel System,1-Speed A/T,Black,White,None reported,Yes,60000.0,3,119.76047904191617,0,125.0,0
Mercedes-Benz,Maybach S S 600,2016,108500.0,Gasoline,523.0HP 6.0L 12 Cylinder Engine Gasoline Fuel,7-Speed A/T,White,Beige,None reported,Yes,63500.0,10,0.5852480622298412,1,9863.636363636364,0
Nissan,GT-R Premium,2017,37800.0,Gasoline,565.0HP 3.8L V6 Cylinder Engine Gasoline Fuel,Transmission w/Dual Shift Mode,Orange,Orange,None reported,Yes,149500.0,9,3.954921827464882,0,3780.0,0
Mercedes-Benz,GLS 550 Base 4MATIC,2018,74422.0,Gasoline,4.7 Liter Twin Turbo,Automatic,Obsidian Black Metallic,Gray,None reported,Yes,44798.0,8,0.6019375730620911,1,8269.111111111111,0
Chevrolet,Blazer Premier,2019,55621.0,Gasoline,3.6L V6 24V GDI DOHC,9-Speed Automatic,Silver Ice Metallic,Jet Black,None reported,Yes,34562.0,7,0.6213728380856496,0,6952.625,0
Mazda,CX-9 Grand Touring,2021,46707.0,Gasoline,2.5L I4 16V GDI DOHC Turbo,6-Speed Automatic,Sonic Silver Metallic,Black,At least 1 accident or damage reported,Yes,32541.0,5,0.6966900745054381,0,7784.5,1
Ford,Expedition Max Limited,2022,26500.0,Gasoline,440.0HP 3.5L V6 Cylinder Engine Gasoline Fuel,A/T,White,Beige,None reported,Yes,65900.0,4,2.486698615146598,0,5300.0,0
Nissan,Titan XD SV,2020,10001.0,Gasoline,5.6L V8 32V GDI DOHC,9-Speed Automatic,Black,Black,None reported,Yes,47214.0,6,4.720455908818236,0,1428.7142857142858,0
Lexus,LX 570 Three-Row,2019,19050.0,Gasoline,383.0HP 5.7L 8 Cylinder Engine Gasoline Fuel,8-Speed A/T,Black,Beige,None reported,Yes,76900.0,7,4.036533515301034,1,2381.25,0
Chevrolet,Traverse Premier,2020,52000.0,Gasoline,310.0HP 3.6L V6 Cylinder Engine Gasoline Fuel,A/T,White,Black,None reported,Yes,35800.0,6,0.6884482990711717,0,7428.571428571428,0
Mercedes-Benz,Sprinter High Roof,2014,65000.0,Diesel,188.0HP 3.0L V6 Cylinder Engine Diesel Fuel,7-Speed A/T,Black,Black,At least 1 accident or damage reported,Yes,54999.0,12,0.846125444223935,1,5000.0,1
BMW,X5 3.0i,2004,140000.0,Gasoline,225.0HP 3.0L Straight 6 Cylinder Engine Gasoline Fuel,Transmission w/Dual Shift Mode,Black,Beige,None reported,Yes,6730.0,22,0.04807108520653424,1,6086.95652173913,0
Ford,Fusion SE,2018,75600.0,Gasoline,181.0HP 1.5L 4 Cylinder Engine Gasoline Fuel,A/T,Blue,Black,At least 1 accident or damage reported,Yes,14950.0,8,0.19774870702768482,0,8400.0,1
Lincoln,MKZ Base,2015,117292.0,Gasoline,240.0HP 2.0L 4 Cylinder Engine Gasoline Fuel,A/T,Beige,Beige,None reported,Yes,12000.0,11,0.10230789561184385,0,9774.333333333334,0
Ford,GT,2005,1897.0,Gasoline,5.4 Liter SC DOHC,Manual,White,–,None reported,Yes,429998.0,21,226.5532139093783,0,86.22727272727273,0
Genesis,G90 5.0 Ultimate,2017,26000.0,Gasoline,420.0HP 5.0L 8 Cylinder Engine Gasoline Fuel,Transmission w/Dual Shift Mode,White,Beige,None reported,Yes,33600.0,9,1.2922579900773048,0,2600.0,0
Lexus,LC 500 Base,2022,2071.0,Gasoline,5.0L V8 32V PDI DOHC,Automatic,Nightfall Mica,Caramel,None reported,Yes,99950.0,4,48.238416988416986,1,414.2,0
Ford,Shelby GT500 Base,2014,15629.0,Gasoline,5.8L V8 32V MPFI DOHC Supercharged,6-Speed Manual,Black,Black,None reported,Yes,61900.0,12,3.9603326935380676,0,1202.2307692307693,0
Saturn,Sky Base,2008,15020.0,Gasoline,173.0HP 2.4L 4 Cylinder Engine Gasoline Fuel,A/T,Silver,Red,None reported,Yes,18500.0,18,1.2316090806204647,0,790.5263157894736,0
Audi,RS Q8 4.0T quattro,2022,11322.0,Gasoline,4.0L V8 32V GDI DOHC Twin Turbo,8-Speed Automatic,Daytona Gray Pearl Effect,Black / Express Red,None reported,Yes,119900.0,4,10.589066501810475,1,2264.4,0
Toyota,Land Cruiser,2016,50361.0,Gasoline,5.7 Liter,Automatic,Silver,Black,None reported,Yes,65998.0,10,1.310472181406616,0,4578.272727272727,0
Mercedes-Benz,SL-Class SL 550,2013,115000.0,Gasoline,429.0HP 4.6L 8 Cylinder Engine Gasoline Fuel,Transmission w/Dual Shift Mode,Black,Black,At least 1 accident or damage reported,Yes,36000.0,13,0.3130407561673377,1,8214.285714285714,1
Porsche,911 Carrera C2S,2005,28500.0,Gasoline,355.0HP 3.8L Flat 6 Cylinder Engine Gasoline Fuel,6-Speed M/T,Silver,Black,None reported,Yes,63500.0,21,2.227992000280692,1,1295.4545454545455,0
Mercedes-Benz,AMG GLA 45 Base 4MATIC,2018,51700.0,Gasoline,375.0HP 2.0L 4 Cylinder Engine Gasoline Fuel,Transmission w/Dual Shift Mode,White,Black,None reported,Yes,32000.0,8,0.6189435407438928,1,5744.444444444444,0
Ford,Taurus X Limited,2008,148949.0,Gasoline,263.0HP 3.5L V6 Cylinder Engine Gasoline Fuel,A/T,Blue,Beige,None reported,Yes,3900.0,18,0.026183282980866064,0,7839.421052631579,0
BMW,440 Gran Coupe i,2018,39300.0,Gasoline,320.0HP 3.0L Straight 6 Cylinder Engine Gasoline Fuel,8-Speed A/T,White,Beige,At least 1 accident or damage reported,Yes,31750.0,8,0.8078674842879316,1,4366.666666666667,1
Honda,S2000 CR,2008,82323.0,Gasoline,237.0HP 2.2L 4 Cylinder Engine Gasoline Fuel,6-Speed M/T,Black,Black,None reported,Yes,28500.0,18,0.3461930907147369,0,4332.789473684211,0
Acura,Integra w/A-Spec Tech Package,2023,3574.0,Gasoline,1.5 Liter Turbo,Variable,Apex Blue,Orchid,None reported,Yes,34998.0,3,9.78965034965035,0,893.5,0
Ford,Excursion Limited,2001,109357.0,Gasoline,310.0HP 6.8L 10 Cylinder Engine Gasoline Fuel,A/T,Green,Beige,None reported,Yes,12749.0,25,0.11658040564019093,0,4206.038461538462,0
Mercedes-Benz,SL-Class SL500 Roadster,2004,46000.0,Gasoline,302.0HP 5.0L 8 Cylinder Engine Gasoline Fuel,A/T,White,Gray,None reported,Yes,18853.0,22,0.4098389165452925,1,2000.0,0
Mercedes-Benz,CLS-Class CLS 550,2007,123112.0,Gasoline,382.0HP 5.5L 8 Cylinder Engine Gasoline Fuel,A/T,Silver,Black,At least 1 accident or damage reported,Yes,104999.0,19,0.8528668783962701,1,6155.6,1
INFINITI,G35 Sport,2007,37100.0,Gasoline,306.0HP 3.5L V6 Cylinder Engine Gasoline Fuel,6-Speed M/T,Gray,Black,None reported,Yes,16900.0,19,0.4555133284817121,0,1855.0,0
Volkswagen,Golf GTI 2.0T S 4-Door,2016,89000.0,Gasoline,210.0HP 2.0L 4 Cylinder Engine Gasoline Fuel,6-Speed M/T,Silver,Black,None reported,Yes,14500.0,10,0.16291951775822744,0,8090.909090909091,0
Dodge,Challenger R/T Scat Pack,2022,1240.0,Gasoline,6.4L V8 16V MPFI OHV,8-Speed Automatic,Go Mango!,Black,None reported,Yes,53900.0,4,43.43271555197421,0,248.0,0
Lincoln,Navigator L Reserve,2019,67073.0,Gasoline,450.0HP 3.5L V6 Cylinder Engine Gasoline Fuel,10-Speed A/T,Black,Black,At least 1 accident or damage reported,Yes,47999.0,7,0.7156126069714047,0,8384.125,1
Maserati,Ghibli S Q4,2015,28700.0,Gasoline,404.0HP 3.0L V6 Cylinder Engine Gasoline Fuel,8-Speed A/T,White,Red,None reported,Yes,24900.0,11,0.8675655900491273,1,2391.6666666666665,0
Tesla,Model X Base,2023,8200.0,Gasoline,670.0HP Electric Motor Electric Fuel System,A/T,Black,Black,None reported,Yes,93999.0,3,11.461894890866967,0,2050.0,0
Mercedes-Benz,AMG G 63 Base,2018,41000.0,Gasoline,563.0HP 5.5L 8 Cylinder Engine Gasoline Fuel,Transmission w/Dual Shift Mode,Gray,Black,None reported,Yes,108900.0,8,2.6560327796883003,1,4555.555555555556,0
Ford,Expedition Limited,2018,98995.0,Gasoline,3.5 Liter GTDI,Automatic,Ingot Silver Metallic,Ebony,None reported,Yes,34998.0,8,0.3535294355327488,0,10999.444444444445,0
Volkswagen,Routan SE,2012,123815.0,Gasoline,283.0HP 3.6L V6 Cylinder Engine Gasoline Fuel,6-Speed A/T,Black,Gray,None reported,Yes,5000.0,14,0.040382503069070236,0,8254.333333333334,0
Bugatti,Veyron 16.4 Grand Sport,2011,6330.0,Gasoline,8.0L W16 64V GDI DOHC Twin Turbo,7-Speed Automatic with Auto-Shift,White,White,None reported,Yes,1950995.0,15,308.1653767177381,0,395.625,0
Toyota,Highlander XLE,2020,61341.0,Gasoline,3.5L V6 24V PDI DOHC,8-Speed Automatic,Midnight Black Metallic,Black,At least 1 accident or damage reported,Yes,34084.0,6,0.5556388771151902,0,8763.0,1
Honda,Civic LX,2016,96473.0,Gasoline,2.0L I4 16V MPFI DOHC,Automatic CVT,Black,Black,None reported,Yes,15599.0,10,0.1616912328710326,0,8770.272727272728,0
Jeep,Wrangler Unlimited Sahara,2017,66107.0,Gasoline,3.6L V6 24V MPFI DOHC,5-Speed Automatic,Black Clearcoat,Black,None reported,Yes,31331.0,9,0.4739365886125734,0,6610.7,0
Land,Rover Range Rover Supercharged,2008,114287.0,Gasoline,400.0HP 4.2L 8 Cylinder Engine Gasoline Fuel,6-Speed A/T,Black,Black,None reported,Yes,9900.0,18,0.0866232675346493,1,6015.105263157895,0
Acura,ILX 2.0L w/Premium Package,2015,75000.0,Gasoline,150.0HP 2.0L 4 Cylinder Engine Gasoline Fuel,5-Speed A/T,Gold,Beige,None reported,Yes,14500.0,11,0.19333075558992546,0,6250.0,0
BMW,M6 Base,2016,45800.0,Gasoline,560.0HP 4.4L 8 Cylinder Engine Gasoline Fuel,7-Speed A/T,Gold,Black,None reported,Yes,36800.0,10,0.803475906639593,1,4163.636363636364,0
Polestar,2 Launch Edition,2021,12172.0,Gasoline,Electric,1-Speed Automatic,Thunder Gray,Charcoal,None reported,Yes,35999.0,5,2.9572825104739997,0,2028.6666666666667,0
BMW,X6 sDrive35i,2016,70582.0,Gasoline,300.0HP 3.0L Straight 6 Cylinder Engine Gasoline Fuel,8-Speed A/T,Black,White,At least 1 accident or damage reported,Yes,35000.0,10,0.49587011036651885,1,6416.545454545455,1
Porsche,Cayman S,2014,33088.0,Gasoline,325.0HP 3.4L Flat 6 Cylinder Engine Gasoline Fuel,7-Speed A/T,Black,Black,None reported,Yes,49750.0,12,1.503520807519115,1,2545.230769230769,0
Lincoln,Corsair Grand Touring,2021,1850.0,Plug-In Hybrid,266.0HP 2.5L 4 Cylinder Engine Plug-In Electric/Gas,CVT Transmission,Silver,Beige,None reported,Yes,49000.0,5,26.472177201512697,0,308.3333333333333,0
Cadillac,DTS Luxury II,2008,94155.0,Gasoline,275.0HP 4.6L 8 Cylinder Engine Gasoline Fuel,4-Speed A/T,White,Beige,None reported,Yes,10500.0,18,0.11151705679935427,0,4955.526315789473,0
Cadillac,ATS 3.6L Luxury,2016,25000.0,Gasoline,335.0HP 3.6L V6 Cylinder Engine Gasoline Fuel,8-Speed A/T,Red,Beige,None reported,Yes,17999.0,10,0.7199312027518899,0,2272.7272727272725,0
GMC,Sierra 1500 SLT,2016,99500.0,Gasoline,355.0HP 5.3L 8 Cylinder Engine Gasoline Fuel,8-Speed A/T,Gray,Black,None reported,Yes,27995.0,10,0.28135395624164583,0,9045.454545454546,0
INFINITI,G37 x,2009,158564.0,Gasoline,328.0HP 3.7L V6 Cylinder Engine Gasoline Fuel,A/T,Blue,Beige,None reported,Yes,8750.0,17,0.055182417305206066,0,8809.111111111111,0
Ford,Transit-350 XLT,2023,20000.0,Gasoline,310.0HP 3.5L V6 Cylinder Engine Gasoline Fuel,10-Speed A/T,Black,Black,None reported,Yes,78499.0,3,3.924753762311884,0,5000.0,0
Cadillac,XTS Luxury,2018,46711.0,Gasoline,304.0HP 3.6L V6 Cylinder Engine Gasoline Fuel,6-Speed A/T,Silver,Black,At least 1 accident or damage reported,Yes,20850.0,8,0.44635211508820005,0,5190.111111111111,1
Nissan,NV Passenger NV3500 HD SL V8,2017,46496.0,Gasoline,375.0HP 5.6L 8 Cylinder Engine Gasoline Fuel,A/T,Black,Gray,None reported,Yes,41000.0,9,0.8817773189668151,0,4649.6,0
Mercedes-Benz,GLS 450 Base 4MATIC,2019,19800.0,Gasoline,362.0HP 3.0L V6 Cylinder Engine Gasoline Fuel,9-Speed A/T,Silver,Black,None reported,Yes,53800.0,7,2.717034493207414,1,2475.0,0
Toyota,Land Cruiser Base,2008,175000.0,Gasoline,381.0HP 5.7L 8 Cylinder Engine Gasoline Fuel,6-Speed A/T,Black,Beige,At least 1 accident or damage reported,Yes,37900.0,18,0.21657019102747985,0,9210.526315789473,1
Toyota,Land Cruiser Base,2016,61500.0,Gasoline,381.0HP 5.7L 8 Cylinder Engine Gasoline Fuel,8-Speed A/T,White,Black,None reported,Yes,63500.0,10,1.0325035365278614,0,5590.909090909091,0
RAM,ProMaster 2500 Window Van High Roof,2016,49750.0,Gasoline,280.0HP 3.6L V6 Cylinder Engine Gasoline Fuel,6-Speed A/T,Black,Gray,None reported,Yes,65000.0,10,1.3065064018813692,0,4522.727272727273,0
Lamborghini,Gallardo Base,2007,38800.0,Gasoline,493.0HP 5.0L 10 Cylinder Engine Gasoline Fuel,Transmission w/Dual Shift Mode,Orange,Orange,None reported,Yes,100000.0,19,2.5772531635782583,0,1940.0,0
Lincoln,MKZ Base,2011,83765.0,Gasoline,263.0HP 3.5L V6 Cylinder Engine Gasoline Fuel,A/T,Black,Black,None reported,Yes,8995.0,15,0.10738247021464556,0,5235.3125,0
Mercedes-Benz,EQS 450 4MATIC,2023,7388.0,Gasoline,355.0HP Electric Motor Electric Fuel System,1-Speed A/T,Gray,Beige,None reported,Yes,105500.0,3,14.277980782243876,1,1847.0,0
Lamborghini,Huracan Tecnica Coupe,2023,278.0,Gasoline,"5.2L V-10 gasoline direct injection, DOHC, variable valve contro",Automatic,Bianco Monocerus,Nero Ade,None reported,Yes,359991.0,3,1290.2903225806451,0,69.5,0
Alfa,Romeo Giulia Quadrifoglio,2022,1966.0,Gasoline,2.9L V6 24V GDI DOHC Twin Turbo,8-Speed Automatic,Verde,Black,None reported,Yes,75900.0,4,38.5866802236909,0,393.2,0
Chevrolet,Trailblazer LT,2021,50648.0,Gasoline,1.2L I3 12V GDI DOHC Turbo,Automatic CVT,Pacific Blue Metallic,Jet Black,None reported,Yes,23995.0,5,0.47375071571008315,0,8441.333333333334,0
Toyota,Land Cruiser Base,1993,231500.0,–,–,A/T,White,Gray,None reported,Yes,29500.0,33,0.12742925516520448,0,6808.823529411765,0
Lamborghini,Urus Base,2021,13692.0,Gasoline,641.0HP 4.0L 8 Cylinder Engine Gasoline Fuel,8-Speed A/T,Black,Red,None reported,Yes,257000.0,5,18.768713941429926,0,2282.0,0
INFINITI,G37 x,2013,60058.0,Gasoline,328.0HP 3.7L V6 Cylinder Engine Gasoline Fuel,A/T,White,Beige,At least 1 accident or damage reported,Yes,15000.0,13,0.24975440816530411,0,4289.857142857143,1
Maserati,Levante S,2017,54423.0,Gasoline,424.0HP 3.0L V6 Cylinder Engine Gasoline Fuel,8-Speed A/T,Black,Black,None reported,Yes,33950.0,9,0.6238056739673673,1,5442.3,0
Toyota,Highlander Limited,2022,24001.0,Gasoline,3.5L V6 24V PDI DOHC,8-Speed Automatic,Wind Chill Pearl,Graphite,None reported,Yes,47498.0,4,1.9789184234647113,0,4800.2,0
Nissan,Armada SL,2022,14735.0,Gasoline,5.6 Liter,Automatic,White,Black,None reported,Yes,50998.0,4,3.4607763300760044,0,2947.0,0
Audi,Q5 Premium,2023,2425.0,Hybrid,2.0 Liter TFSI,Automatic,Mythos Black,–,None reported,Yes,42998.0,3,17.723825226710634,1,606.25,0
Ford,Shelby GT500 Base,2022,2050.0,Gasoline,760.0HP 5.2L 8 Cylinder Engine Gasoline Fuel,Transmission w/Dual Shift Mode,Gray,Black,None reported,Yes,94999.0,4,46.318381277425644,0,410.0,0
Lincoln,Navigator L Reserve,2019,64855.0,Gasoline,450.0HP 3.5L V6 Cylinder Engine Gasoline Fuel,10-Speed A/T,Silver,Beige,None reported,Yes,46995.0,7,0.7246052793881831,0,8106.875,0
Mercedes-Benz,EQS 450+ Base,2022,16238.0,Gasoline,329.0HP Electric Motor Electric Fuel System,1-Speed A/T,White,Beige,None reported,Yes,62479.0,4,3.8474659769690254,1,3247.6,0
RAM,1500 Laramie,2022,18051.0,Gasoline,5.7L V8 16V MPFI OHV,Automatic,Patriot Blue Pearlcoat,Black,None reported,Yes,47995.0,4,2.6587081763793488,0,3610.2,0
Lincoln,Town Car Base,2004,36524.0,Gasoline,239.0HP 4.6L 8 Cylinder Engine Gasoline Fuel,4-Speed A/T,Black,Black,None reported,Yes,14900.0,22,0.4079397672826831,0,1588.0,0
Acura,TLX w/A-Spec Package,2022,14896.0,Gasoline,2.0 Liter DOHC Turbo,2,Lunar Silver Metallic,Ebony,None reported,Yes,39998.0,4,2.684970128213734,0,2979.2,0
Toyota,Camry Hybrid LE,2022,14048.0,Hybrid,2.5L I4 16V PDI DOHC Hybrid,Automatic CVT,Black,Black,None reported,Yes,29999.0,4,2.135312121859207,0,2809.6,0
Honda,CR-V EX,2003,224000.0,Gasoline,160.0HP 2.4L 4 Cylinder Engine Gasoline Fuel,M/T,Black,Gray,None reported,Yes,3900.0,23,0.017410636559658216,0,9333.333333333334,0
Mercedes-Benz,E-Class E 550,2014,80581.0,Gasoline,402.0HP 4.7L 8 Cylinder Engine Gasoline Fuel,Transmission w/Dual Shift Mode,Gray,Beige,None reported,Yes,26000.0,12,0.3226527015958899,1,6198.538461538462,0
Mazda,MX-5 Miata Grand Touring,2007,81400.0,Gasoline,166.0HP 2.0L 4 Cylinder Engine Gasoline Fuel,6-Speed M/T,Red,–,At least 1 accident or damage reported,Yes,11000.0,19,0.1351334750187344,0,4070.0,1
Porsche,718 Boxster Base,2019,6700.0,Gasoline,300.0HP 2.0L 4 Cylinder Engine Gasoline Fuel,7-Speed A/T,Gray,Black,None reported,Yes,63000.0,7,9.401581853454708,1,837.5,0
Ford,Transit-350 XLT,2015,143000.0,Gasoline,275.0HP 3.7L V6 Cylinder Engine Gasoline Fuel,6-Speed A/T,Silver,Gray,None reported,Yes,22500.0,11,0.15734155705204858,0,11916.666666666666,0
Kia,Sportage SX Turbo,2017,87842.0,Gasoline,2.0L I4 16V GDI DOHC Turbo,6-Speed Automatic,Black Cherry,Black,None reported,Yes,18688.0,9,0.21274318955409083,0,8784.2,0
INFINITI,G37 S Sport,2010,116451.0,Gasoline,328.0HP 3.7L V6 Cylinder Engine Gasoline Fuel,6-Speed M/T,White,Gray,None reported,Yes,16500.0,16,0.14168927970322537,0,6850.058823529412,0
Nissan,Titan XD S,2019,53677.0,Gasoline,390.0HP 5.6L 8 Cylinder Engine Gasoline Fuel,7-Speed A/T,Red,Gray,None reported,Yes,27900.0,7,0.5197660121465032,0,6709.625,0
Audi,S7 2.9T Prestige,2021,12000.0,Hybrid,444.0HP 2.9L V6 Cylinder Engine Gasoline/Mild Electric Hybrid,8-Speed A/T,Gray,Black,None reported,Yes,77500.0,5,6.457795183734689,1,2000.0,0
Land,Rover Discovery HSE,2019,20034.0,Gasoline,3.0 Liter,Automatic,Yulong White,Tan/Ebony,None reported,Yes,43998.0,7,2.1960569004242574,1,2504.25,0
Ford,Transit-350 XLT,2020,32000.0,Diesel,210.0HP 2.0L 4 Cylinder Engine Diesel Fuel,A/T,Black,Black,None reported,Yes,68000.0,6,2.1249335958251305,0,4571.428571428572,0
INFINITI,Q70 3.7,2014,70312.0,Gasoline,330.0HP 3.7L V6 Cylinder Engine Gasoline Fuel,7-Speed A/T,Black,Black,None reported,Yes,19995.0,12,0.28437131113734304,0,5408.615384615385,0
Jeep,Gladiator Rubicon,2022,8794.0,Gasoline,285.0HP 3.6L V6 Cylinder Engine Gasoline Fuel,A/T,White,Black,None reported,Yes,54000.0,4,6.139852188743604,0,1758.8,0
Lincoln,MKX Base,2010,156000.0,Gasoline,265.0HP 3.5L V6 Cylinder Engine Gasoline Fuel,6-Speed A/T,Black,Black,At least 1 accident or damage reported,Yes,5900.0,16,0.03782027038288216,0,9176.470588235294,1
Porsche,911 Carrera 4S,2020,25568.0,Gasoline,3.0L H6 24V GDI DOHC Twin Turbo,7-Speed Manual,Red,Black,None reported,Yes,134999.0,6,5.279791935546951,1,3652.5714285714284,0
Mercedes-Benz,AMG C 43 Base 4MATIC,2018,67100.0,Gasoline,362.0HP 3.0L V6 Cylinder Engine Gasoline Fuel,Transmission w/Dual Shift Mode,Gray,Black,At least 1 accident or damage reported,Yes,34250.0,8,0.5104245838363065,1,7455.555555555556,1
Porsche,Cayman Base,2014,52000.0,Gasoline,275.0HP 2.7L Flat 6 Cylinder Engine Gasoline Fuel,Transmission w/Dual Shift Mode,Blue,Beige,At least 1 accident or damage reported,Yes,37000.0,12,0.7115247783696468,1,4000.0,1
Acura,MDX 3.7L Advance,2011,137200.0,Gasoline,300.0HP 3.7L V6 Cylinder Engine Gasoline Fuel,Transmission w/Dual Shift Mode,White,Gray,None reported,Yes,12000.0,15,0.08746291936647692,0,8575.0,0
Volkswagen,Golf R 4-Door w/DCC & Navigation,2018,36000.0,Gasoline,292.0HP 2.0L 4 Cylinder Engine Gasoline Fuel,7-Speed A/T,White,Black,At least 1 accident or damage reported,Yes,32000.0,8,0.8888641982167163,0,4000.0,1
Kia,Forte GT-Line,2023,15500.0,Gasoline,147.0HP 2.0L 4 Cylinder Engine Gasoline Fuel,CVT Transmission,White,Black,At least 1 accident or damage reported,Yes,24500.0,3,1.5805431907618863,0,3875.0,1
BMW,M8 Competition,2020,10906.0,Gasoline,4.4 Liter Twin Turbo,Automatic,Donington Grey Metallic,Black,None reported,Yes,96998.0,6,8.893187861006693,1,1558.0,0
Lincoln,MKC Select,2019,49814.0,Gasoline,2.0L I4 16V GDI DOHC Turbo,6-Speed Automatic,Ruby Red Metallic Tinted Clearcoat,Cappuccino,None reported,Yes,26545.0,7,0.5328716250125464,0,6226.75,0
BMW,i8 Base,2015,846.0,Plug-In Hybrid,357.0HP 1.5L 3 Cylinder Engine Plug-In Electric/Gas,A/T,White,White,None reported,Yes,86999.0,11,102.71428571428571,1,70.5,0
Toyota,Highlander XLE,2021,67039.0,Gasoline,3.5L V6 24V PDI DOHC,8-Speed Automatic,Blue,Black,None reported,Yes,34645.0,5,0.5167810262529833,0,11173.166666666666,0
Mazda,CX-30 Premium Package,2023,2636.0,Gasoline,2.5L I4 16V,6-Speed Automatic,Platinum Quartz Metallic,Black,None reported,Yes,28535.0,3,10.821008722032612,0,659.0,0
Porsche,Cayenne Platinum Edition,2018,50166.0,Gasoline,3.6L V6 24V GDI DOHC,8-Speed Automatic,White,Black,At least 1 accident or damage reported,Yes,43550.0,8,0.8681005441824307,1,5574.0,1
Lincoln,MKZ Reserve,2017,37375.0,Gasoline,400.0HP 3.0L V6 Cylinder Engine Gasoline Fuel,6-Speed A/T,Blue,Brown,None reported,Yes,27500.0,9,0.7357662671232876,0,3737.5,0
Tesla,Model 3 Standard Range Plus,2021,21600.0,Gasoline,271.0HP Electric Motor Electric Fuel System,A/T,White,Black,None reported,Yes,31000.0,5,1.4351187445025693,0,3600.0,0
Porsche,718 Cayman S,2019,9500.0,Gasoline,350.0HP 2.5L 4 Cylinder Engine Gasoline Fuel,7-Speed A/T,Red,Black,At least 1 accident or damage reported,Yes,69000.0,7,7.262393432270287,1,1187.5,1
Chevrolet,Corvette Base,2005,143095.0,Gasoline,400.0HP 6.0L 8 Cylinder Engine Gasoline Fuel,4-Speed A/T,Red,Black,None reported,Yes,16000.0,21,0.11181304858276961,0,6504.318181818182,0
Acura,RSX Type S,2002,80000.0,Gasoline,200.0HP 2.0L 4 Cylinder Engine Gasoline Fuel,6-Speed M/T,Beige,Beige,At least 1 accident or damage reported,Yes,8500.0,24,0.10624867189160135,0,3200.0,1
Ferrari,Roma Base,2021,3000.0,Gasoline,611.0HP 3.9L 8 Cylinder Engine Gasoline Fuel,8-Speed A/T,Blue,Brown,None reported,Yes,275000.0,5,91.63612129290236,0,500.0,0
Porsche,Cayman S,2007,5856.0,Gasoline,295.0HP 3.4L Flat 6 Cylinder Engine Gasoline Fuel,6-Speed M/T,Black,Black,None reported,Yes,45000.0,19,7.683114222298105,1,292.8,0
Rolls-Royce,Phantom Drophead Coupe Drophead,2013,2958.0,Gasoline,6.8L V12 48V GDI DOHC,8-Speed Automatic,Yellow,–,None reported,Yes,488880.0,13,165.21797904697533,0,211.28571428571428,0
Audi,SQ7 4.0T,2022,28927.0,Gasoline,4.0L V8 32V GDI DOHC Twin Turbo,Automatic,Matador Red Metallic,Black,None reported,Yes,74900.0,4,2.5891869469026547,1,5785.4,0
Mercedes-Benz,AMG GLS 63 4MATIC,2022,4102.0,Hybrid,603.0HP 4.0L 8 Cylinder Engine Gasoline/Mild Electric Hybrid,9-Speed A/T,Black,Black,None reported,Yes,144664.0,4,35.258103826468435,1,820.4,0
Honda,Ridgeline RTL-E,2021,14442.0,Gasoline,280.0HP 3.5L V6 Cylinder Engine Gasoline Fuel,9-Speed A/T,White,Beige,None reported,Yes,38500.0,5,2.6656511805026657,0,2407.0,0
Mercedes-Benz,CLK-Class 500 Cabriolet,2005,64000.0,Gasoline,302.0HP 5.0L 8 Cylinder Engine Gasoline Fuel,7-Speed A/T,Silver,Black,None reported,Yes,12995.0,21,0.20304370244214934,1,2909.090909090909,0
Lexus,GX 470 Base,2004,154000.0,Gasoline,235.0HP 4.7L 8 Cylinder Engine Gasoline Fuel,A/T,White,Beige,At least 1 accident or damage reported,Yes,10000.0,22,0.06493464328153713,1,6695.652173913043,1
Lexus,NX 200t Base,2015,54000.0,Gasoline,235.0HP 2.0L 4 Cylinder Engine Gasoline Fuel,6-Speed A/T,White,Black,None reported,Yes,27000.0,11,0.49999074091220536,1,4500.0,0
Dodge,Dakota SLT Quad Cab,2007,232492.0,Gasoline,210.0HP 3.7L V6 Cylinder Engine Gasoline Fuel,4-Speed A/T,Silver,Gray,At least 1 accident or damage reported,Yes,6000.0,19,0.025807228604732186,0,11624.6,1
Maserati,Ghibli S Q4 GranSport,2020,25721.0,Gasoline,3.0L V6 24V GDI DOHC Twin Turbo,8-Speed Automatic,Blu,Nero,None reported,Yes,52645.0,6,2.046691548091128,1,3674.4285714285716,0
Land,Rover Discovery Sport SE R-Dynamic,2020,20927.0,Gasoline,2.0 Liter,Automatic,Fuji White,–,None reported,Yes,35998.0,6,1.7200879204892967,1,2989.5714285714284,0
Aston,Martin DBX Base,2021,2353.0,Gasoline,4.0L V8 32V GDI DOHC Twin Turbo,9-Speed Automatic,Green,Sahara Tan,None reported,Yes,159500.0,5,67.75700934579439,0,392.1666666666667,0
Audi,Q3 45 S line Premium,2022,9325.0,Gasoline,2.0L I4 16V GDI DOHC Turbo,8-Speed Automatic,Mythos Black Metallic,Black,None reported,Yes,33610.0,4,3.6039030666952607,1,1865.0,0
Ford,Explorer XLT,2020,61001.0,Gasoline,2.3L I4 16V GDI DOHC Turbo,10-Speed Automatic,Gray,Ebony,At least 1 accident or damage reported,Yes,28616.0,6,0.46909937379102323,0,8714.42857142857,1
Mercedes-Benz,AMG GLC 63 Base 4MATIC,2018,71962.0,Gasoline,469.0HP 4.0L 8 Cylinder Engine Gasoline Fuel,9-Speed A/T,White,Black,None reported,Yes,46900.0,8,0.651723802509623,1,7995.777777777777,0
Subaru,BRZ Premium,2023,5800.0,Gasoline,228.0HP 2.4L 4 Cylinder Engine Gasoline Fuel,6-Speed M/T,Black,Black,None reported,Yes,29990.0,3,5.169798310636097,0,1450.0,0
BMW,640 i,2016,40080.0,Gasoline,315.0HP 3.0L Straight 6 Cylinder Engine Gasoline Fuel,8-Speed A/T,Black,Black,None reported,Yes,28499.0,10,0.7110351538135276,1,3643.6363636363635,0
Kia,Stinger GT2,2020,57000.0,Gasoline,365.0HP 3.3L V6 Cylinder Engine Gasoline Fuel,A/T,Black,Red,At least 1 accident or damage reported,Yes,36500.0,6,0.640339643164155,0,8142.857142857143,1
Chevrolet,Bolt EUV Premier,2022,7624.0,Gasoline,Electric,1-Speed Automatic,Mosaic Black Metallic,Jet Black,None reported,Yes,31985.0,4,4.194754098360656,0,1524.8,0
Subaru,Forester 2.5 XT,2004,122000.0,Gasoline,210.0HP 2.5L 4 Cylinder Engine Gasoline Fuel,5-Speed M/T,Gold,Black,At least 1 accident or damage reported,Yes,9999.0,22,0.08195834460373276,0,5304.347826086957,1
Kia,Sportage X-Pro,2023,459.0,Gasoline,2.5L I4 16V PDI DOHC,8-Speed Automatic,Jungle Green,Black,None reported,Yes,36998.0,3,80.4304347826087,0,114.75,0
BMW,M4 Base,2016,62500.0,Gasoline,425.0HP 3.0L Straight 6 Cylinder Engine Gasoline Fuel,7-Speed A/T,Black,Orange,At least 1 accident or damage reported,Yes,40500.0,10,0.6479896321658853,1,5681.818181818182,1
Hyundai,Equus Signature,2013,72000.0,Gasoline,429.0HP 5.0L 8 Cylinder Engine Gasoline Fuel,8-Speed A/T,Silver,Black,None reported,Yes,17500.0,13,0.24305217983083569,0,5142.857142857143,0
Mercedes-Benz,AMG E 53 4MATIC,2020,8375.0,Gasoline,"AMG 3L I-6 gasoline direct injection, DOHC, variable valve contr","Automatic, 9-Spd 9G-Tronic",BLACK,BLACK,None reported,Yes,69900.0,6,8.345272206303726,1,1196.4285714285713,0
BMW,M550 i xDrive,2020,40000.0,Gasoline,523.0HP 4.4L 8 Cylinder Engine Gasoline Fuel,Transmission w/Dual Shift Mode,Blue,Black,None reported,Yes,53000.0,6,1.3249668758281044,1,5714.285714285715,0
Subaru,Impreza WRX STI,2014,77000.0,Gasoline,305.0HP 2.5L 4 Cylinder Engine Gasoline Fuel,6-Speed M/T,Gray,Black,At least 1 accident or damage reported,Yes,30000.0,12,0.38960532980091167,0,5923.076923076923,1
Mercedes-Benz,AMG G 63 Base,2019,19593.0,Gasoline,4.0 Liter Twin Turbo,Automatic,Black,Black,None reported,Yes,159998.0,7,8.165662958048381,1,2449.125,0
Mazda,Mazda6 Grand Touring,2020,35902.0,Gasoline,2.5L I4 16V GDI DOHC Turbo,6-Speed Automatic,Deep Crystal Blue Mica,Black,None reported,Yes,22966.0,6,0.6396679943180236,0,5128.857142857143,0
Hyundai,Veloster Base,2013,800.0,Gasoline,132.0HP 1.6L 4 Cylinder Engine Gasoline Fuel,Transmission w/Dual Shift Mode,Black,Gray,None reported,Yes,9800.0,13,12.234706616729088,0,57.142857142857146,0
Bentley,Bentayga S,2023,2600.0,Gasoline,4.0L V8 32V GDI DOHC Twin Turbo,8-Speed Automatic,Beluga Black,Hotspur,None reported,Yes,239995.0,3,92.27028066128412,1,650.0,0
Land,Rover Defender X-Dynamic SE,2023,6204.0,Hybrid,3.0 Liter,Automatic,Eiger Grey,–,None reported,Yes,79998.0,3,12.892506043513295,1,1551.0,0
Kia,Telluride SX,2020,69185.0,Gasoline,3.8L V6 24V GDI DOHC,8-Speed Automatic,Ebony Black,Gray,None reported,Yes,37405.0,6,0.5406440609371839,0,9883.57142857143,0
Maserati,GranTurismo Sport,2015,45000.0,Gasoline,454.0HP 4.7L 8 Cylinder Engine Gasoline Fuel,6-Speed A/T,Black,Black,None reported,Yes,41900.0,11,0.9310904202128841,1,3750.0,0
BMW,540 i xDrive,2020,37426.0,Gasoline,2.0 Liter Turbo,Automatic,White,Black,None reported,Yes,39998.0,6,1.0686937237822962,1,5346.571428571428,0
INFINITI,M56 Base,2011,137000.0,Gasoline,420.0HP 5.6L 8 Cylinder Engine Gasoline Fuel,Transmission w/Dual Shift Mode,Gray,Brown,At least 1 accident or damage reported,Yes,8500.0,15,0.062043342749323,0,8562.5,1
Mazda,Mazda3 s Grand Touring,2016,85000.0,–,–,A/T,Black,Black,At least 1 accident or damage reported,Yes,18500.0,10,0.21764449830002,0,7727.272727272727,1
Chevrolet,Corvette Stingray w/1LT,2023,4000.0,Gasoline,490.0HP 6.2L 8 Cylinder Engine Gasoline Fuel,8-Speed A/T,Black,Red,At least 1 accident or damage reported,Yes,73900.0,3,18.4703824043989,0,1000.0,1
Audi,Q5 S line Premium Plus,2023,4648.0,Hybrid,2.0 Liter TFSI,Automatic,Mythos Black,Black,None reported,Yes,47598.0,3,10.238330823833083,1,1162.0,0
Lexus,GX 460 Base,2018,52100.0,Gasoline,301.0HP 4.6L 8 Cylinder Engine Gasoline Fuel,6-Speed A/T,White,Beige,None reported,Yes,38000.0,8,0.7293526035968599,1,5788.888888888889,0
BMW,X1 sDrive28i,2014,50100.0,Gasoline,240.0HP 2.0L 4 Cylinder Engine Gasoline Fuel,A/T,Brown,Beige,None reported,Yes,10795.0,12,0.21546476118241153,1,3853.846153846154,0
Alfa,Romeo Stelvio Ti,2020,41000.0,Gasoline,280.0HP 2.0L 4 Cylinder Engine Gasoline Fuel,8-Speed A/T,White,Black,None reported,Yes,32400.0,6,0.7902246286675935,0,5857.142857142857,0
RAM,1500 Big Horn,2021,70968.0,Gasoline,395.0HP 5.7L 8 Cylinder Engine Gasoline Fuel,8-Speed A/T,Black,Black,None reported,Yes,34000.0,5,0.4790824162662571,0,11828.0,0
BMW,M4 Base,2015,26600.0,Gasoline,425.0HP 3.0L Straight 6 Cylinder Engine Gasoline Fuel,A/T,White,–,None reported,Yes,53000.0,11,1.9924063005150183,1,2216.6666666666665,0
Tesla,Model X Long Range,2022,15443.0,Gasoline,670.0HP Electric Motor Electric Fuel System,1-Speed A/T,Red,Black,None reported,Yes,84500.0,4,5.4713804713804715,0,3088.6,0
Volvo,S90 T5 Momentum,2018,95000.0,Gasoline,250.0HP 2.0L 4 Cylinder Engine Gasoline Fuel,8-Speed A/T,White,Beige,None reported,Yes,18000.0,8,0.1894716897716866,0,10555.555555555555,0
Subaru,Impreza WRX Sti,2005,94000.0,Gasoline,300.0HP 2.5L 4 Cylinder Engine Gasoline Fuel,6-Speed M/T,Black,Blue,None reported,Yes,19500.0,21,0.2074446016531739,0,4272.727272727273,0
BMW,X6 xDrive40i,2020,45076.0,Gasoline,3.0 Liter Turbo,Automatic,Blue,Black,None reported,Yes,57998.0,6,1.286642855558267,1,6439.428571428572,0
Cadillac,CTS 2.0L Turbo Luxury,2014,110000.0,Gasoline,272.0HP 2.0L 4 Cylinder Engine Gasoline Fuel,A/T,Gold,Beige,None reported,Yes,11000.0,12,0.0999990909173553,0,8461.538461538461,0
Land,Rover Discovery Sport HSE,2016,49083.0,Gasoline,2.0L I4 16V GDI DOHC Turbo,9-Speed Automatic,Indus Silver,Ebony,None reported,Yes,21590.0,10,0.43985820226550404,1,4462.090909090909,0
Genesis,G90 5.0 Ultimate,2017,63500.0,Gasoline,420.0HP 5.0L 8 Cylinder Engine Gasoline Fuel,Transmission w/Dual Shift Mode,Silver,Black,None reported,Yes,27500.0,9,0.43306404623549233,0,6350.0,0
Mercedes-Benz,CLK-Class CLK 350,2009,21500.0,Gasoline,268.0HP 3.5L V6 Cylinder Engine Gasoline Fuel,A/T,Black,Black,At least 1 accident or damage reported,Yes,18000.0,17,0.8371703641691084,1,1194.4444444444443,1
Land,Rover Range Rover Autobiography,2023,324.0,Gasoline,4.4 Liter,Automatic,Black,Blk,None reported,Yes,199998.0,3,615.3784615384616,1,81.0,0
Kia,Optima EX,2019,68166.0,Gasoline,"1.6L I-4 gasoline direct injection, DOHC, variable valve control",Automatic,Ebony Black,Black,None reported,Yes,20818.0,7,0.30539703962327813,0,8520.75,0
Toyota,Highlander SE,2018,53607.0,Gasoline,3.5L V6 24V PDI DOHC,8-Speed Automatic,Midnight Black Metallic,Black,At least 1 accident or damage reported,Yes,31853.0,8,0.5941837039247874,0,5956.333333333333,1
Mercedes-Benz,Sprinter 4500 High Roof,2019,16813.0,Diesel,188.0HP 3.0L V6 Cylinder Engine Diesel Fuel,Transmission w/Dual Shift Mode,Gray,Black,None reported,Yes,45900.0,7,2.7298679671702155,1,2101.625,0
BMW,X1 xDrive28i,2020,18200.0,Gasoline,228.0HP 2.0L 4 Cylinder Engine Gasoline Fuel,A/T,White,Beige,At least 1 accident or damage reported,Yes,29500.0,6,1.6207900664798638,1,2600.0,1
Audi,R8 5.2,2015,51000.0,Gasoline,550.0HP 5.2L 10 Cylinder Engine Gasoline Fuel,Transmission w/Dual Shift Mode,White,Black,At least 1 accident or damage reported,Yes,102000.0,11,1.9999607850826455,1,4250.0,1
Audi,S3 2.0T Tech Premium Plus,2018,16400.0,Gasoline,292.0HP 2.0L 4 Cylinder Engine Gasoline Fuel,A/T,Blue,Red,None reported,Yes,42800.0,8,2.609596975794159,1,1822.2222222222222,0
Toyota,Tundra Hybrid TRD Pro,2022,7000.0,Hybrid,437.0HP 3.4L V6 Cylinder Engine Gas/Electric Hybrid,10-Speed A/T,Orange,–,None reported,Yes,75500.0,4,10.784173689472933,0,1400.0,0
Audi,SQ5 3.0T Premium Plus,2022,8497.0,Gasoline,3.0L V6 24V GDI DOHC Turbo,Automatic,Ibis White,Black,None reported,Yes,52900.0,4,6.22499411626265,1,1699.4,0
Audi,A6 2.0T Premium Plus,2016,68000.0,Gasoline,252.0HP 2.0L 4 Cylinder Engine Gasoline Fuel,Transmission w/Dual Shift Mode,White,Black,At least 1 accident or damage reported,Yes,20000.0,10,0.2941133218629138,1,6181.818181818182,1
Lamborghini,Huracan EVO Base,2022,2523.0,Gasoline,5.2L V10 40V GDI DOHC,7-Speed Manual,Bianco Icarus Metallic,Nero Ade,None reported,Yes,288900.0,4,114.46117274167987,0,504.6,0
BMW,328 xi,2007,83000.0,Gasoline,230.0HP 3.0L Straight 6 Cylinder Engine Gasoline Fuel,6-Speed A/T,Black,Brown,None reported,Yes,8995.0,19,0.1083721882868881,1,4150.0,0
Audi,SQ5 3.0T Prestige,2018,25000.0,Gasoline,354.0HP 3.0L V6 Cylinder Engine Gasoline Fuel,8-Speed A/T,Gray,Black,None reported,Yes,50000.0,8,1.999920003199872,1,2777.777777777778,0
Cadillac,Escalade Sport Platinum,2021,15689.0,Diesel,3.0L I6 24V DDI DOHC Turbo Diesel,10-Speed Automatic,Infrared Tintcoat,Jet Black,None reported,Yes,97952.0,5,6.24295729764181,0,2614.8333333333335,0
BMW,M235 i,2014,125450.0,Gasoline,320.0HP 3.0L Straight 6 Cylinder Engine Gasoline Fuel,6-Speed M/T,Blue,Black,None reported,Yes,17200.0,12,0.13710532399104033,1,9650.0,0
Kia,Telluride SX,2023,9822.0,Gasoline,3.8L V6 24V GDI DOHC,8-Speed Automatic,Midnight Black,Gray,None reported,Yes,50998.0,3,5.191692965489158,0,2455.5,0
Chevrolet,Express 3500 Base,2008,144000.0,Gasoline,323.0HP 6.0L 8 Cylinder Engine Gasoline Fuel,A/T,White,Gray,None reported,Yes,22000.0,18,0.15277671682835536,0,7578.9473684210525,0
GMC,Acadia SLE,2020,30900.0,Gasoline,2.5L I4 16V GDI DOHC,9-Speed Automatic,Summit White,Jet Black,None reported,Yes,27654.0,6,0.8949224944176564,0,4414.285714285715,0
BMW,X3 xDrive30i,2021,2492.0,Gasoline,2.0 Liter Turbo,Automatic,Phytonic Blue Metallic,Canberra Beige/Black,None reported,Yes,41598.0,5,16.685920577617328,1,415.3333333333333,0
Audi,TT 2.0T,2015,126760.0,Gasoline,211.0HP 2.0L 4 Cylinder Engine Gasoline Fuel,A/T,Black,Black,At least 1 accident or damage reported,Yes,14000.0,11,0.11044406402600168,1,10563.333333333334,1
Subaru,Outback 3.6R Touring,2017,100680.0,Gasoline,256.0HP 3.6L Flat 6 Cylinder Engine Gasoline Fuel,A/T,Brown,–,None reported,Yes,20500.0,9,0.2036133927950656,0,10068.0,0
Mitsubishi,Eclipse Spyder GS,2001,90400.0,Gasoline,140.0HP 2.4L 4 Cylinder Engine Gasoline Fuel,A/T,Red,–,None reported,Yes,4495.0,25,0.049722901295339655,0,3476.923076923077,0
Hyundai,Santa Fe SEL,2022,26895.0,Gasoline,2.5L I4 16V PDI DOHC,8-Speed Automatic,Quartz White,Black,None reported,Yes,29800.0,4,1.1079714455681142,0,5379.0,0
BMW,M5 Base,2018,20500.0,Gasoline,600.0HP 4.4L 8 Cylinder Engine Gasoline Fuel,8-Speed A/T,Silver,Black,None reported,Yes,67000.0,8,3.2681332617921077,1,2277.777777777778,0
Dodge,Ram 1500 ST,2011,134000.0,Gasoline,390.0HP 5.7L 8 Cylinder Engine Gasoline Fuel,A/T,Black,Gray,At least 1 accident or damage reported,Yes,10500.0,15,0.07835762419683436,0,8375.0,1
Ford,Fusion Energi Titanium,2015,84352.0,Plug-In Hybrid,188.0HP 2.0L 4 Cylinder Engine Plug-In Electric/Gas,CVT Transmission,Blue,Black,At least 1 accident or damage reported,Yes,10000.0,11,0.11854942918449847,0,7029.333333333333,1
Toyota,Tundra Hybrid TRD Pro,2022,19000.0,Hybrid,437.0HP 3.4L V6 Cylinder Engine Gas/Electric Hybrid,10-Speed A/T,Orange,Black,None reported,Yes,71000.0,4,3.7366454397136994,0,3800.0,0
Land,Rover Range Rover Evoque Pure,2015,115550.0,Gasoline,240.0HP 2.0L 4 Cylinder Engine Gasoline Fuel,9-Speed A/T,White,Black,None reported,Yes,17500.0,11,0.151448278249431,1,9629.166666666666,0
Lincoln,Navigator Base,2009,191775.0,E85 Flex Fuel,310.0HP 5.4L 8 Cylinder Engine Flex Fuel Capability,6-Speed A/T,White,Beige,At least 1 accident or damage reported,Yes,9750.0,17,0.05084056399132321,0,10654.166666666666,1
Ford,Mustang Mach-E Select,2023,923.0,Gasoline,Standard Range Battery,Automatic,Rapid Red Metallic Tinted Clearcoat,Black Onyx,None reported,Yes,46998.0,3,50.86363636363637,0,230.75,0
Mercedes-Benz,Sprinter 3500 High Roof,2017,124630.0,Diesel,188.0HP 3.0L V6 Cylinder Engine Diesel Fuel,5-Speed A/T,Black,Black,None reported,Yes,75000.0,9,0.6017764440628736,1,12463.0,0
Mercedes-Benz,AMG E 63 S 4MATIC,2019,17000.0,Gasoline,603.0HP 4.0L 8 Cylinder Engine Gasoline Fuel,9-Speed A/T,White,Brown,None reported,Yes,95000.0,7,5.58790659372978,1,2125.0,0
BMW,440 i xDrive,2018,73500.0,Gasoline,320.0HP 3.0L Straight 6 Cylinder Engine Gasoline Fuel,A/T,Black,Blue,None reported,Yes,32000.0,8,0.4353682262826356,1,8166.666666666667,0
Acura,Integra LS,1998,120000.0,Gasoline,140.0HP 1.8L 4 Cylinder Engine Gasoline Fuel,4-Speed A/T,Red,–,At least 1 accident or damage reported,Yes,5500.0,28,0.04583295139207173,0,4137.931034482759,1
Audi,Q7 55 Prestige,2019,73837.0,Gasoline,3.0L V6 24V GDI DOHC Supercharged,8-Speed Automatic,Cobra Beige Metallic,Nougat Brown,None reported,Yes,36340.0,7,0.4921585091687207,1,9229.625,0
BMW,M6 Base,2014,29500.0,Gasoline,560.0HP 4.4L 8 Cylinder Engine Gasoline Fuel,Transmission w/Dual Shift Mode,Silver,Black,None reported,Yes,40999.0,12,1.3897495000169486,1,2269.230769230769,0
Volkswagen,Arteon 2.0T SE,2021,13613.0,Gasoline,2.0 Liter TSI,Automatic,Pure White,Titan Black,None reported,Yes,29798.0,5,2.188776259732628,0,2268.8333333333335,0
Lexus,LX 600 F SPORT,2023,1185.0,Gasoline,409.0HP 3.4L V6 Cylinder Engine Gasoline Fuel,10-Speed A/T,Black,Black,None reported,Yes,120990.0,3,102.01517706576729,1,296.25,0
INFINITI,Q40 Base,2015,143250.0,Gasoline,328.0HP 3.7L V6 Cylinder Engine Gasoline Fuel,Transmission w/Dual Shift Mode,Silver,Black,None reported,Yes,11500.0,11,0.08027867170211726,0,11937.5,0
BMW,Z4 3.0i Roadster,2006,46508.0,Gasoline,215.0HP 3.0L Straight 6 Cylinder Engine Gasoline Fuel,Transmission w/Dual Shift Mode,Green,Beige,At least 1 accident or damage reported,Yes,11500.0,20,0.2472639704143284,1,2214.6666666666665,1
BMW,M6 Base,2015,18651.0,Gasoline,560.0HP 4.4L 8 Cylinder Engine Gasoline Fuel,Transmission w/Dual Shift Mode,Red,Black,None reported,Yes,59549.0,11,3.192633497748231,1,1554.25,0
BMW,X3 M40i,2019,36438.0,Gasoline,3.0 Liter Turbo,Automatic,Alpine White,Oyster W/Contrast,None reported,Yes,39998.0,7,1.0976700787617661,1,4554.75,0
Kia,Sorento LX,2014,46628.0,Gasoline,2.4L I4 16V GDI DOHC,6-Speed Automatic,Snow White Pearl,Beige,None reported,Yes,15363.0,12,0.3294730746960046,0,3586.769230769231,0
Rivian,R1S Adventure Package,2023,5700.0,Gasoline,835.0HP Electric Motor Electric Fuel System,1-Speed A/T,Gray,White,None reported,Yes,95000.0,3,16.66374320294685,0,1425.0,0
BMW,Z4 sDrive28i,2015,57550.0,Gasoline,240.0HP 2.0L 4 Cylinder Engine Gasoline Fuel,6-Speed M/T,Black,White,None reported,Yes,29995.0,11,0.5211899011311706,1,4795.833333333333,0
Cadillac,CTS-V Base,2017,48600.0,Gasoline,640.0HP 6.2L 8 Cylinder Engine Gasoline Fuel,Transmission w/Dual Shift Mode,Black,Black,None reported,Yes,60999.0,9,1.2550976317359726,0,4860.0,0
Ford,Transit Connect XL,2020,119000.0,Gasoline,169.0HP 2.5L 4 Cylinder Engine Gasoline Fuel,A/T,White,Black,None reported,Yes,18000.0,6,0.1512592331156881,0,17000.0,0
Land,Rover Range Rover Velar SVAutobiography Dynamic Edition,2020,36500.0,Gasoline,550.0HP 5.0L 8 Cylinder Engine Gasoline Fuel,Transmission w/Dual Shift Mode,White,Red,None reported,Yes,72000.0,6,1.9725486972959645,1,5214.285714285715,0
Lexus,IS 250 Base,2010,121250.0,Gasoline,204.0HP 2.5L V6 Cylinder Engine Gasoline Fuel,6-Speed A/T,Black,White,At least 1 accident or damage reported,Yes,13250.0,16,0.10927744925815044,1,7132.35294117647,1
BMW,X7 xDrive40i,2023,2437.0,Hybrid,375.0HP 3.0L Straight 6 Cylinder Engine Gasoline/Mild Electric Hybrid,Transmission w/Dual Shift Mode,Gray,Black,None reported,Yes,78350.0,3,32.13699753896637,1,609.25,0
Volvo,XC90 T6 Momentum,2018,110380.0,Gasoline,316.0HP 2.0L 4 Cylinder Engine Gasoline Fuel,A/T,Gray,Beige,At least 1 accident or damage reported,Yes,22000.0,8,0.19930966380083528,0,12264.444444444445,1
Hyundai,Tucson Limited,2008,149000.0,Gasoline,173.0HP 2.7L V6 Cylinder Engine Gasoline Fuel,4-Speed A/T,Black,Gray,None reported,Yes,3850.0,18,0.02583875276004859,0,7842.105263157895,0
Dodge,Durango GT,2021,14684.0,Gasoline,3.6L V6 24V MPFI DOHC,8-Speed Automatic,DB Black Clearcoat,Black,None reported,Yes,37995.0,5,2.5873340143003065,0,2447.3333333333335,0
Mercedes-Benz,AMG C 43 Base 4MATIC,2017,39000.0,Gasoline,362.0HP 3.0L V6 Cylinder Engine Gasoline Fuel,9-Speed A/T,White,Black,At least 1 accident or damage reported,Yes,39000.0,9,0.9999743596318044,1,3900.0,1
GMC,Yukon XL SLT,2019,65212.0,Gasoline,5.3L V8 16V GDI OHV,Automatic,Summit White,Jet Black,None reported,Yes,42995.0,7,0.65930105960468,0,8151.5,0
Audi,RS Q8 4.0T,2020,41856.0,Gasoline,591.0HP 4.0L 8 Cylinder Engine Gasoline Fuel,Transmission w/Dual Shift Mode,Gray,Black,None reported,Yes,91500.0,6,2.18601428673818,1,5979.428571428572,0
Rivian,R1S Adventure Package,2023,655.0,Gasoline,835.0HP Electric Motor Electric Fuel System,1-Speed A/T,Red,Silver,None reported,Yes,94500.0,3,144.0548780487805,0,163.75,0
Toyota,RAV4 Hybrid XLE,2019,54000.0,Hybrid,219.0HP 2.5L 4 Cylinder Engine Gas/Electric Hybrid,CVT Transmission,Gray,Gray,None reported,Yes,33000.0,7,0.6110997944482509,0,6750.0,0
Alfa,Romeo Stelvio Quadrifoglio,2019,26500.0,Gasoline,505.0HP 2.9L V6 Cylinder Engine Gasoline Fuel,8-Speed A/T,Gray,Black,None reported,Yes,53900.0,7,2.033885513754198,0,3312.5,0
Land,Rover Range Rover Evoque SE,2020,38356.0,Gasoline,2.0 Liter,Automatic,Firenze Red Metallic,Ebony,None reported,Yes,36598.0,6,0.9541413562061684,1,5479.428571428572,0
Alfa,Romeo Stelvio Ti Sport,2020,21487.0,Gasoline,2.0L I4 16V GDI SOHC Turbo,8-Speed Automatic,Anodized Blue Metallic,Ice,None reported,Yes,35345.0,6,1.6448715562174236,0,3069.5714285714284,0
Cadillac,Escalade EXT Base,2007,99000.0,Gasoline,403.0HP 6.2L 8 Cylinder Engine Gasoline Fuel,6-Speed A/T,Black,Black,None reported,Yes,22999.0,19,0.23231078473954808,0,4950.0,0
Ford,F-250 Lariat,2019,35597.0,E85 Flex Fuel,6.2L V8 16V MPFI SOHC Flexible Fuel,6-Speed Automatic,Black,Black,None reported,Yes,47756.0,7,1.3415360413506376,0,4449.625,0
Nissan,350Z Enthusiast,2005,130307.0,Gasoline,287.0HP 3.5L V6 Cylinder Engine Gasoline Fuel,5-Speed A/T,Blue,Black,None reported,Yes,9950.0,21,0.07635755287472756,0,5923.045454545455,0
Subaru,Legacy 2.5 i Premium,2010,178000.0,Gasoline,170.0HP 2.5L 4 Cylinder Engine Gasoline Fuel,A/T,Blue,Black,None reported,Yes,7600.0,16,0.04269638934612727,0,10470.588235294117,0
Honda,Civic LX,2003,160265.0,Gasoline,115.0HP 1.7L 4 Cylinder Engine Gasoline Fuel,A/T,White,Gray,At least 1 accident or damage reported,Yes,3000.0,23,0.018718879862229046,0,6677.708333333333,1
McLaren,570S Spider,2020,8700.0,Gasoline,562.0HP 3.8L 8 Cylinder Engine Gasoline Fuel,Transmission w/Dual Shift Mode,Black,Black,None reported,Yes,185000.0,6,21.261923916791172,0,1242.857142857143,0
Maserati,Ghibli S Q4,2016,1000.0,Gasoline,404.0HP 3.0L V6 Cylinder Engine Gasoline Fuel,Transmission w/Dual Shift Mode,Gray,Red,None reported,Yes,36000.0,10,35.964035964035965,1,90.9090909090909,0
Jeep,Wagoneer Series II 4x4,2022,29800.0,Gasoline,"HEMI 5.7L V-8 variable valve control, regular unleaded, engine w","Automatic, 8-Spd",–,–,None reported,Yes,58900.0,4,1.9764437434985402,0,5960.0,0
Maserati,Ghibli S Q4,2017,49750.0,Gasoline,404.0HP 3.0L V6 Cylinder Engine Gasoline Fuel,Transmission w/Dual Shift Mode,White,Red,None reported,Yes,27995.0,9,0.5627022572410605,1,4975.0,0
Lexus,RX 300 Base,2002,121000.0,Gasoline,220.0HP 3.0L V6 Cylinder Engine Gasoline Fuel,A/T,Silver,Black,None reported,Yes,6348.0,24,0.052462376343997155,1,4840.0,0
Lincoln,Aviator Luxury,2005,140000.0,Gasoline,302.0HP 4.6L 8 Cylinder Engine Gasoline Fuel,A/T,Black,Beige,None reported,Yes,2000.0,21,0.014285612245626817,0,6363.636363636364,0
Ford,Transit Connect XL,2018,66770.0,E85 Flex Fuel,169.0HP 2.5L 4 Cylinder Engine Flex Fuel Capability,6-Speed A/T,Red,–,None reported,Yes,21500.0,8,0.3219960761408396,0,7418.888888888889,0
Cadillac,SRX Luxury Collection,2016,61549.0,Gasoline,3.6 Liter SIDI DOHC,Automatic,Red,Ebony,At least 1 accident or damage reported,Yes,19998.0,10,0.32490658001624695,0,5595.363636363636,1
Lincoln,MKS EcoBoost,2016,38100.0,Gasoline,365.0HP 3.5L V6 Cylinder Engine Gasoline Fuel,A/T,Silver,Beige,None reported,Yes,21000.0,10,0.551166636046298,0,3463.6363636363635,0
Toyota,Yaris Base,2010,138071.0,Gasoline,106.0HP 1.5L 4 Cylinder Engine Gasoline Fuel,5-Speed M/T,Red,Gray,None reported,Yes,5000.0,16,0.036212990323888986,0,8121.823529411765,0
Mercedes-Benz,AMG E 63 S 4MATIC,2019,40000.0,Gasoline,603.0HP 4.0L 8 Cylinder Engine Gasoline Fuel,Transmission w/Dual Shift Mode,Black,Black,At least 1 accident or damage reported,Yes,72000.0,7,1.7999550011249719,1,5000.0,1
Mercedes-Benz,GLS 450 Base,2022,41545.0,Hybrid,3.0 Liter DOHC Twin Turbo,Automatic,MANUFAKTUR Diamond White Bright,Macchiato Beige/Black,None reported,Yes,71998.0,4,1.7329706830982525,1,8309.0,0
Mercedes-Benz,G-Class G 550 4MATIC,2019,47850.0,Gasoline,416.0HP 4.0L 8 Cylinder Engine Gasoline Fuel,A/T,White,Black,At least 1 accident or damage reported,Yes,127899.0,7,2.6728595013688325,1,5981.25,1
Hyundai,Veloster Turbo R-Spec,2014,128000.0,Gasoline,201.0HP 1.6L 4 Cylinder Engine Gasoline Fuel,6-Speed M/T,Blue,Red,None reported,Yes,11000.0,12,0.08593682861852642,0,9846.153846153846,0
Toyota,4Runner Limited,2019,48156.0,Gasoline,4.0L V6 24V MPFI DOHC,5-Speed Automatic,Midnight Black Metallic,Sand Beige,None reported,Yes,40368.0,7,0.8382581971468323,0,6019.5,0
Mercedes-Benz,S-Class S 580 4MATIC,2021,4700.0,Hybrid,496.0HP 4.0L 8 Cylinder Engine Gasoline/Mild Electric Hybrid,9-Speed A/T,Black,Black,None reported,Yes,99900.0,5,21.250797702616463,1,783.3333333333334,0
Audi,RS 7 4.0T Performance Prestige,2017,39071.0,Gasoline,4.0L V8 32V GDI DOHC Twin Turbo,8-Speed Automatic,White,Black,None reported,Yes,67900.0,9,1.7378173628173628,1,3907.1,0
Mazda,MX-5 Miata Base,1999,96680.0,Gasoline,140.0HP 1.8L 4 Cylinder Engine Gasoline Fuel,5-Speed M/T,Green,Beige,At least 1 accident or damage reported,Yes,12900.0,27,0.13342849163744686,0,3452.8571428571427,1
Mercedes-Benz,AMG C 43 Base,2017,53500.0,Gasoline,362.0HP 3.0L V6 Cylinder Engine Gasoline Fuel,9-Speed A/T,White,Brown,At least 1 accident or damage reported,Yes,33999.0,9,0.6354834489074971,1,5350.0,1
Chevrolet,Corvette Z06,2007,11025.0,Gasoline,505.0HP 7.0L 8 Cylinder Engine Gasoline Fuel,6-Speed M/T,Orange,Black,None reported,Yes,47500.0,19,4.307999274442228,0,551.25,0
Ford,F-250 King Ranch,2021,44000.0,Diesel,475.0HP 6.7L 8 Cylinder Engine Diesel Fuel,10-Speed A/T,White,Brown,At least 1 accident or damage reported,Yes,73000.0,5,1.659053203336288,0,7333.333333333333,1
Volkswagen,Tiguan 2.0T SE,2022,11000.0,Gasoline,184.0HP 2.0L 4 Cylinder Engine Gasoline Fuel,A/T,Blue,White,None reported,Yes,27900.0,4,2.5361330788110172,0,2200.0,0
BMW,750 Li xDrive,2012,103000.0,Gasoline,407.0HP 4.4L 8 Cylinder Engine Gasoline Fuel,6-Speed A/T,Black,Black,None reported,Yes,16000.0,14,0.15533829768643023,1,6866.666666666667,0
BMW,M3 CS,2024,456.0,Gasoline,543.0HP 3.0L Straight 6 Cylinder Engine Gasoline Fuel,Transmission w/Dual Shift Mode,Black,Black,None reported,Yes,128995.0,2,282.2647702407002,1,152.0,0
Lexus,GX 460 Base,2018,64000.0,Gasoline,301.0HP 4.6L 8 Cylinder Engine Gasoline Fuel,6-Speed A/T,Red,Brown,None reported,Yes,37300.0,8,0.5828033936969735,1,7111.111111111111,0
Audi,Q7 3.0T Premium,2017,108000.0,Gasoline,333.0HP 3.0L V6 Cylinder Engine Gasoline Fuel,8-Speed A/T,Gray,Brown,None reported,Yes,25999.0,9,0.24072925250692123,1,10800.0,0
Alfa,Romeo Stelvio Ti Sport,2018,37045.0,Gasoline,280.0HP 2.0L 4 Cylinder Engine Gasoline Fuel,Transmission w/Dual Shift Mode,White,Red,At least 1 accident or damage reported,Yes,26600.0,8,0.7180262376504886,0,4116.111111111111,1
Land,Rover Defender X,2023,5433.0,Hybrid,3.0 Liter,Automatic,Santorin Black,Black,None reported,Yes,95998.0,3,17.666175929333825,1,1358.25,0
BMW,750 i xDrive,2019,28744.0,Gasoline,4.4 Liter DOHC Twin Turbo,Automatic,Black,Black,None reported,Yes,50998.0,7,1.7741520264393809,1,3593.0,0
BMW,M3 Base,2015,65800.0,Gasoline,425.0HP 3.0L Straight 6 Cylinder Engine Gasoline Fuel,Transmission w/Dual Shift Mode,White,Red,None reported,Yes,44950.0,11,0.6831203173204055,1,5483.333333333333,0
Rolls-Royce,Ghost Base,2021,850.0,Gasoline,563.0HP 6.7L 12 Cylinder Engine Gasoline Fuel,A/T,White,White,None reported,Yes,314900.0,5,370.0352526439483,0,141.66666666666666,0
Audi,e-tron Prestige,2019,33012.0,Gasoline,355.0HP Electric Motor Electric Fuel System,1-Speed A/T,Blue,Beige,None reported,Yes,38000.0,7,1.1510617029654984,1,4126.5,0
Lexus,IS 250 Base,2011,107818.0,Gasoline,204.0HP 2.5L V6 Cylinder Engine Gasoline Fuel,6-Speed A/T,Gray,Beige,At least 1 accident or damage reported,Yes,11400.0,15,0.10573275582225768,1,6738.625,1
Land,Rover Range Rover Evoque SE Premium,2016,79500.0,Gasoline,240.0HP 2.0L 4 Cylinder Engine Gasoline Fuel,9-Speed A/T,White,Black,None reported,Yes,19000.0,10,0.23899070451944002,1,7227.272727272727,0
Ferrari,California T,2015,20000.0,Gasoline,553.0HP 3.9L 8 Cylinder Engine Gasoline Fuel,7-Speed A/T,Red,Brown,At least 1 accident or damage reported,Yes,124990.0,11,6.249187540622969,0,1666.6666666666667,1
Lexus,LC 500 Base,2018,37000.0,Gasoline,471.0HP 5.0L 8 Cylinder Engine Gasoline Fuel,10-Speed A/T,Black,Red,None reported,Yes,63997.0,8,1.7296019026512797,1,4111.111111111111,0
Kia,EV6 Wind,2022,11945.0,Gasoline,111.2Ah / FR 70kW / RR 160kW (697V),Automatic,Glacier,Black,None reported,Yes,38998.0,4,3.2645236899380548,0,2389.0,0
GMC,Sierra 1500 SLE Crew Cab,2005,131800.0,Gasoline,295.0HP 5.3L 8 Cylinder Engine Gasoline Fuel,4-Speed A/T,Silver,Gray,At least 1 accident or damage reported,Yes,5800.0,21,0.0440057359200613,0,5990.909090909091,1
Lexus,ES 350 Base,2008,146000.0,Gasoline,272.0HP 3.5L V6 Cylinder Engine Gasoline Fuel,A/T,Red,Beige,None reported,Yes,8995.0,18,0.061609167060499584,1,7684.210526315789,0
Nissan,370Z NISMO,2010,29000.0,Gasoline,350.0HP 3.7L V6 Cylinder Engine Gasoline Fuel,M/T,Silver,–,None reported,Yes,29000.0,16,0.9999655184303989,0,1705.8823529411766,0
Dodge,Ram 1500 Laramie,2004,141209.0,Gasoline,345.0HP 5.7L 8 Cylinder Engine Gasoline Fuel,A/T,Black,Black,None reported,Yes,5700.0,22,0.04036541321436159,0,6139.521739130435,0
Ford,Expedition Limited,2016,85253.0,Gasoline,365.0HP 3.5L V6 Cylinder Engine Gasoline Fuel,A/T,White,Beige,None reported,Yes,19995.0,10,0.2345344499964811,0,7750.272727272727,0
INFINITI,QX70 Base,2015,87009.0,Gasoline,325.0HP 3.7L V6 Cylinder Engine Gasoline Fuel,A/T,Gray,Black,None reported,Yes,17800.0,11,0.20457418687507184,0,7250.75,0
BMW,X5 M Base,2023,4348.0,Gasoline,4.4L V8 32V GDI DOHC Twin Turbo,8-Speed Automatic,Alpine White,Black,None reported,Yes,105900.0,3,24.35042538514601,1,1087.0,0
Lincoln,Navigator Select,2016,158000.0,Gasoline,380.0HP 3.5L V6 Cylinder Engine Gasoline Fuel,Transmission w/Dual Shift Mode,Red,Beige,None reported,Yes,19780.0,10,0.1251890810817653,0,14363.636363636364,0
Volvo,V60 Cross Country T5,2020,10500.0,Gasoline,250.0HP 2.0L 4 Cylinder Engine Gasoline Fuel,8-Speed A/T,White,Black,None reported,Yes,36000.0,6,3.428244929054376,0,1500.0,0
Audi,A7 3.0T Premium Plus,2018,45843.0,Gasoline,340.0HP 3.0L V6 Cylinder Engine Gasoline Fuel,A/T,Silver,Black,None reported,Yes,37000.0,8,0.8070848966058808,1,5093.666666666667,0
Ford,Bronco Sport Outer Banks,2021,15198.0,Gasoline,1.5L I3 12V PDI DOHC Turbo,8-Speed Automatic,Blue,Navy Pier,None reported,Yes,31621.0,5,2.080465820119745,0,2533.0,0
Volkswagen,Eurovan MV,2001,220000.0,Gasoline,140.0HP 2.8L V6 Cylinder Engine Gasoline Fuel,A/T,Silver,–,None reported,Yes,5500.0,25,0.02499988636415289,0,8461.538461538461,0
Jaguar,F-TYPE R,2017,58000.0,Gasoline,550.0HP 5.0L 8 Cylinder Engine Gasoline Fuel,A/T,Black,Black,None reported,Yes,51500.0,9,0.8879157255909381,0,5800.0,0
Land,Rover Range Rover Evoque R-Dynamic HSE,2020,30424.0,Hybrid,2.0 Liter,Automatic,Silver,Black,None reported,Yes,44998.0,6,1.4789811010682006,1,4346.285714285715,0
RAM,1500 Laramie,2021,38012.0,Gasoline,5.7L V8 16V MPFI OHV,8-Speed Automatic,Delmonico Red Pearlcoat,Black,None reported,Yes,45277.0,5,1.1910925209796648,0,6335.333333333333,0
Rivian,R1S Adventure Package,2023,2500.0,Gasoline,835.0HP Electric Motor Electric Fuel System,A/T,Gray,Gray,None reported,Yes,91000.0,3,36.38544582167133,0,625.0,0
BMW,M760 i xDrive,2021,11078.0,Gasoline,"6.6L V-12 gasoline direct injection, DOHC, variable valve contro","Automatic, 8-Spd Sport w/Sport & Manual Modes",BLACK,WHITE,None reported,Yes,91900.0,5,8.29497247043957,1,1846.3333333333333,0
Lexus,LX 570 Three-Row,2018,50000.0,Gasoline,383.0HP 5.7L 8 Cylinder Engine Gasoline Fuel,A/T,White,Black,None reported,Yes,65000.0,8,1.2999740005199896,1,5555.555555555556,0
Land,Rover Range Rover Velar P250 SE R-Dynamic,2019,58000.0,Gasoline,247.0HP 2.0L 4 Cylinder Engine Gasoline Fuel,A/T,White,Black,None reported,Yes,38000.0,7,0.6551611179117601,1,7250.0,0
Acura,MDX w/Technology Package,2023,3415.0,Gasoline,3.5 Liter SOHC,F,White,Parchment.,None reported,Yes,54998.0,3,16.100117096018735,0,853.75,0
Lexus,LC 500 Base,2018,61000.0,Gasoline,471.0HP 5.0L 8 Cylinder Engine Gasoline Fuel,Transmission w/Dual Shift Mode,Black,Black,None reported,Yes,65000.0,8,1.065556302355699,1,6777.777777777777,0
Audi,SQ5 3.0T Prestige,2019,48500.0,Gasoline,349.0HP 3.0L V6 Cylinder Engine Gasoline Fuel,Transmission w/Dual Shift Mode,Gray,Black,At least 1 accident or damage reported,Yes,43500.0,7,0.8968887239438362,1,6062.5,1
Land,Rover Range Rover Velar P250 SE R-Dynamic,2018,65680.0,Gasoline,247.0HP 2.0L 4 Cylinder Engine Gasoline Fuel,A/T,Silver,Black,At least 1 accident or damage reported,Yes,34900.0,8,0.531356099937577,1,7297.777777777777,1
RAM,1500 Limited,2020,44362.0,Gasoline,5.7L V8 16V MPFI OHV,8-Speed Automatic,Bright White Clearcoat,Black,None reported,Yes,50658.0,6,1.141897527218628,0,6337.428571428572,0
Audi,S4 3.0T Premium,2019,18603.0,Gasoline,3.0L V6 24V GDI DOHC Turbo,8-Speed Automatic,Brilliant Black,Black,None reported,Yes,42900.0,7,2.3059557084497957,1,2325.375,0
Audi,A8 4.0,2020,35999.0,Hybrid,4.0 Liter Turbo,Automatic,Mythos Black Metallic,Sarder Brown,None reported,Yes,59598.0,6,1.6555,1,5142.714285714285,0
Cadillac,Escalade ESV Sport,2021,8044.0,Gasoline,420.0HP 6.2L 8 Cylinder Engine Gasoline Fuel,Transmission w/Dual Shift Mode,Black,Beige,None reported,Yes,93000.0,5,11.559975139838409,0,1340.6666666666667,0
Mercedes-Benz,AMG GT AMG GT S,2016,9738.0,Gasoline,503.0HP 4.0L 8 Cylinder Engine Gasoline Fuel,7-Speed A/T,Red,Black,None reported,Yes,85500.0,10,8.779135434849573,1,885.2727272727273,0
BMW,M3 Base,2009,112000.0,Gasoline,420.0HP 4.0L 8 Cylinder Engine Gasoline Fuel,Transmission w/Dual Shift Mode,Gray,Black,At least 1 accident or damage reported,Yes,28000.0,17,0.24999776787707254,1,6222.222222222223,1
Honda,Accord EX-L,2009,167300.0,Gasoline,190.0HP 2.4L 4 Cylinder Engine Gasoline Fuel,5-Speed A/T,Silver,Black,None reported,Yes,6250.0,17,0.03735781615172653,0,9294.444444444445,0
Rolls-Royce,Cullinan,2022,115.0,Gasoline,6.7L V12 48V GDI DOHC Twin Turbo,8-Speed Automatic,–,Grace White,None reported,Yes,449995.0,4,3879.2672413793102,0,23.0,0
Cadillac,Escalade Premium,2015,71000.0,Gasoline,420.0HP 6.2L 8 Cylinder Engine Gasoline Fuel,6-Speed A/T,Black,Brown,At least 1 accident or damage reported,Yes,35999.0,11,0.5070210278728469,0,5916.666666666667,1
Acura,RDX Technology Package,2020,31015.0,Gasoline,2.0L I4 16V GDI DOHC Turbo,10-Speed Automatic,Silver,Ebony,None reported,Yes,36570.0,6,1.179068867681197,0,4430.714285714285,0
BMW,X2 xDrive28i,2022,33000.0,Gasoline,228.0HP 2.0L 4 Cylinder Engine Gasoline Fuel,Transmission w/Dual Shift Mode,Orange,Black,None reported,Yes,29999.0,4,0.9090330596042544,1,6600.0,0
Chrysler,Pacifica Touring,2017,63000.0,–,–,9-Speed A/T,White,Beige,None reported,Yes,20000.0,9,0.31745527848764304,0,6300.0,0
Buick,Verano Convenience,2013,68325.0,E85 Flex Fuel,180.0HP 2.4L 4 Cylinder Engine Flex Fuel Capability,Transmission w/Dual Shift Mode,Silver,Gray,None reported,Yes,11995.0,13,0.1755554254602933,0,4880.357142857143,0
Mercedes-Benz,AMG S 63 Base 4MATIC,2020,20937.0,Gasoline,4.0L V8 32V GDI DOHC Twin Turbo,9-Speed Automatic,Magnetite Black Metallic,Black,None reported,Yes,104900.0,6,5.010029611233165,1,2991.0,0
RAM,2500 Tradesman,2021,34365.0,Gasoline,410.0HP 6.4L 8 Cylinder Engine Gasoline Fuel,8-Speed A/T,Gray,Gray,At least 1 accident or damage reported,Yes,48000.0,5,1.39672932549613,0,5727.5,1
Mercedes-Benz,Metris Base,2018,32000.0,Gasoline,208.0HP 2.0L 4 Cylinder Engine Gasoline Fuel,Transmission w/Dual Shift Mode,Black,Black,None reported,Yes,44900.0,8,1.4030811537139465,1,3555.5555555555557,0
Land,Rover Range Rover Evoque S,2020,40237.0,Gasoline,2.0 Liter,Automatic,Carpathian Grey Premium Metallic,Cloud,None reported,Yes,36998.0,6,0.919479099358815,1,5748.142857142857,0
Volvo,XC90 T6 Inscription,2020,22500.0,Gasoline,316.0HP 2.0L 4 Cylinder Engine Gasoline Fuel,A/T,Black,White,None reported,Yes,50000.0,6,2.2221234611795033,0,3214.285714285714,0
Ford,Expedition King Ranch,2020,58700.0,Gasoline,375.0HP 3.5L V6 Cylinder Engine Gasoline Fuel,10-Speed A/T,Black,Brown,At least 1 accident or damage reported,Yes,48999.0,6,0.8347217253539122,0,8385.714285714286,1
Toyota,Highlander Hybrid Limited,2006,264893.0,Hybrid,208.0HP 3.3L V6 Cylinder Engine Gas/Electric Hybrid,A/T,Gold,Beige,At least 1 accident or damage reported,Yes,5000.0,20,0.018875474718189164,0,12613.952380952382,1
Toyota,Tundra SR5 Access Cab,2005,209500.0,Gasoline,282.0HP 4.7L 8 Cylinder Engine Gasoline Fuel,5-Speed A/T,Blue,Gray,None reported,Yes,8500.0,21,0.04057259869881289,0,9522.727272727272,0
Ford,Transit-350 Base,2023,195.0,Gasoline,310.0HP 3.5L V6 Cylinder Engine Gasoline Fuel,10-Speed A/T,Blue,Gray,None reported,Yes,87500.0,3,446.42857142857144,0,48.75,0
Chevrolet,Express 3500 LT,2016,120000.0,Diesel,260.0HP 6.6L 8 Cylinder Engine Diesel Fuel,6-Speed A/T,White,Gray,None reported,Yes,19500.0,10,0.16249864584461796,0,10909.09090909091,0
Chevrolet,Bolt EUV Premier,2022,14676.0,Gasoline,200.0HP Electric Motor Electric Fuel System,A/T,Black,Blue,None reported,Yes,33000.0,4,2.248415888805614,0,2935.2,0
Jeep,Wrangler Unlimited 4xe Sahara,2021,33704.0,Hybrid,2.0L I4 16V GDI DOHC Turbo Hybrid,8-Speed Automatic,Bright White Clearcoat,Black,None reported,Yes,42998.0,5,1.275715769173713,0,5617.333333333333,0
BMW,X7 xDrive40i,2023,2950.0,Hybrid,375.0HP 3.0L Straight 6 Cylinder Engine Gasoline/Mild Electric Hybrid,8-Speed A/T,Black,Brown,None reported,Yes,87000.0,3,29.481531684174858,1,737.5,0
Mercedes-Benz,AMG GT 53 Base,2021,17994.0,Gasoline,3.0L I6 24V GDI DOHC Turbo,9-Speed Automatic,–,–,None reported,Yes,87500.0,5,4.86246179494304,1,2999.0,0
Toyota,Tundra Limited,2020,44101.0,Gasoline,5.7L V8 32V MPFI DOHC,6-Speed Automatic,Gray,Black,None reported,Yes,45423.0,6,1.0299532901002222,0,6300.142857142857,0
BMW,X1 xDrive28i,2021,25918.0,Gasoline,228.0HP 2.0L 4 Cylinder Engine Gasoline Fuel,Transmission w/Dual Shift Mode,Gray,Black,None reported,Yes,32000.0,5,1.2346155330066746,1,4319.666666666667,0
BMW,135 i,2008,87000.0,Gasoline,300.0HP 3.0L Straight 6 Cylinder Engine Gasoline Fuel,A/T,White,Beige,None reported,Yes,15300.0,18,0.17586004758565993,1,4578.9473684210525,0
Mazda,Mazda3 Touring,2018,28333.0,Gasoline,184.0HP 2.5L 4 Cylinder Engine Gasoline Fuel,Transmission w/Dual Shift Mode,Blue,Black,None reported,Yes,20500.0,8,0.7235123879438131,0,3148.1111111111113,0
Audi,A7 3.0T Premium Plus,2018,29294.0,Gasoline,340.0HP 3.0L V6 Cylinder Engine Gasoline Fuel,A/T,White,Beige,None reported,Yes,39999.0,8,1.3653865847414235,1,3254.8888888888887,0
Saturn,Sky Red Line,2008,37000.0,Gasoline,260.0HP 2.0L 4 Cylinder Engine Gasoline Fuel,A/T,Blue,Black,None reported,Yes,14995.0,18,0.4052593173157482,0,1947.3684210526317,0
BMW,Z4 2.5i Roadster,2005,138000.0,Gasoline,184.0HP 2.5L Straight 6 Cylinder Engine Gasoline Fuel,5-Speed A/T,White,Beige,None reported,Yes,9950.0,21,0.07210092680487823,1,6272.727272727273,0
Volvo,XC90 Hybrid T8 Inscription,2020,44487.0,Plug-In Hybrid,400.0HP 2.0L 4 Cylinder Engine Plug-In Electric/Gas,8-Speed A/T,Blue,Brown,None reported,Yes,65000.0,6,1.4610681532098544,0,6355.285714285715,0
Acura,TLX A-Spec,2021,16878.0,Gasoline,2.0L I4 16V GDI DOHC Turbo,10-Speed Automatic,Red,Ebony,None reported,Yes,38781.0,5,2.2975887197108835,0,2813.0,0
Acura,MDX w/Technology Package,2022,30177.0,Gasoline,3.5L 24V SOHC I-VTEC V6,2,Majestic Black Pearl,Espresso,None reported,Yes,46598.0,4,1.5441049771356616,0,6035.4,0
Chevrolet,Tahoe High Country,2021,53000.0,Gasoline,420.0HP 6.2L 8 Cylinder Engine Gasoline Fuel,10-Speed A/T,Black,Black,At least 1 accident or damage reported,Yes,67100.0,5,1.2660138487953057,0,8833.333333333334,1
Tesla,Model Y Long Range,2021,61308.0,Gasoline,425.0HP Electric Motor Electric Fuel System,A/T,White,White,None reported,Yes,42000.0,5,0.6850543965812523,0,10218.0,0
Mercedes-Benz,GLK-Class GLK 350,2013,99200.0,Gasoline,302.0HP 3.5L V6 Cylinder Engine Gasoline Fuel,A/T,Silver,Black,None reported,Yes,11495.0,13,0.11587584802572555,1,7085.714285714285,0
Chevrolet,Traverse LS,2022,32117.0,Gasoline,3.6L V6 24V GDI DOHC,Automatic,Northsky Blue Metallic,Jet Black,None reported,Yes,33299.0,4,1.0367706581978953,0,6423.4,0
BMW,550 Gran Turismo i,2013,79341.0,Gasoline,445.0HP 4.4L 8 Cylinder Engine Gasoline Fuel,A/T,Gold,Brown,None reported,Yes,16800.0,13,0.21174157444985,1,5667.214285714285,0
Land,Rover Range Rover Sport HSE,2007,220000.0,Gasoline,300.0HP 4.4L 8 Cylinder Engine Gasoline Fuel,A/T,White,Beige,None reported,Yes,5750.0,19,0.02613624483525075,1,11000.0,0
BMW,430 i xDrive,2021,16900.0,Gasoline,255.0HP 2.0L 4 Cylinder Engine Gasoline Fuel,8-Speed A/T,Blue,White,None reported,Yes,43000.0,5,2.5442281521803443,1,2816.6666666666665,0
Porsche,Cayman Base,2007,75137.0,Gasoline,245.0HP 2.7L Flat 6 Cylinder Engine Gasoline Fuel,M/T,Black,Gray,At least 1 accident or damage reported,Yes,24999.0,19,0.3327078176155873,1,3756.85,1
Ford,Expedition Max King Ranch,2021,37594.0,Gasoline,3.5L V6 24V PDI DOHC Twin Turbo,10-Speed Automatic,Black,Mesa,None reported,Yes,62595.0,5,1.664982045484772,0,6265.666666666667,0
Rivian,R1S Adventure Package,2023,250.0,Gasoline,835.0HP Electric Motor Electric Fuel System,A/T,Red,Black,None reported,Yes,94000.0,3,374.50199203187253,0,62.5,0
Mercedes-Benz,GLC 300 GLC 300,2021,12771.0,Gasoline,2.0 Liter Turbo,Automatic,Black,–,None reported,Yes,42598.0,5,3.3352646414030693,1,2128.5,0
Ford,Mustang Shelby GT500,2012,6400.0,Gasoline,550.0HP 5.4L 8 Cylinder Engine Gasoline Fuel,6-Speed M/T,Silver,Black,None reported,Yes,48000.0,14,7.498828308076863,0,426.6666666666667,0
Tesla,Model Y Long Range,2021,69548.0,Gasoline,425.0HP Electric Motor Electric Fuel System,1-Speed A/T,Black,Black,At least 1 accident or damage reported,Yes,36300.0,5,0.5219341759047578,0,11591.333333333334,1
Nissan,370Z Base,2009,79893.0,Gasoline,332.0HP 3.7L V6 Cylinder Engine Gasoline Fuel,7-Speed A/T,Silver,Black,None reported,Yes,15900.0,17,0.19901369314341502,0,4438.5,0
Toyota,Sequoia Platinum,2014,124838.0,Gasoline,381.0HP 5.7L 8 Cylinder Engine Gasoline Fuel,A/T,Black,Gray,None reported,Yes,33000.0,12,0.26434047052603754,0,9602.923076923076,0
Nissan,NV Passenger NV3500 HD SL V8,2020,14353.0,Gasoline,375.0HP 5.6L 8 Cylinder Engine Gasoline Fuel,A/T,Black,Gray,None reported,Yes,63900.0,6,4.451720774696948,0,2050.4285714285716,0
Ford,Transit Connect XL w/Rear Symmetrical Doors,2022,22985.0,Gasoline,169.0HP 2.5L 4 Cylinder Engine Gasoline Fuel,A/T,White,Gray,None reported,Yes,33500.0,4,1.4574088575654747,0,4597.0,0
INFINITI,QX80 Base,2014,161894.0,Gasoline,400.0HP 5.6L 8 Cylinder Engine Gasoline Fuel,7-Speed A/T,White,Beige,None reported,Yes,18900.0,12,0.11674233299360696,0,12453.384615384615,0
Aston,Martin V8 Vantage Base,2008,25025.0,Gasoline,380.0HP 4.3L 8 Cylinder Engine Gasoline Fuel,6-Speed A/T,White,Black,At least 1 accident or damage reported,Yes,39000.0,18,1.5583792855430352,0,1317.1052631578948,1
Porsche,911 Carrera S,2017,16701.0,Gasoline,3.0 Liter,–,Red,–,None reported,Yes,107998.0,9,6.46617171596216,1,1670.1,0
Lotus,Evora 400 Base,2017,19650.0,Gasoline,400.0HP 3.5L V6 Cylinder Engine Gasoline Fuel,6-Speed M/T,Silver,Red,None reported,Yes,69250.0,9,3.523993689888555,0,1965.0,0
Land,Rover Range Rover Velar P250 S R-Dynamic,2020,29500.0,Gasoline,247.0HP 2.0L 4 Cylinder Engine Gasoline Fuel,A/T,Red,White,None reported,Yes,45000.0,6,1.525372021287414,1,4214.285714285715,0
Nissan,Xterra S,2007,132272.0,Gasoline,261.0HP 4.0L V6 Cylinder Engine Gasoline Fuel,M/T,Gray,Gray,At least 1 accident or damage reported,Yes,6700.0,19,0.05065281652340236,0,6613.6,1
Dodge,Charger R/T,2012,122000.0,Gasoline,370.0HP 5.7L 8 Cylinder Engine Gasoline Fuel,5-Speed A/T,White,Black,At least 1 accident or damage reported,Yes,13500.0,14,0.11065483069810904,0,8133.333333333333,1
Buick,Encore GX Essence,2022,18185.0,Gasoline,1.3L I3 12V GDI DOHC Turbo,Automatic CVT,Summit White,Whisper Beige,None reported,Yes,31755.0,4,1.7461233916199275,0,3637.0,0
Nissan,Leaf S,2018,56450.0,Gasoline,147.0HP Electric Motor Electric Fuel System,A/T,Black,Black,At least 1 accident or damage reported,Yes,13999.0,8,0.2479849781226196,0,6272.222222222223,1
Nissan,Leaf SL,2012,102000.0,Gasoline,107.0HP Electric Motor Electric Fuel System,1-Speed A/T,Silver,Gray,None reported,Yes,4200.0,14,0.04117606690130489,0,6800.0,0
Jeep,Grand Wagoneer Series III,2022,18428.0,Gasoline,6.4 Liter,Automatic,Baltic Gray,Black,None reported,Yes,83998.0,4,4.557925009495904,0,3685.6,0
Nissan,Z Proto Spec,2023,535.0,Gasoline,400.0HP 3.0L V6 Cylinder Engine Gasoline Fuel,6-Speed M/T,Yellow,Black,None reported,Yes,65990.0,3,123.11567164179104,0,133.75,0
Land,Rover Range Rover Sport HSE,2013,81648.0,Gasoline,"5L V-8 gasoline direct injection, DOHC, variable valve control,","Auto, 6-Spd w/CmdShft",Fuji White,–,None reported,Yes,15900.0,13,0.19473600411517594,1,5832.0,0
Porsche,Boxster S,2003,138202.0,Gasoline,3.2L H6 24V MPFI DOHC,6-Speed Manual,Silver,Black,At least 1 accident or damage reported,Yes,22550.0,23,0.1631657778774701,1,5758.416666666667,1
Bentley,Continental GT Base,2004,69600.0,Gasoline,550.0HP 6.0L 12 Cylinder Engine Gasoline Fuel,A/T,Silver,Black,None reported,Yes,37900.0,22,0.5445324061435899,1,3026.086956521739,0
Jaguar,F-TYPE R,2018,39900.0,Gasoline,550.0HP 5.0L 8 Cylinder Engine Gasoline Fuel,8-Speed A/T,White,Black,None reported,Yes,53600.0,8,1.3433247287035412,0,4433.333333333333,0
Cadillac,Escalade ESV Sport,2021,36500.0,Gasoline,420.0HP 6.2L 8 Cylinder Engine Gasoline Fuel,Transmission w/Dual Shift Mode,White,Black,None reported,Yes,85000.0,5,2.3287033231966245,0,6083.333333333333,0
Audi,TT 2.0T,2018,42650.0,Gasoline,220.0HP 2.0L 4 Cylinder Engine Gasoline Fuel,Transmission w/Dual Shift Mode,Gray,Black,None reported,Yes,31990.0,8,0.7500410306909568,1,4738.888888888889,0
Jeep,Wrangler Unlimited Sahara,2020,68816.0,Gasoline,2.0L I4 16V GDI DOHC Turbo,8-Speed Automatic,Black Clearcoat,Black,None reported,Yes,35297.0,6,0.5129110539546914,0,9830.857142857143,0
Audi,S6 4.0T,2016,91188.0,Gasoline,450.0HP 4.0L 8 Cylinder Engine Gasoline Fuel,7-Speed A/T,Black,Black,None reported,Yes,29995.0,10,0.32893221770169645,1,8289.818181818182,0
GMC,Sierra 2500 SLE,2015,116210.0,E85 Flex Fuel,360.0HP 6.0L 8 Cylinder Engine Flex Fuel Capability,Transmission Overdrive Switch,Black,Beige,None reported,Yes,31900.0,11,0.2745006927055098,0,9684.166666666666,0
Tesla,Model 3 Long Range,2022,3077.0,Gasoline,Dual Motor - Standard,Automatic,Silver,Black,None reported,Yes,44998.0,4,14.619233268356075,0,615.4,0
Mazda,CX-90 Premium,2024,3880.0,Gasoline,2.5L,8-Speed Automatic,Machine Gray Metallic,Black,None reported,Yes,52991.0,2,13.65395516619428,0,1293.3333333333333,0
Ford,C-Max Energi SE,2017,67482.0,Plug-In Hybrid,188.0HP 2.0L 4 Cylinder Engine Plug-In Electric/Gas,CVT Transmission,Gray,Black,At least 1 accident or damage reported,Yes,11499.0,9,0.17039847072596062,0,6748.2,1
Cadillac,Escalade ESV Platinum,2018,67726.0,Gasoline,420.0HP 6.2L 8 Cylinder Engine Gasoline Fuel,10-Speed A/T,Black,Black,None reported,Yes,52000.0,8,0.7677883266644027,0,7525.111111111111,0
Audi,TT 3.2 Cabriolet quattro,2008,207000.0,Gasoline,250.0HP 3.2L V6 Cylinder Engine Gasoline Fuel,6-Speed M/T,Black,Black,At least 1 accident or damage reported,Yes,10500.0,18,0.05072439263578437,1,10894.736842105263,1
Hyundai,Santa Fe SE,2021,35550.0,Gasoline,2.5L I4 16V PDI DOHC,8-Speed Automatic,Twilight Black,Black,At least 1 accident or damage reported,Yes,25987.0,5,0.7309780315602936,0,5925.0,1
Mercedes-Benz,AMG GLE AMG GLE 63 S-Model 4MATIC,2016,44000.0,Gasoline,577.0HP 5.5L 8 Cylinder Engine Gasoline Fuel,7-Speed A/T,Black,Black,None reported,Yes,46599.0,10,1.0590441126338037,1,4000.0,0
Mercedes-Benz,SL-Class SL 550,2015,11249.0,Gasoline,429.0HP 4.7L 8 Cylinder Engine Gasoline Fuel,7-Speed A/T,White,Beige,None reported,Yes,54500.0,11,4.844444444444444,1,937.4166666666666,0
Acura,MDX 3.5L Technology Package,2014,111650.0,Gasoline,290.0HP 3.5L V6 Cylinder Engine Gasoline Fuel,6-Speed A/T,Green,Beige,At least 1 accident or damage reported,Yes,17500.0,12,0.1567384080751628,0,8588.461538461539,1
RAM,2500 Laramie,2019,18526.0,Diesel,6.7L I6 24V DDI OHV Turbo Diesel,6-Speed Automatic,Pearl White,Black,None reported,Yes,67999.0,7,3.6702650186214716,0,2315.75,0
Audi,A7 Premium,2012,103272.0,Gasoline,310.0HP 3.0L V6 Cylinder Engine Gasoline Fuel,8-Speed A/T,Black,Brown,None reported,Yes,15500.0,14,0.15008763181083148,1,6884.8,0
BMW,M2 Base,2023,1160.0,Gasoline,453.0HP 3.0L Straight 6 Cylinder Engine Gasoline Fuel,6-Speed M/T,Gray,Black,None reported,Yes,73600.0,3,63.39362618432386,1,290.0,0
RAM,1500 Laramie,2019,107714.0,Gasoline,5.7L V8 16V MPFI OHV,8-Speed Automatic,Diamond Black,Black,None reported,Yes,34918.0,7,0.32417026412291694,0,13464.25,0
Audi,Q5 2.0T Premium Plus,2013,111773.0,Gasoline,211.0HP 2.0L 4 Cylinder Engine Gasoline Fuel,8-Speed A/T,Brown,Beige,None reported,Yes,17000.0,13,0.15209261545618838,1,7983.785714285715,0
Cadillac,XTS Luxury,2019,54002.0,Gasoline,304.0HP 3.6L V6 Cylinder Engine Gasoline Fuel,A/T,Black,Beige,At least 1 accident or damage reported,Yes,22500.0,7,0.4166435198044553,0,6750.25,1
Volkswagen,Jetta 1.4T SE,2016,87000.0,Gasoline,150.0HP 1.4L 4 Cylinder Engine Gasoline Fuel,Transmission w/Dual Shift Mode,Gray,Gray,At least 1 accident or damage reported,Yes,13000.0,10,0.14942356984402477,0,7909.090909090909,1
Ford,Focus RS Base,2016,49700.0,Gasoline,350.0HP 2.3L 4 Cylinder Engine Gasoline Fuel,6-Speed M/T,Blue,Black,None reported,Yes,31700.0,10,0.6378141284883604,0,4518.181818181818,0
Mercedes-Benz,AMG C 63 S,2017,34500.0,Gasoline,503.0HP 4.0L 8 Cylinder Engine Gasoline Fuel,7-Speed A/T,Gray,Black,None reported,Yes,64600.0,9,1.8724094953769457,1,3450.0,0
Ford,Bronco Sport Big Bend,2021,31729.0,Gasoline,1.5L I3 12V PDI DOHC Turbo,8-Speed Automatic,Maroon,Medium Dark Slate,At least 1 accident or damage reported,Yes,29614.0,5,0.9333123227229752,0,5288.166666666667,1
Jeep,Gladiator Overland,2021,7388.0,Gasoline,3.6L V6 24V MPFI DOHC,8-Speed Automatic,Firecracker Red Clearcoat,Black,None reported,Yes,43663.0,5,5.909189335498715,0,1231.3333333333333,0
BMW,330e iPerformance,2017,41550.0,Plug-In Hybrid,247.0HP 2.0L 4 Cylinder Engine Plug-In Electric/Gas,Transmission w/Dual Shift Mode,Silver,Black,None reported,Yes,20995.0,9,0.5052826646771438,1,4155.0,0
Mercedes-Benz,GLC 300 Base 4MATIC,2018,44486.0,Gasoline,2.0L I4 16V GDI DOHC Turbo,9-Speed Automatic,Gray,Black,None reported,Yes,25625.0,8,0.5760109694967069,1,4942.888888888889,0
Acura,MDX 3.7L Advance,2013,20750.0,Gasoline,300.0HP 3.7L V6 Cylinder Engine Gasoline Fuel,6-Speed A/T,Black,Black,None reported,Yes,33000.0,13,1.5902848055515397,0,1482.142857142857,0
Genesis,G70 3.3T,2022,12000.0,Gasoline,365.0HP 3.3L V6 Cylinder Engine Gasoline Fuel,8-Speed A/T,Green,Beige,None reported,Yes,41000.0,4,3.4163819681693193,0,2400.0,0
Lexus,LX 570 Three-Row,2021,14206.0,Gasoline,383.0HP 5.7L 8 Cylinder Engine Gasoline Fuel,A/T,Black,Black,None reported,Yes,98000.0,5,6.898008024213416,1,2367.6666666666665,0
Jeep,Grand Cherokee L Limited,2022,31700.0,Gasoline,293.0HP 3.6L V6 Cylinder Engine Gasoline Fuel,A/T,Gray,Black,None reported,Yes,43500.0,4,1.3721964606794739,0,6340.0,0
Hyundai,IONIQ Plug-In Hybrid SEL,2022,13044.0,Plug-In Hybrid,139.0HP 1.6L 4 Cylinder Engine Plug-In Electric/Gas,A/T,Blue,Gray,At least 1 accident or damage reported,Yes,24999.0,4,1.9163664239172096,0,2608.8,1
Kia,Sportage LX,2009,100730.0,Gasoline,173.0HP 2.7L V6 Cylinder Engine Gasoline Fuel,A/T,Gold,Gold,None reported,Yes,6975.0,17,0.06924382762009709,0,5596.111111111111,0
BMW,X5 PHEV xDrive45e,2023,5338.0,Plug-In Hybrid,389.0HP 3.0L Straight 6 Cylinder Engine Plug-In Electric/Gas,8-Speed A/T,Blue,White,None reported,Yes,76500.0,3,14.328525941187488,1,1334.5,0
Ford,Expedition EL XLT,2014,85149.0,Gasoline,5.4 Liter,Automatic,Oxford White,Camel Leather,None reported,Yes,23598.0,12,0.27713446858485025,0,6549.923076923077,0
BMW,X6 M Base,2018,48291.0,Gasoline,567.0HP 4.4L 8 Cylinder Engine Gasoline Fuel,Transmission w/Dual Shift Mode,Gray,Brown,None reported,Yes,67250.0,8,1.3925701979623955,1,5365.666666666667,0
Volkswagen,Eurovan MV,2001,111887.0,Gasoline,140.0HP 2.8L V6 Cylinder Engine Gasoline Fuel,A/T,Blue,Gray,None reported,Yes,14000.0,25,0.12512512512512514,0,4303.346153846154,0
Rolls-Royce,Ghost Base,2010,79000.0,Gasoline,563.0HP 6.6L 12 Cylinder Engine Gasoline Fuel,8-Speed A/T,Silver,Black,None reported,Yes,69000.0,16,0.8734066657384084,0,4647.058823529412,0
Lincoln,Navigator Reserve,2016,125000.0,Gasoline,380.0HP 3.5L V6 Cylinder Engine Gasoline Fuel,Transmission w/Dual Shift Mode,Gray,Beige,None reported,Yes,26500.0,10,0.2119983040135679,0,11363.636363636364,0
Mercedes-Benz,GLA 250 Base 4MATIC,2022,13777.0,Gasoline,221.0HP 2.0L 4 Cylinder Engine Gasoline Fuel,8-Speed A/T,Black,Black,At least 1 accident or damage reported,Yes,39777.0,4,2.886993758165191,1,2755.4,1
RAM,1500 Big Horn,2022,14920.0,Gasoline,3.6L V6 24V MPFI DOHC,Automatic,Diamond Black,Black,None reported,Yes,41741.0,4,2.7974666577307152,0,2984.0,0
Jeep,Grand Cherokee L Summit,2022,14627.0,Gasoline,3.6L V6 24V MPFI DOHC,Automatic,Diamond Black,Tupelo,None reported,Yes,56740.0,4,3.8788624555646707,0,2925.4,0
Volvo,S80 3.2,2010,90050.0,Gasoline,235.0HP 3.2L Straight 6 Cylinder Engine Gasoline Fuel,A/T,Brown,Beige,None reported,Yes,5800.0,16,0.06440794660803323,0,5297.058823529412,0
Subaru,BRZ Premium,2014,45000.0,Gasoline,200.0HP 2.0L 4 Cylinder Engine Gasoline Fuel,6-Speed M/T,Blue,Black,At least 1 accident or damage reported,Yes,25000.0,12,0.5555432101508856,0,3461.5384615384614,1
Chevrolet,Corvette Base,1998,7666.0,Gasoline,340.0HP 5.7L 8 Cylinder Engine Gasoline Fuel,4-Speed A/T,Red,Black,None reported,Yes,39500.0,28,5.151949915221078,0,264.3448275862069,0
Hummer,H2 SUT,2006,89900.0,Gasoline,325.0HP 6.0L 8 Cylinder Engine Gasoline Fuel,4-Speed A/T,Red,Beige,None reported,Yes,29994.0,20,0.3336336636967331,0,4280.952380952381,0
Audi,RS 7 4.0T,2021,14724.0,Hybrid,4.0 Liter TFSI,Automatic,Glacier White,Black/Red,None reported,Yes,101998.0,5,6.92685908319185,1,2454.0,0
Ford,Edge Sport,2011,132000.0,Gasoline,305.0HP 3.7L V6 Cylinder Engine Gasoline Fuel,Transmission w/Dual Shift Mode,Black,Black,At least 1 accident or damage reported,Yes,10999.0,15,0.08332512632480057,0,8250.0,1
GMC,Terrain SLT,2010,32652.0,Gasoline,182.0HP 2.4L 4 Cylinder Engine Gasoline Fuel,6-Speed A/T,Red,Brown,None reported,Yes,6500.0,16,0.19906287324288732,0,1920.7058823529412,0
Land,Rover Range Rover 5.0L Supercharged Autobiography LWB,2018,36632.0,Gasoline,518.0HP 5.0L 8 Cylinder Engine Gasoline Fuel,8-Speed A/T,Blue,Blue,None reported,Yes,72567.0,8,1.9809188436655474,1,4070.222222222222,0
Jeep,Grand Cherokee WK Laredo X,2022,11164.0,Gasoline,293.0HP 3.6L V6 Cylinder Engine Gasoline Fuel,8-Speed A/T,Black,Black,None reported,Yes,37500.0,4,3.3587102552619794,0,2232.8,0
BMW,M4 Base,2020,22655.0,Gasoline,425.0HP 3.0L Straight 6 Cylinder Engine Gasoline Fuel,7-Speed A/T,Silver,Black,None reported,Yes,63999.0,6,2.824814618644068,1,3236.4285714285716,0
Mercedes-Benz,AMG GT 63 S 4-Door,2019,9500.0,Gasoline,630.0HP 4.0L 8 Cylinder Engine Gasoline Fuel,Transmission w/Dual Shift Mode,Gray,Gray,None reported,Yes,135000.0,7,14.20903062835491,1,1187.5,0
Chevrolet,Camaro 1LT,2021,10300.0,Gasoline,335.0HP 3.6L V6 Cylinder Engine Gasoline Fuel,M/T,Black,Black,None reported,Yes,29900.0,5,2.902630812542472,0,1716.6666666666667,0
BMW,X6 M Base,2018,48000.0,Gasoline,567.0HP 4.4L 8 Cylinder Engine Gasoline Fuel,8-Speed A/T,Blue,Black,None reported,Yes,54000.0,8,1.124976562988271,1,5333.333333333333,0
Mercedes-Benz,CLK-Class 550,2007,138000.0,Gasoline,382.0HP 5.5L 8 Cylinder Engine Gasoline Fuel,7-Speed A/T,Silver,Black,At least 1 accident or damage reported,Yes,10000.0,19,0.07246324301997811,1,6900.0,1
RAM,1500 TRX,2022,24058.0,Gasoline,"HEMI 6.2L V-8 intercooled supercharger, premium unleaded, engine","Automatic, 8-Spd",Flame Red Clearcoat,BLACK,None reported,Yes,81900.0,4,3.4041315100378235,0,4811.6,0
Audi,RS 7 4.0T Prestige,2016,31500.0,Gasoline,560.0HP 4.0L 8 Cylinder Engine Gasoline Fuel,8-Speed A/T,Gray,Black,None reported,Yes,67000.0,10,2.1269166058220375,1,2863.6363636363635,0
Porsche,Macan S,2020,19701.0,Gasoline,3.0 Liter,Automatic,–,–,None reported,Yes,55998.0,6,2.8422495178154503,1,2814.4285714285716,0
Genesis,GV70 3.5T Sport,2022,10200.0,Gasoline,375.0HP 3.5L V6 Cylinder Engine Gasoline Fuel,A/T,White,Black,None reported,Yes,50500.0,4,4.9504950495049505,0,2040.0,0
Aston,Martin V8 Vantage Base,2008,62378.0,Gasoline,380.0HP 4.3L 8 Cylinder Engine Gasoline Fuel,M/T,Red,Beige,At least 1 accident or damage reported,Yes,33995.0,18,0.5449750717388865,0,3283.0526315789475,1
Nissan,350Z Touring,2006,84200.0,Gasoline,300.0HP 3.5L V6 Cylinder Engine Gasoline Fuel,6-Speed M/T,Silver,Gray,None reported,Yes,10200.0,20,0.12113870381586916,0,4009.5238095238096,0
Toyota,Sequoia SR5,2013,138700.0,E85 Flex Fuel,381.0HP 5.7L 8 Cylinder Engine Flex Fuel Capability,A/T,White,Gray,At least 1 accident or damage reported,Yes,18800.0,13,0.13554336306154965,0,9907.142857142857,1
Chevrolet,Tahoe Premier,2021,41050.0,Gasoline,355.0HP 5.3L 8 Cylinder Engine Gasoline Fuel,10-Speed A/T,Gray,Gray,None reported,Yes,62900.0,5,1.532240383912694,0,6841.666666666667,0
Jeep,Compass Limited,2020,39192.0,Gasoline,2.4L I4 16V MPFI SOHC,9-Speed Automatic,White Clearcoat,Black,None reported,Yes,24590.0,6,0.627407955502258,0,5598.857142857143,0
BMW,430 430i,2022,7758.0,Gasoline,2.0 Liter Turbo,Automatic,Black,Black,None reported,Yes,47998.0,4,6.186106457017657,1,1551.6,0
Ford,Bronco Sport Outer Banks,2021,31654.0,Gasoline,1.5L I3 12V PDI DOHC Turbo,8-Speed Automatic,Rapid Red Metallic Tinted Clearcoat,Navy Pier,None reported,Yes,33410.0,5,1.055441478439425,0,5275.666666666667,0
Mercedes-Benz,AMG C 63 Base,2017,63000.0,Gasoline,469.0HP 4.0L 8 Cylinder Engine Gasoline Fuel,A/T,White,Black,At least 1 accident or damage reported,Yes,42000.0,9,0.6666560848240504,1,6300.0,1
Volvo,S40 T5,2005,257700.0,Gasoline,218.0HP 2.5L 5 Cylinder Engine Gasoline Fuel,6-Speed M/T,Red,Beige,None reported,Yes,3550.0,21,0.013775654731646365,0,11713.636363636364,0
Mercedes-Benz,GLE 350 Base 4MATIC,2017,57000.0,Gasoline,302.0HP 3.5L V6 Cylinder Engine Gasoline Fuel,7-Speed A/T,White,Black,At least 1 accident or damage reported,Yes,29500.0,9,0.5175347800915774,1,5700.0,1
Chevrolet,Silverado 1500 1LT,2017,89000.0,Gasoline,355.0HP 5.3L 8 Cylinder Engine Gasoline Fuel,6-Speed A/T,Gray,Gray,None reported,Yes,29999.0,9,0.3370636284985562,0,8900.0,0
Chevrolet,Tahoe LTZ,2015,134500.0,Gasoline,355.0HP 5.3L 8 Cylinder Engine Gasoline Fuel,A/T,Black,Black,None reported,Yes,28000.0,11,0.20817689087813473,0,11208.333333333334,0
Acura,MDX Technology,2022,15895.0,Gasoline,3.5L V6 24V GDI SOHC,10-Speed Automatic,Majestic Black Pearl,Parchment,None reported,Yes,47950.0,4,3.016482133870156,0,3179.0,0
Bentley,Bentayga Speed,2020,15109.0,Gasoline,6.0L W12 48V PDI DOHC Twin Turbo,8-Speed Automatic,Ice,Beluga Hide,None reported,Yes,162950.0,6,10.784248841826605,1,2158.4285714285716,0
Rolls-Royce,Cullinan,2022,398.0,Gasoline,6.7L V12 48V GDI DOHC Twin Turbo,8-Speed Automatic,Silver,Charles Blue,None reported,Yes,695000.0,4,1741.8546365914788,0,79.6,0
Genesis,GV70 2.5T,2022,20319.0,Gasoline,300.0HP 2.5L 4 Cylinder Engine Gasoline Fuel,Transmission w/Dual Shift Mode,White,Black,None reported,Yes,44249.0,4,2.1776082677165354,0,4063.8,0
Pontiac,Firebird Base,1999,158000.0,Gasoline,200.0HP 3.8L V6 Cylinder Engine Gasoline Fuel,4-Speed A/T,White,Black,At least 1 accident or damage reported,Yes,2500.0,27,0.015822684666552744,0,5642.857142857143,1
Lexus,GX 460 Base,2021,40906.0,Gasoline,4.6 Liter,Automatic,Black,Black,None reported,Yes,51998.0,5,1.271127190945315,1,6817.666666666667,0
BMW,ALPINA B7 ALPINA B7 xDrive,2020,33749.0,Gasoline,4.4 Liter Twin Turbo,Automatic,Blue,Red,None reported,Yes,85998.0,6,2.548088888888889,1,4821.285714285715,0
BMW,M4 Competition xDrive,2023,1120.0,Gasoline,503.0HP 3.0L Straight 6 Cylinder Engine Gasoline Fuel,8-Speed A/T,Gray,White,None reported,Yes,92900.0,3,82.87243532560214,1,280.0,0
Jeep,Grand Cherokee L Limited,2021,26088.0,Gasoline,3.6L V6 24V MPFI DOHC,8-Speed Automatic,Silver Zynith,Global Black,None reported,Yes,38383.0,5,1.4712330867415386,0,4348.0,0
Kia,Forte GT-Line,2022,14950.0,Gasoline,147.0HP 2.0L 4 Cylinder Engine Gasoline Fuel,A/T,Silver,Gray,At least 1 accident or damage reported,Yes,24000.0,4,1.6052437964015784,0,2990.0,1
Kia,Forte LX,2018,47466.0,Gasoline,"2L I-4 DOHC, D-CVVT variable valve control, engine with 147HP",Automatic,Silky Silver,Black,None reported,Yes,14699.0,8,0.30966776918701416,0,5274.0,0
BMW,X6 M Base,2022,10376.0,Gasoline,4.4L V8 32V GDI DOHC Twin Turbo,8-Speed Automatic,Ametrin Metallic,Black,None reported,Yes,98900.0,4,9.530692878481256,1,2075.2,0
RAM,ProMaster 3500 High Roof,2021,18500.0,Gasoline,280.0HP 3.6L V6 Cylinder Engine Gasoline Fuel,A/T,White,Black,None reported,Yes,41950.0,5,2.267445002972812,0,3083.3333333333335,0
Volkswagen,Atlas Cross Sport 3.6L V6 SEL Premium,2021,24596.0,Gasoline,3.6L V6 24V GDI DOHC,8-Speed Automatic,Deep Black Pearl Effect,Titan Black / Quarzit,None reported,Yes,38322.0,5,1.5579948774240762,0,4099.333333333333,0
Hyundai,Santa Fe SEL,2021,2905.0,Gasoline,2.5L I4 16V PDI DOHC,8-Speed Automatic,Shimmering Silver,Black,None reported,Yes,27599.0,5,9.497247075017206,0,484.1666666666667,0
Jaguar,XF 3.0 Portfolio,2015,71290.0,Gasoline,340.0HP 3.0L V6 Cylinder Engine Gasoline Fuel,A/T,Brown,Black,At least 1 accident or damage reported,Yes,21000.0,11,0.29456733669046586,0,5940.833333333333,1
Audi,A7 55 Premium Plus,2022,15000.0,Hybrid,335.0HP 3.0L V6 Cylinder Engine Gasoline/Mild Electric Hybrid,A/T,Gray,Black,None reported,Yes,63000.0,4,4.199720018665422,1,3000.0,0
INFINITI,QX30 Premium,2017,37900.0,Gasoline,208.0HP 2.0L 4 Cylinder Engine Gasoline Fuel,7-Speed A/T,Gray,Black,None reported,Yes,22000.0,9,0.5804596184797235,0,3790.0,0
Mercedes-Benz,AMG G 63 4MATIC,2022,2000.0,Gasoline,577.0HP 4.0L 8 Cylinder Engine Gasoline Fuel,Transmission w/Dual Shift Mode,Black,Black,None reported,Yes,244896.0,4,122.38680659670165,1,400.0,0
Mercedes-Benz,AMG C 43 AMG C 43 4MATIC,2019,32500.0,Gasoline,385.0HP 3.0L V6 Cylinder Engine Gasoline Fuel,9-Speed A/T,Black,Black,None reported,Yes,43500.0,7,1.3384203562967294,1,4062.5,0
Mitsubishi,Lancer Evolution Base,2003,61491.0,Gasoline,271.0HP 2.0L 4 Cylinder Engine Gasoline Fuel,5-Speed M/T,Blue,Black,At least 1 accident or damage reported,Yes,28000.0,23,0.4553437845573408,0,2562.125,1
Jeep,Wrangler Unlimited Sport,2013,77634.0,Gasoline,3.6L V6 24V MPFI DOHC,5-Speed Automatic,Gecko Pearlcoat,Black,None reported,Yes,24590.0,13,0.3167385844013654,0,5545.285714285715,0
Audi,A3 2.0 TDI Premium Plus,2015,83000.0,Diesel,150.0HP 2.0L 4 Cylinder Engine Diesel Fuel,6-Speed A/T,Black,Black,At least 1 accident or damage reported,Yes,18999.0,11,0.22890085661618534,1,6916.666666666667,1
Volkswagen,Jetta GLX VR6,2002,121800.0,Gasoline,174.0HP 2.8L V6 Cylinder Engine Gasoline Fuel,5-Speed M/T,Black,Black,None reported,Yes,4300.0,24,0.035303486835083456,0,4872.0,0
BMW,ALPINA B7 ALPINA B7 xDrive,2020,65852.0,Gasoline,4.4 Liter Twin Turbo,Automatic,Black,Mocha,None reported,Yes,68998.0,6,1.0477578849862572,1,9407.42857142857,0
Bentley,Bentayga Azure First Edition,2023,1335.0,Gasoline,4.0L V8 32V GDI DOHC Twin Turbo,8-Speed Automatic,Onyx,Portland,None reported,Yes,272950.0,3,204.30389221556885,1,333.75,0
Mercedes-Benz,CLA-Class CLA 250,2014,83315.0,Gasoline,208.0HP 2.0L 4 Cylinder Engine Gasoline Fuel,A/T,White,White,None reported,Yes,15000.0,12,0.18003744778914013,1,6408.846153846154,0
BMW,i8 Base,2019,18421.0,Plug-In Hybrid,369.0HP 1.5L 3 Cylinder Engine Plug-In Electric/Gas,6-Speed A/T,Black,Black,None reported,Yes,85000.0,7,4.614048420366952,1,2302.625,0
Lexus,CT 200h Premium,2015,101000.0,Hybrid,134.0HP 1.8L 4 Cylinder Engine Gas/Electric Hybrid,A/T,Black,Black,At least 1 accident or damage reported,Yes,16500.0,11,0.16336471916119644,1,8416.666666666666,1
Toyota,Tundra SR5,2022,29322.0,Gasoline,3.4L V6 24V PDI DOHC Twin Turbo,10-Speed Automatic,Gray,Black,None reported,Yes,44999.0,4,1.5345974149984654,0,5864.4,0
Mercedes-Benz,SLC 300 Base,2019,23900.0,Gasoline,241.0HP 2.0L 4 Cylinder Engine Gasoline Fuel,9-Speed A/T,White,Black,None reported,Yes,35999.0,7,1.5061712899041881,1,2987.5,0
Mercedes-Benz,AMG C AMG C 63 S,2016,40515.0,Gasoline,4.0L V8 32V GDI DOHC Twin Turbo,7-Speed Automatic,Black,Black,At least 1 accident or damage reported,Yes,47999.0,10,1.1846924671734624,1,3683.181818181818,1
Ford,F-150 XLT,2020,67516.0,Gasoline,3.5L V6 24V PDI DOHC Twin Turbo,Automatic,Gray,Medium Light Camel,None reported,Yes,36994.0,6,0.5479212642741828,0,9645.142857142857,0
Mazda,CX-9 Grand Touring,2010,155000.0,Gasoline,273.0HP 3.7L V6 Cylinder Engine Gasoline Fuel,6-Speed A/T,Silver,Black,None reported,Yes,8300.0,16,0.0535480416255379,0,9117.64705882353,0
Honda,Ridgeline RTL-E,2019,26998.0,Gasoline,3.5L V6 24V GDI SOHC,6-Speed Automatic,Black,Black,None reported,Yes,35557.0,7,1.316974702766769,0,3374.75,0
Bentley,Bentayga Onyx Edition,2018,18500.0,Gasoline,600.0HP 6.0L 12 Cylinder Engine Gasoline Fuel,8-Speed A/T,Black,Brown,None reported,Yes,115000.0,8,6.215880222690665,1,2055.5555555555557,0
MINI,Cooper S Clubman Base,2009,137600.0,Gasoline,172.0HP 1.6L 4 Cylinder Engine Gasoline Fuel,6-Speed M/T,Gold,Black,None reported,Yes,6880.0,17,0.049999636630547746,0,7644.444444444444,0
Nissan,Murano SL,2005,125500.0,Gasoline,245.0HP 3.5L V6 Cylinder Engine Gasoline Fuel,CVT Transmission,Black,Beige,None reported,Yes,3950.0,21,0.031473852797985674,0,5704.545454545455,0
Bentley,Bentayga V8,2019,22039.0,Gasoline,542.0HP 4.0L 8 Cylinder Engine Gasoline Fuel,8-Speed A/T,White,Black,None reported,Yes,113990.0,7,5.171960072595281,1,2754.875,0
Nissan,Juke SV,2011,137483.0,Gasoline,188.0HP 1.6L 4 Cylinder Engine Gasoline Fuel,CVT Transmission,White,Gray,None reported,Yes,3200.0,15,0.023275435687061766,0,8592.6875,0
Ford,Expedition Max Limited,2019,67500.0,Gasoline,375.0HP 3.5L V6 Cylinder Engine Gasoline Fuel,10-Speed A/T,Gray,Black,None reported,Yes,40500.0,7,0.5999911112427964,0,8437.5,0
Ford,Expedition Max King Ranch,2020,52000.0,Gasoline,375.0HP 3.5L V6 Cylinder Engine Gasoline Fuel,10-Speed A/T,Gray,Brown,At least 1 accident or damage reported,Yes,53722.0,6,1.0330955173938963,0,7428.571428571428,1
Lamborghini,Murcielago Base,2006,10000.0,Gasoline,571.0HP 6.2L 12 Cylinder Engine Gasoline Fuel,A/T,Red,Black,None reported,Yes,259000.0,20,25.8974102589741,0,476.1904761904762,0
Chevrolet,Suburban LT,2017,195361.0,Gasoline,355.0HP 5.3L 8 Cylinder Engine Gasoline Fuel,Transmission Overdrive Switch,Black,Black,At least 1 accident or damage reported,Yes,26000.0,9,0.13308627061557518,0,19536.1,1
Bentley,Bentayga Onyx Edition,2018,32500.0,Gasoline,600.0HP 6.0L 12 Cylinder Engine Gasoline Fuel,A/T,Black,Beige,At least 1 accident or damage reported,Yes,103000.0,8,3.1691332574382325,1,3611.1111111111113,1
BMW,M760 i xDrive,2019,14806.0,Gasoline,601.0HP 6.6L 12 Cylinder Engine Gasoline Fuel,Transmission w/Dual Shift Mode,Black,Black,At least 1 accident or damage reported,Yes,81330.0,7,5.49267238468292,1,1850.75,1
Genesis,GV70 2.5T,2022,11000.0,Gasoline,300.0HP 2.5L 4 Cylinder Engine Gasoline Fuel,A/T,White,–,At least 1 accident or damage reported,Yes,48950.0,4,4.449595491318971,0,2200.0,1
Chevrolet,Tahoe LT,2011,92530.0,E85 Flex Fuel,320.0HP 5.3L 8 Cylinder Engine Flex Fuel Capability,A/T,Red,Black,At least 1 accident or damage reported,Yes,18500.0,15,0.19993299542855908,0,5783.125,1
Dodge,Durango GT,2017,34845.0,Gasoline,295.0HP 3.6L V6 Cylinder Engine Gasoline Fuel,A/T,White,Black,At least 1 accident or damage reported,Yes,30000.0,9,0.8609309533375423,0,3484.5,1
Porsche,718 Cayman GTS,2018,16280.0,Gasoline,365.0HP 2.5L 4 Cylinder Engine Gasoline Fuel,Transmission w/Dual Shift Mode,Red,Black,None reported,Yes,85500.0,8,5.251520176893311,1,1808.888888888889,0
Porsche,Cayman Base,2011,77000.0,Gasoline,265.0HP 2.9L Flat 6 Cylinder Engine Gasoline Fuel,A/T,Red,Beige,None reported,Yes,32000.0,15,0.4155790184543058,1,4812.5,0
Porsche,Panamera Turbo,2010,63000.0,Gasoline,500.0HP 4.8L 8 Cylinder Engine Gasoline Fuel,7-Speed A/T,Black,Beige,At least 1 accident or damage reported,Yes,38500.0,16,0.6111014110887129,1,3705.8823529411766,1
Lexus,ES 350 Base,2016,39700.0,Gasoline,268.0HP 3.5L V6 Cylinder Engine Gasoline Fuel,6-Speed A/T,White,Beige,None reported,Yes,25500.0,10,0.6423012014810711,1,3609.090909090909,0
Kia,Optima Hybrid LX,2013,103111.0,Hybrid,199.0HP 2.4L 4 Cylinder Engine Gas/Electric Hybrid,A/T,Silver,Beige,At least 1 accident or damage reported,Yes,9200.0,13,0.08922336876406238,0,7365.071428571428,1
Land,Rover Range Rover Velar R-Dynamic SE,2019,75897.0,Gasoline,2.0 Liter,Automatic,Black,Black,None reported,Yes,35998.0,7,0.4742944478115365,1,9487.125,0
Jaguar,XF S,2017,55000.0,Gasoline,380.0HP 3.0L V6 Cylinder Engine Gasoline Fuel,Transmission w/Dual Shift Mode,Gray,Red,None reported,Yes,34000.0,9,0.6181705787167506,0,5500.0,0
Lexus,GX 470 Base,2005,114000.0,Gasoline,270.0HP 4.7L 8 Cylinder Engine Gasoline Fuel,A/T,Silver,Gray,At least 1 accident or damage reported,Yes,13450.0,21,0.11798142121560337,1,5181.818181818182,1
Mercedes-Benz,GL-Class GL 550,2011,80124.0,Gasoline,382.0HP 5.5L 8 Cylinder Engine Gasoline Fuel,7-Speed A/T,Black,Black,None reported,Yes,17500.0,15,0.21840873634945399,1,5007.75,0
BMW,X6 M Base,2023,7000.0,Gasoline,600.0HP 4.4L 8 Cylinder Engine Gasoline Fuel,Transmission w/Dual Shift Mode,Gray,Gray,None reported,Yes,144900.0,3,20.697043279531496,1,1750.0,0
RAM,1500 Longhorn,2023,4285.0,Gasoline,5.7L V8 16V MPFI OHV,Automatic,Delmonico Red Pearlcoat,Black / Saddle,None reported,Yes,65688.0,3,15.326178254783015,0,1071.25,0
Lamborghini,Huracan LP580-2S,2019,17175.0,Gasoline,5.2L V10 40V GDI DOHC,7-Speed Automatic with Auto-Shift,Rosso Mars Metallic,Nero Ade,None reported,Yes,234900.0,7,13.676059618071728,0,2146.875,0
Toyota,Highlander Hybrid Limited Platinum,2017,34049.0,Hybrid,3.5L V6 24V PDI DOHC Hybrid,Automatic CVT,Shoreline Blue Pearl,Ash,None reported,Yes,37999.0,9,1.1159765051395008,0,3404.9,0
Audi,e-tron Prestige,2019,16000.0,Gasoline,355.0HP Electric Motor Electric Fuel System,A/T,White,Beige,At least 1 accident or damage reported,Yes,39990.0,7,2.4992187988250736,1,2000.0,1
GMC,Suburban 2500,1996,95000.0,Gasoline,290.0HP 7.4L 8 Cylinder Engine Gasoline Fuel,4-Speed A/T,White,Gray,None reported,Yes,25000.0,30,0.2631551246828981,0,3064.516129032258,0
Land,Rover Range Rover Velar SVAutobiography Dynamic Edition,2020,59355.0,Gasoline,V8,Automatic,Santorini Black,Ebony / Pimento,None reported,Yes,72995.0,6,1.229783004245569,1,8479.285714285714,0
Chevrolet,Bolt EUV Premier,2022,31000.0,Gasoline,200.0HP Electric Motor Electric Fuel System,1-Speed A/T,Red,White,None reported,Yes,36000.0,4,1.1612528628108771,0,6200.0,0
BMW,M240 i,2019,19300.0,Gasoline,335.0HP 3.0L Straight 6 Cylinder Engine Gasoline Fuel,8-Speed A/T,White,Red,None reported,Yes,36000.0,7,1.8651883322107663,1,2412.5,0
Cadillac,Escalade EXT Base,2009,155000.0,E85 Flex Fuel,403.0HP 6.2L 8 Cylinder Engine Flex Fuel Capability,6-Speed A/T,Red,Beige,At least 1 accident or damage reported,Yes,16900.0,17,0.10903155463513138,0,8611.111111111111,1
Scion,tC Release Series 6.0,2010,120010.0,Gasoline,161.0HP 2.4L 4 Cylinder Engine Gasoline Fuel,4-Speed A/T,Gray,Black,At least 1 accident or damage reported,Yes,6500.0,16,0.054161701843997635,0,7059.411764705882,1
Kia,Optima EX,2012,152520.0,Gasoline,200.0HP 2.4L 4 Cylinder Engine Gasoline Fuel,6-Speed A/T,White,Beige,None reported,Yes,10900.0,14,0.0714655686757889,0,10168.0,0
Honda,Civic EX,1993,58981.0,–,–,A/T,White,Beige,None reported,Yes,9599.0,33,0.16274456613882202,0,1734.735294117647,0
Maserati,Quattroporte Base,2005,32000.0,Gasoline,394.0HP 4.2L 8 Cylinder Engine Gasoline Fuel,Transmission w/Dual Shift Mode,Red,Beige,At least 1 accident or damage reported,Yes,2954083.0,21,92.31220899346896,1,1454.5454545454545,1
Porsche,Panamera Turbo,2015,47000.0,Gasoline,520.0HP 4.8L 8 Cylinder Engine Gasoline Fuel,Transmission w/Dual Shift Mode,Black,Brown,None reported,Yes,50000.0,11,1.063807153039297,1,3916.6666666666665,0
Genesis,G70 2.0T,2023,2046.0,Gasoline,252.0HP 2.0L 4 Cylinder Engine Gasoline Fuel,8-Speed A/T,Green,Gray,None reported,Yes,43499.0,3,21.250122129946263,0,511.5,0
Chevrolet,Trailblazer LS,2021,24965.0,Gasoline,1.2L I3 12V GDI DOHC Turbo,Automatic CVT,Mosaic Black Metallic,Jet Black,At least 1 accident or damage reported,Yes,22995.0,5,0.9210526315789473,0,4160.833333333333,1
Toyota,Camry LE,2005,108000.0,Gasoline,160.0HP 2.4L 4 Cylinder Engine Gasoline Fuel,5-Speed A/T,Beige,Gray,None reported,Yes,7850.0,21,0.07268451218044278,0,4909.090909090909,0
Toyota,Sienna LE,2015,76000.0,Gasoline,266.0HP 3.5L V6 Cylinder Engine Gasoline Fuel,A/T,Red,Gray,None reported,Yes,18300.0,11,0.24078630544334942,0,6333.333333333333,0
Porsche,911 Carrera S,2014,30000.0,Gasoline,400.0HP 3.8L Flat 6 Cylinder Engine Gasoline Fuel,7-Speed A/T,Black,Brown,None reported,Yes,78500.0,12,2.616579447351755,1,2307.6923076923076,0
Volvo,V60 T6 R-Design Platinum,2015,59271.0,Gasoline,325.0HP 3.0L Straight 6 Cylinder Engine Gasoline Fuel,6-Speed A/T,Blue,Black,None reported,Yes,29900.0,11,0.5044540423808881,0,4939.25,0
Lexus,LX 600 Premium,2023,1500.0,Gasoline,409.0HP 3.4L V6 Cylinder Engine Gasoline Fuel,10-Speed A/T,Gray,Black,None reported,Yes,119500.0,3,79.61359093937375,1,375.0,0
BMW,330e iPerformance,2017,52500.0,Plug-In Hybrid,247.0HP 2.0L 4 Cylinder Engine Plug-In Electric/Gas,Transmission w/Dual Shift Mode,Blue,Black,At least 1 accident or damage reported,Yes,24950.0,9,0.47522904325631893,1,5250.0,1
Tesla,Model Y Long Range,2020,23100.0,Gasoline,425.0HP Electric Motor Electric Fuel System,A/T,Blue,White,None reported,Yes,36495.0,6,1.5798017401844076,0,3300.0,0
FIAT,124 Spider Abarth,2017,45000.0,Gasoline,164.0HP 1.4L 4 Cylinder Engine Gasoline Fuel,6-Speed M/T,Gray,Black,At least 1 accident or damage reported,Yes,22500.0,9,0.499988889135797,0,4500.0,1
Dodge,Ram 1500 Quad Cab,2002,179000.0,Gasoline,245.0HP 5.9L 8 Cylinder Engine Gasoline Fuel,A/T,Black,Black,At least 1 accident or damage reported,Yes,6500.0,24,0.036312646298065375,0,7160.0,1
Toyota,Supra A91-MT Edition,2023,1500.0,Gasoline,382.0HP 3.0L Straight 6 Cylinder Engine Gasoline Fuel,6-Speed M/T,Gray,Orange,None reported,Yes,84900.0,3,56.562291805463026,0,375.0,0
BMW,X7 xDrive40i,2022,38671.0,Hybrid,3.0 Liter Turbo,Automatic,Gray,Blk,None reported,Yes,66998.0,4,1.7324679354571784,1,7734.2,0
Jeep,Wrangler Unlimited X,2007,135465.0,Gasoline,205.0HP 3.8L V6 Cylinder Engine Gasoline Fuel,A/T,Black,Gray,None reported,Yes,15750.0,19,0.11626533595145645,0,6773.25,0
MINI,Countryman Cooper S ALL4,2014,79000.0,Gasoline,181.0HP 1.6L 4 Cylinder Engine Gasoline Fuel,Transmission w/Dual Shift Mode,White,Black,None reported,Yes,17000.0,12,0.2151871495297528,0,6076.923076923077,0
Nissan,Maxima SV,2012,42259.0,Gasoline,290.0HP 3.5L V6 Cylinder Engine Gasoline Fuel,CVT Transmission,Black,Black,At least 1 accident or damage reported,Yes,17000.0,14,0.4022716516800757,0,2817.266666666667,1
Toyota,Camry Solara SLE V6,2006,159890.0,Gasoline,225.0HP 3.3L V6 Cylinder Engine Gasoline Fuel,A/T,Blue,Gray,At least 1 accident or damage reported,Yes,6500.0,20,0.040652694648229105,0,7613.809523809524,1
Maserati,Grecale Modena,2023,2200.0,Hybrid,325.0HP 2.0L 4 Cylinder Engine Gasoline/Mild Electric Hybrid,Transmission w/Dual Shift Mode,Black,Red,None reported,Yes,75000.0,3,34.075420263516584,1,550.0,0
Lexus,RX 450h Base,2022,15833.0,Hybrid,308.0HP 3.5L V6 Cylinder Engine Gas/Electric Hybrid,CVT Transmission,White,Beige,None reported,Yes,52000.0,4,3.284072249589491,1,3166.6,0
BMW,328 i xDrive,2013,96000.0,Gasoline,240.0HP 2.0L 4 Cylinder Engine Gasoline Fuel,Transmission w/Dual Shift Mode,Black,Black,At least 1 accident or damage reported,Yes,13500.0,13,0.14062353517150863,1,6857.142857142857,1
BMW,135 i,2009,72900.0,Gasoline,300.0HP 3.0L Straight 6 Cylinder Engine Gasoline Fuel,6-Speed A/T,Gray,Gray,None reported,Yes,15500.0,17,0.212617110876394,1,4050.0,0
BMW,X7 M50i,2021,7121.0,Gasoline,4.4 Liter Twin Turbo,Automatic,Gray,Black,None reported,Yes,94998.0,5,13.338668913226622,1,1186.8333333333333,0
Hyundai,Tucson Hybrid SEL Convenience,2023,3402.0,Hybrid,226.0HP 1.6L 4 Cylinder Engine Gas/Electric Hybrid,A/T,White,Black,None reported,Yes,44000.0,3,12.929767851895386,0,850.5,0
Volvo,C30 T5 Premier Plus,2013,73000.0,Gasoline,227.0HP 2.5L 5 Cylinder Engine Gasoline Fuel,A/T,Silver,Black,None reported,Yes,13900.0,13,0.19040835057054012,0,5214.285714285715,0
Karma,Revero Base,2018,21000.0,Gasoline,403.0HP 2.0L Electric Motor Electric Fuel System,A/T,White,Black,None reported,Yes,51000.0,8,2.428455787819628,0,2333.3333333333335,0
BMW,X7 xDrive40i,2021,30309.0,Hybrid,3.0 Liter Turbo,Automatic,Blue,Tan,None reported,Yes,63598.0,5,2.098251402177499,1,5051.5,0
Ford,Mustang Mach-E California Route 1,2021,24000.0,Gasoline,290.0HP Electric Motor Electric Fuel System,1-Speed A/T,White,Black,None reported,Yes,38000.0,5,1.5832673638598391,0,4000.0,0
BMW,740 i,2016,73000.0,Gasoline,320.0HP 3.0L Straight 6 Cylinder Engine Gasoline Fuel,Transmission w/Dual Shift Mode,Black,Black,None reported,Yes,23999.0,10,0.32874892124765415,1,6636.363636363636,0
Ford,Edge SEL,2019,26465.0,Gasoline,2.0L I4 16V GDI DOHC Turbo,8-Speed Automatic,White Platinum Tri-Coat Metallic,Ebony,None reported,Yes,24998.0,7,0.9445326078742537,0,3308.125,0
Volkswagen,Arteon 2.0T SEL Premium R-Line,2020,26870.0,Gasoline,2.0L I4 16V GDI DOHC Turbo,8-Speed Automatic,Deep Black Pearl Effect,Mistral Gray / Raven,At least 1 accident or damage reported,Yes,34645.0,6,1.2893081761006289,0,3838.5714285714284,1
Honda,Pilot EX,2004,184000.0,Gasoline,240.0HP 3.5L V6 Cylinder Engine Gasoline Fuel,A/T,Blue,Gray,At least 1 accident or damage reported,Yes,10500.0,22,0.057064907255938824,0,8000.0,1
BMW,X7 ALPINA XB7,2022,4514.0,Gasoline,4.4 Liter Twin Turbo,Automatic,Gray,Black,None reported,Yes,132998.0,4,29.456921373200444,1,902.8,0
RAM,2500 Tradesman,2022,1300.0,Gasoline,410.0HP 6.4L 8 Cylinder Engine Gasoline Fuel,8-Speed A/T,Red,Black,None reported,Yes,48000.0,4,36.89469638739431,0,260.0,0
Jeep,Grand Cherokee Limited,2018,49924.0,Gasoline,293.0HP 3.6L V6 Cylinder Engine Gasoline Fuel,8-Speed A/T,White,Black,None reported,Yes,26500.0,8,0.5307961942914372,0,5547.111111111111,0
GMC,Yukon Denali,2019,36526.0,Gasoline,420.0HP 6.2L 8 Cylinder Engine Gasoline Fuel,10-Speed A/T,Red,Black,None reported,Yes,57850.0,7,1.5837599583869466,0,4565.75,0
BMW,M6 Base,2015,37000.0,Gasoline,560.0HP 4.4L 8 Cylinder Engine Gasoline Fuel,Transmission w/Dual Shift Mode,Silver,Silver,None reported,Yes,45950.0,11,1.2418583281532931,1,3083.3333333333335,0
Acura,MDX 3.5L w/Advance & Entertainment Pkgs,2017,79884.0,Gasoline,3.5L V6 24V GDI SOHC,9-Speed Automatic,Gray,Graystone,At least 1 accident or damage reported,Yes,24840.0,9,0.3109469862927959,0,7988.4,1
Volkswagen,Beetle 1.8T,2016,30000.0,Gasoline,170.0HP 1.8L 4 Cylinder Engine Gasoline Fuel,Transmission w/Dual Shift Mode,Blue,Beige,At least 1 accident or damage reported,Yes,19000.0,10,0.6333122229259025,0,2727.2727272727275,1
BMW,X6 M Base,2021,11102.0,Gasoline,600.0HP 4.4L 8 Cylinder Engine Gasoline Fuel,8-Speed A/T,Black,Black,None reported,Yes,101000.0,5,9.096640547599748,1,1850.3333333333333,0
Ford,Mustang GT Premium,2012,105500.0,Gasoline,412.0HP 5.0L 8 Cylinder Engine Gasoline Fuel,6-Speed M/T,Silver,Black,None reported,Yes,19000.0,14,0.18009307968644847,0,7033.333333333333,0
BMW,X7 xDrive50i,2019,31157.0,Gasoline,4.4 Liter GDI DOHC Twin Turbo,Automatic,Black,Blk,None reported,Yes,65998.0,7,2.118171898067912,1,3894.625,0
Kia,Sorento LX V6,2019,86204.0,Gasoline,3.3L V6 24V GDI DOHC,8-Speed Automatic,Sparkling Silver,Satin Black,At least 1 accident or damage reported,Yes,20708.0,7,0.24021808479786555,0,10775.5,1
BMW,435 i,2014,80211.0,Gasoline,300.0HP 3.0L Straight 6 Cylinder Engine Gasoline Fuel,A/T,Gray,Red,At least 1 accident or damage reported,Yes,17995.0,12,0.22434299107365482,1,6170.076923076923,1
Aston,Martin V8 Vantage Base,2010,25991.0,Gasoline,420.0HP 4.7L 8 Cylinder Engine Gasoline Fuel,6-Speed A/T,Silver,Black,None reported,Yes,69995.0,16,2.692943982763927,0,1528.8823529411766,0
Mercedes-Benz,CLK-Class CLK 350,2008,73000.0,Gasoline,268.0HP 3.5L V6 Cylinder Engine Gasoline Fuel,7-Speed A/T,Black,Black,None reported,Yes,8400.0,18,0.11506691689154944,1,3842.1052631578946,0
BMW,740 i,2018,40989.0,Gasoline,320.0HP 3.0L Straight 6 Cylinder Engine Gasoline Fuel,8-Speed A/T,Black,Gold,None reported,Yes,35000.0,8,0.8538667967797023,1,4554.333333333333,0
Dodge,Caliber Express,2010,102681.0,Gasoline,158.0HP 2.0L 4 Cylinder Engine Gasoline Fuel,M/T,Red,Black,None reported,Yes,6000.0,16,0.05843283146023646,0,6040.058823529412,0
Acura,ZDX Base,2010,123000.0,Gasoline,300.0HP 3.7L V6 Cylinder Engine Gasoline Fuel,Transmission w/Dual Shift Mode,Black,Black,At least 1 accident or damage reported,Yes,13888.0,16,0.11290965114104763,0,7235.294117647059,1
Jeep,Wrangler X,2005,160900.0,Gasoline,190.0HP 4.0L Straight 6 Cylinder Engine Gasoline Fuel,4-Speed A/T,Black,–,At least 1 accident or damage reported,Yes,7200.0,21,0.04474801275318364,0,7313.636363636364,1
BMW,M3 Base,2011,105000.0,Gasoline,414.0HP 4.0L 8 Cylinder Engine Gasoline Fuel,6-Speed M/T,Silver,Black,At least 1 accident or damage reported,Yes,21900.0,15,0.2085694421957886,1,6562.5,1
Kia,Sportage Plug-In Hybrid X-Line,2023,1340.0,Plug-In Hybrid,177.0HP 1.6L 4 Cylinder Engine Plug-In Electric/Gas,A/T,Black,Black,None reported,Yes,41000.0,3,30.574198359433257,0,335.0,0
Ford,Mustang Mach-E Premium,2021,17850.0,Gasoline,266.0HP Electric Motor Electric Fuel System,A/T,Red,Black,None reported,Yes,41999.0,5,2.35275334715142,0,2975.0,0
BMW,M3 Base,2011,72277.0,Gasoline,414.0HP 4.0L 8 Cylinder Engine Gasoline Fuel,Transmission w/Dual Shift Mode,Gray,Red,None reported,Yes,34950.0,15,0.48354962782589445,1,4517.3125,0
Jeep,Wrangler Rubicon,2023,7000.0,Hybrid,285.0HP 3.6L V6 Cylinder Engine Gasoline/Mild Electric Hybrid,8-Speed A/T,Gray,Black,None reported,Yes,46000.0,3,6.570489930009998,0,1750.0,0
Porsche,Panamera 4 Platinum Edition,2022,10627.0,Gasoline,"2.9L V-6 gasoline direct injection, DOHC, variable valve control","Automatic, 8-Spd PDK Dual-Clutch",Chalk,BLACK,None reported,Yes,99000.0,4,9.31501693639443,1,2125.4,0
Ford,Explorer XLT,2020,67015.0,Gasoline,2.3L I4 16V GDI DOHC Turbo,10-Speed Automatic,Oxford White,Sandstone,None reported,Yes,28590.0,6,0.4266145398113883,0,9573.57142857143,0
BMW,M4 Base,2018,19600.0,Gasoline,425.0HP 3.0L Straight 6 Cylinder Engine Gasoline Fuel,7-Speed A/T,Black,Black,At least 1 accident or damage reported,Yes,62000.0,8,3.163103923269221,1,2177.777777777778,1
Ford,Mustang Mach-E Premium,2022,5800.0,Gasoline,346.0HP Electric Motor Electric Fuel System,1-Speed A/T,White,White,None reported,Yes,42500.0,4,7.326323047750388,0,1160.0,0
FIAT,500e Battery Electric,2017,33812.0,Gasoline,111.0HP Electric Motor Electric Fuel System,1-Speed A/T,Silver,Black,None reported,Yes,14999.0,9,0.44358678614733976,0,3381.2,0
Cadillac,Escalade Luxury,2015,99897.0,Gasoline,420.0HP 6.2L 8 Cylinder Engine Gasoline Fuel,8-Speed A/T,Black,Black,None reported,Yes,26950.0,11,0.26977517067408757,0,8324.75,0
Mercedes-Benz,SL-Class SL 550,2014,127500.0,Gasoline,429.0HP 4.7L 8 Cylinder Engine Gasoline Fuel,Transmission w/Dual Shift Mode,White,White,None reported,Yes,29000.0,12,0.22744919647689038,1,9807.692307692309,0
Ford,Expedition Limited,2021,23842.0,Gasoline,3.5L V6 24V PDI DOHC Twin Turbo,10-Speed Automatic,Gray,Medium Stone,None reported,Yes,59203.0,5,2.4830348529966866,0,3973.6666666666665,0
Rivian,R1S Adventure Package,2023,2108.0,Gasoline,835.0HP Electric Motor Electric Fuel System,1-Speed A/T,Silver,White,None reported,Yes,91000.0,3,43.1484115694642,0,527.0,0
BMW,M6 Base,2014,65550.0,Gasoline,560.0HP 4.4L 8 Cylinder Engine Gasoline Fuel,Transmission w/Dual Shift Mode,Black,Black,None reported,Yes,39985.0,12,0.6099830666198838,1,5042.307692307692,0
Lamborghini,Huracan LP580-2,2017,22000.0,Gasoline,573.0HP 5.2L 10 Cylinder Engine Gasoline Fuel,Transmission w/Dual Shift Mode,White,Black,None reported,Yes,210000.0,9,9.545020680878142,0,2200.0,0
Ford,Bronco Wildtrak Advanced,2022,15600.0,Gasoline,315.0HP 2.7L V6 Cylinder Engine Gasoline Fuel,Transmission w/Dual Shift Mode,Gray,–,At least 1 accident or damage reported,Yes,68995.0,4,4.422472918402667,0,3120.0,1
Lexus,LC 500 Base,2021,22400.0,Gasoline,471.0HP 5.0L 8 Cylinder Engine Gasoline Fuel,A/T,White,Red,None reported,Yes,81900.0,5,3.6560867818400964,1,3733.3333333333335,0
Lexus,LS 460 Crafted Line,2015,89150.0,Gasoline,360.0HP 4.6L 8 Cylinder Engine Gasoline Fuel,A/T,White,Black,None reported,Yes,31900.0,11,0.3578198786328813,1,7429.166666666667,0
BMW,M4 Base,2023,15000.0,Gasoline,"3L I-6 gasoline direct injection, DOHC, Double VANOS variable va","Automatic, 8-Spd M STEPTRONIC w/Drivelogic, Sport & Manual Modes",BLUE,ORANGE,None reported,Yes,81000.0,3,5.3996400239984,1,3750.0,0
Audi,A3 2.0T Tech Premium,2018,49500.0,Gasoline,220.0HP 2.0L 4 Cylinder Engine Gasoline Fuel,6-Speed A/T,Blue,Gray,None reported,Yes,25000.0,8,0.5050403022161168,1,5500.0,0
Audi,S8 4.2 quattro,2003,126000.0,Gasoline,360.0HP 4.2L 8 Cylinder Engine Gasoline Fuel,Transmission w/Dual Shift Mode,Gray,Black,None reported,Yes,13850.0,23,0.10991976254156713,1,5250.0,0
Volkswagen,Golf GTI 2.0T Autobahn 4-Door,2015,85385.0,Gasoline,210.0HP 2.0L 4 Cylinder Engine Gasoline Fuel,6-Speed M/T,Gray,Black,None reported,Yes,15550.0,11,0.18211416391445903,0,7115.416666666667,0
Cadillac,Escalade Sport,2023,3000.0,Diesel,277.0HP 3.0L Straight 6 Cylinder Engine Diesel Fuel,A/T,White,Brown,None reported,Yes,123999.0,3,41.319226924358546,0,750.0,0
Hyundai,Tucson SE,2018,66126.0,Gasoline,2.0L I4 16V GDI DOHC,6-Speed Automatic,Dazzling White,Gray,None reported,Yes,19190.0,8,0.29019916221815595,0,7347.333333333333,0
Toyota,GR86 Premium,2023,1075.0,Gasoline,228.0HP 2.4L 4 Cylinder Engine Gasoline Fuel,6-Speed M/T,White,Black,None reported,Yes,35000.0,3,32.52788104089219,0,268.75,0
Ford,Bronco Raptor,2023,2489.0,Gasoline,3.0L V6 24V GDI DOHC Twin Turbo,10-Speed Automatic,Oxford White,Black Onyx,None reported,Yes,98900.0,3,39.71887550200803,0,622.25,0
Hyundai,Santa Fe SEL,2021,25000.0,Gasoline,191.0HP 2.5L 4 Cylinder Engine Gasoline Fuel,8-Speed A/T,Black,Gray,None reported,Yes,28500.0,5,1.139954401823927,0,4166.666666666667,0
Nissan,Armada Platinum,2017,92000.0,Gasoline,390.0HP 5.6L 8 Cylinder Engine Gasoline Fuel,7-Speed A/T,Black,Black,None reported,Yes,20900.0,9,0.22717144378865448,0,9200.0,0
Lexus,GX 470 Base,2008,123500.0,Gasoline,263.0HP 4.7L 8 Cylinder Engine Gasoline Fuel,A/T,White,Gray,At least 1 accident or damage reported,Yes,14500.0,18,0.11740795621088089,1,6500.0,1
Cadillac,CTS Premium,2013,105000.0,Gasoline,318.0HP 3.6L V6 Cylinder Engine Gasoline Fuel,6-Speed A/T,Black,Black,At least 1 accident or damage reported,Yes,12000.0,13,0.11428462586070609,0,7500.0,1
Audi,R8 Base,2008,49000.0,Gasoline,420.0HP 4.2L 8 Cylinder Engine Gasoline Fuel,6-Speed M/T,Black,Black,None reported,Yes,63000.0,18,1.2856880471827106,1,2578.9473684210525,0
Jaguar,F-PACE S,2020,28357.0,Gasoline,3.0 Liter,Automatic,Santorini Black Metallic,Pimento Red w/Ebony,None reported,Yes,47598.0,6,1.6784681571337894,0,4051.0,0
Chevrolet,Silverado 1500 1LT,2018,81000.0,E85 Flex Fuel,285.0HP 4.3L V6 Cylinder Engine Flex Fuel Capability,A/T,Red,Gray,None reported,Yes,32000.0,8,0.3950568511499858,0,9000.0,0
Ford,Expedition Limited,2021,45000.0,Gasoline,375.0HP 3.5L V6 Cylinder Engine Gasoline Fuel,Transmission w/Dual Shift Mode,Gray,Black,None reported,Yes,52000.0,5,1.1555298771138418,0,7500.0,0
Toyota,Sequoia Platinum,2011,173456.0,E85 Flex Fuel,381.0HP 5.7L 8 Cylinder Engine Flex Fuel Capability,6-Speed A/T,Black,Gray,At least 1 accident or damage reported,Yes,16000.0,15,0.09224188127316857,0,10841.0,1
BMW,M440 i,2021,13700.0,Hybrid,382.0HP 3.0L Straight 6 Cylinder Engine Gasoline/Mild Electric Hybrid,8-Speed A/T,Black,Beige,None reported,Yes,60000.0,5,4.379242391066345,1,2283.3333333333335,0
Audi,A8 L 55,2019,93400.0,Hybrid,335.0HP 3.0L V6 Cylinder Engine Gasoline/Mild Electric Hybrid,A/T,Silver,Brown,None reported,Yes,42500.0,7,0.4550272481022687,1,11675.0,0
Toyota,Avalon XLE,2015,90000.0,Gasoline,268.0HP 3.5L V6 Cylinder Engine Gasoline Fuel,6-Speed A/T,White,Beige,None reported,Yes,18200.0,11,0.20221997533360742,0,7500.0,0
Porsche,Macan Base,2017,40600.0,Gasoline,252.0HP 2.0L 4 Cylinder Engine Gasoline Fuel,7-Speed A/T,Gray,Black,None reported,Yes,32000.0,9,0.7881579271446516,1,4060.0,0
Lexus,IS 350 F Sport,2023,20121.0,Gasoline,311.0HP 3.5L V6 Cylinder Engine Gasoline Fuel,8-Speed A/T,Gray,Red,None reported,Yes,47124.0,3,2.341914322631945,1,5030.25,0
Mercedes-Benz,Metris Base,2020,3921.0,Gasoline,2.0L I4 16V GDI DOHC Turbo,7-Speed Automatic,Black,White,None reported,Yes,175000.0,6,44.620091789903114,1,560.1428571428571,0
Lexus,RX 350 Base,2011,187450.0,Gasoline,275.0HP 3.5L V6 Cylinder Engine Gasoline Fuel,A/T,Silver,Beige,At least 1 accident or damage reported,Yes,10400.0,15,0.05548116574464793,1,11715.625,1
Toyota,Supra A91 Edition,2021,6400.0,Gasoline,382.0HP 3.0L Straight 6 Cylinder Engine Gasoline Fuel,Transmission w/Dual Shift Mode,Gray,Black,None reported,Yes,68000.0,5,10.62334010310889,0,1066.6666666666667,0
Mercedes-Benz,AMG C 43 Base 4MATIC,2017,54500.0,Gasoline,362.0HP 3.0L V6 Cylinder Engine Gasoline Fuel,9-Speed A/T,White,Black,None reported,Yes,37995.0,9,0.6971431716849232,1,5450.0,0
BMW,X6 xDrive50i,2017,78500.0,Gasoline,445.0HP 4.4L 8 Cylinder Engine Gasoline Fuel,8-Speed A/T,Red,Brown,At least 1 accident or damage reported,Yes,42000.0,9,0.5350250315282608,1,7850.0,1
Chevrolet,Tahoe LT,2018,75000.0,Gasoline,355.0HP 5.3L 8 Cylinder Engine Gasoline Fuel,6-Speed A/T,Silver,Black,None reported,Yes,36000.0,8,0.4799936000853322,0,8333.333333333334,0
Ford,F-150 SVT Raptor,2014,89988.0,Gasoline,411.0HP 6.2L 8 Cylinder Engine Gasoline Fuel,A/T,Red,Red,At least 1 accident or damage reported,Yes,42500.0,12,0.472279945326651,0,6922.153846153846,1
Subaru,Outback 3.0 R VDC Limited,2005,107000.0,Gasoline,250.0HP 3.0L Flat 6 Cylinder Engine Gasoline Fuel,A/T,Gold,Beige,None reported,Yes,7100.0,21,0.06635452005121448,0,4863.636363636364,0
Alfa,Romeo Giulia Ti,2019,21400.0,Gasoline,280.0HP 2.0L 4 Cylinder Engine Gasoline Fuel,8-Speed A/T,White,Black,None reported,Yes,28500.0,7,1.3317134713331154,0,2675.0,0
Mazda,CX-7 Grand Touring,2007,83150.0,Gasoline,244.0HP 2.3L 4 Cylinder Engine Gasoline Fuel,6-Speed A/T,White,Beige,None reported,Yes,6950.0,19,0.0835828793399959,0,4157.5,0
Ford,F-150 Platinum,2018,92000.0,Diesel,250.0HP 3.0L V6 Cylinder Engine Diesel Fuel,10-Speed A/T,Black,Black,At least 1 accident or damage reported,Yes,36500.0,8,0.39673481809980327,0,10222.222222222223,1
Mercedes-Benz,GLE 350 Base 4MATIC,2021,15042.0,Gasoline,2.0L I4 16V GDI DOHC Turbo,9-Speed Automatic,Selenite Gray Metallic,Macchiato,None reported,Yes,54599.0,5,3.6295286844379446,1,2507.0,0
Audi,A7 3.0T Premium Plus,2017,39000.0,Gasoline,333.0HP 3.0L V6 Cylinder Engine Gasoline Fuel,Transmission w/Dual Shift Mode,Black,Black,At least 1 accident or damage reported,Yes,35000.0,9,0.8974128868490552,1,3900.0,1
RAM,2500 Laramie,2017,67483.0,Gasoline,410.0HP 6.4L 8 Cylinder Engine Gasoline Fuel,6-Speed A/T,Brown,Beige,At least 1 accident or damage reported,Yes,46500.0,9,0.6890522197854306,0,6748.3,1
Tesla,Model S 70D,2015,62089.0,Gasoline,329.0HP Electric Motor Electric Fuel System,A/T,Black,Beige,None reported,Yes,29975.0,11,0.4827669511998712,0,5174.083333333333,0
Audi,S8 4.0T Plus,2017,54300.0,Gasoline,605.0HP 4.0L 8 Cylinder Engine Gasoline Fuel,8-Speed A/T,Black,Black,None reported,Yes,53500.0,9,0.9852488904440065,1,5430.0,0
Hyundai,Sonata Hybrid Limited,2022,30565.0,Hybrid,192.0HP 2.0L 4 Cylinder Engine Gas/Electric Hybrid,A/T,Gray,Black,None reported,Yes,29000.0,4,0.9487666034155597,0,6113.0,0
Audi,A8 L 4.0T,2016,142666.0,Gasoline,450.0HP 4.0L 8 Cylinder Engine Gasoline Fuel,8-Speed A/T,Black,Black,At least 1 accident or damage reported,Yes,22000.0,10,0.15420524718400191,1,12969.636363636364,1
Ford,Ranger Sport SuperCab,2009,166200.0,Gasoline,207.0HP 4.0L V6 Cylinder Engine Gasoline Fuel,A/T,Blue,Gray,At least 1 accident or damage reported,Yes,6999.0,17,0.04211165997797847,0,9233.333333333334,1
INFINITI,Q50 Hybrid Premium,2015,88977.0,Hybrid,354.0HP 3.5L V6 Cylinder Engine Gas/Electric Hybrid,7-Speed A/T,Gray,Black,At least 1 accident or damage reported,Yes,19977.0,11,0.22451617253703163,0,7414.75,1
BMW,M3 Base,2011,114890.0,Gasoline,414.0HP 4.0L 8 Cylinder Engine Gasoline Fuel,Transmission w/Dual Shift Mode,White,Beige,None reported,Yes,20990.0,15,0.18269490212462247,1,7180.625,0
Mercedes-Benz,E-Class E 350 4MATIC,2009,171000.0,Gasoline,268.0HP 3.5L V6 Cylinder Engine Gasoline Fuel,5-Speed A/T,Black,Black,At least 1 accident or damage reported,Yes,4750.0,17,0.027777615335582834,1,9500.0,1
Ford,Explorer sport,2019,90067.0,Gasoline,3.5L V6 24V GDI DOHC Twin Turbo,6-Speed Automatic,Black,Ebony Black,None reported,Yes,28590.0,7,0.3174268330594662,0,11258.375,0
Chevrolet,Camaro 1LT,2014,97579.0,Gasoline,323.0HP 3.6L V6 Cylinder Engine Gasoline Fuel,Transmission w/Dual Shift Mode,Black,Black,At least 1 accident or damage reported,Yes,15000.0,12,0.15372002459520392,0,7506.076923076923,1
Mazda,MX-5 Miata RF Grand Touring,2017,52000.0,Gasoline,155.0HP 2.0L 4 Cylinder Engine Gasoline Fuel,6-Speed M/T,Black,Black,At least 1 accident or damage reported,Yes,20500.0,9,0.39422318801561507,0,5200.0,1
Jeep,Grand Cherokee L Limited,2021,25968.0,Gasoline,3.6L V6 24V MPFI DOHC,8-Speed Automatic,Metallic,Global Black,None reported,Yes,38405.0,5,1.4788786630212947,0,4328.0,0
MINI,Hardtop Cooper S,2016,41680.0,Gasoline,189.0HP 2.0L 4 Cylinder Engine Gasoline Fuel,6-Speed A/T,Silver,Black,None reported,Yes,17495.0,10,0.41973561094983325,0,3789.090909090909,0
Saab,9-3 SE,2002,77200.0,Gasoline,205.0HP 2.0L 4 Cylinder Engine Gasoline Fuel,5-Speed M/T,Black,Beige,None reported,Yes,7500.0,24,0.0971490006606132,0,3088.0,0
BMW,X5 xDrive40i,2019,50000.0,Gasoline,335.0HP 3.0L Straight 6 Cylinder Engine Gasoline Fuel,8-Speed A/T,Blue,Gold,None reported,Yes,43000.0,7,0.8599828003439931,1,6250.0,0
Porsche,Macan,2021,21613.0,Gasoline,2.0 Liter,Automatic,White,–,None reported,Yes,58998.0,5,2.729619690941057,1,3602.1666666666665,0
Audi,Q3 S line Premium Plus,2022,17377.0,Gasoline,2.0 Liter TFSI,Automatic,Glacier White,Pearl Beige,None reported,Yes,39998.0,4,2.3016457590056394,1,3475.4,0
GMC,Acadia SLE,2020,30426.0,Gasoline,2.5L I4 16V GDI DOHC,9-Speed Automatic,Ebony Twilight Metallic,Jet Black,None reported,Yes,29645.0,6,0.9742991422092221,0,4346.571428571428,0
Audi,allroad 2.7T,2005,153000.0,Gasoline,250.0HP 2.7L V6 Cylinder Engine Gasoline Fuel,M/T,Blue,Blue,At least 1 accident or damage reported,Yes,6500.0,21,0.04248338246155254,1,6954.545454545455,1
Mercury,Marauder Base,2004,56600.0,Gasoline,302.0HP 4.6L 8 Cylinder Engine Gasoline Fuel,Transmission Overdrive Switch,Silver,Black,None reported,Yes,23000.0,22,0.4063532446423208,0,2460.8695652173915,0
Hyundai,Genesis 3.8,2015,116612.0,Gasoline,311.0HP 3.8L V6 Cylinder Engine Gasoline Fuel,8-Speed A/T,White,White,At least 1 accident or damage reported,Yes,12700.0,11,0.10890724018762916,0,9717.666666666666,1
Audi,SQ5 3.0T Premium Plus,2018,72000.0,Gasoline,354.0HP 3.0L V6 Cylinder Engine Gasoline Fuel,A/T,Blue,Black,At least 1 accident or damage reported,Yes,30000.0,8,0.41666087971000404,1,8000.0,1
Audi,A8 L 55,2019,39000.0,Hybrid,335.0HP 3.0L V6 Cylinder Engine Gasoline/Mild Electric Hybrid,8-Speed A/T,Black,Brown,None reported,Yes,50000.0,7,1.2820184097843645,1,4875.0,0
Lincoln,Navigator Base,2008,149000.0,Gasoline,300.0HP 5.4L 8 Cylinder Engine Gasoline Fuel,A/T,Gold,Beige,None reported,Yes,10099.0,18,0.06777806860356642,0,7842.105263157895,0
BMW,M4 Base,2018,19300.0,Gasoline,425.0HP 3.0L Straight 6 Cylinder Engine Gasoline Fuel,6-Speed M/T,White,Silver,None reported,Yes,64000.0,8,3.3158903683746956,1,2144.4444444444443,0
Mazda,CX-9 Carbon Edition,2021,27836.0,Gasoline,2.5L I4 16V GDI DOHC Turbo,6-Speed Automatic,Polymetal Gray Metallic,Red,None reported,Yes,36969.0,5,1.3280525918741244,0,4639.333333333333,0
Chevrolet,Corvette Stingray w/1LT,2023,3273.0,Gasoline,490.0HP 6.2L 8 Cylinder Engine Gasoline Fuel,Transmission w/Dual Shift Mode,Black,Red,None reported,Yes,78999.0,3,24.129199755650582,0,818.25,0
Ford,F-150 Lariat,2017,74349.0,Gasoline,375.0HP 3.5L V6 Cylinder Engine Gasoline Fuel,10-Speed A/T,White,–,None reported,Yes,36000.0,9,0.484196368527236,0,7434.9,0
Ford,F-250 Lariat,2019,85000.0,Diesel,450.0HP 6.7L 8 Cylinder Engine Diesel Fuel,6-Speed A/T,White,Black,At least 1 accident or damage reported,Yes,55000.0,7,0.6470512111622216,0,10625.0,1
Ferrari,Roma Base,2022,2250.0,Gasoline,611.0HP 3.9L 8 Cylinder Engine Gasoline Fuel,8-Speed A/T,Gray,Blue,None reported,Yes,259500.0,4,115.2820968458463,0,450.0,0
Mercedes-Benz,GLS 450 Base 4MATIC,2017,46100.0,Gasoline,362.0HP 3.0L V6 Cylinder Engine Gasoline Fuel,9-Speed A/T,Black,Beige,At least 1 accident or damage reported,Yes,33000.0,9,0.7158196134574087,1,4610.0,1
Hyundai,Santa Fe SEL Plus 2.4,2019,49500.0,Gasoline,185.0HP 2.4L 4 Cylinder Engine Gasoline Fuel,8-Speed A/T,Silver,Gray,None reported,Yes,28000.0,7,0.5656451384820509,0,6187.5,0
Mercedes-Benz,E-Class E 350,2012,31130.0,Gasoline,302.0HP 3.5L V6 Cylinder Engine Gasoline Fuel,7-Speed A/T,Black,Black,None reported,Yes,23500.0,14,0.7548745623333655,1,2075.3333333333335,0
Ford,F-250 XLT SuperCab Super Duty,2008,149460.0,Diesel,350.0HP 6.4L 8 Cylinder Engine Diesel Fuel,A/T,Blue,Gray,At least 1 accident or damage reported,Yes,12240.0,18,0.08189427342249818,0,7866.315789473684,1
Mercury,Marauder Base,2003,90000.0,Gasoline,302.0HP 4.6L 8 Cylinder Engine Gasoline Fuel,4-Speed A/T,Blue,Beige,At least 1 accident or damage reported,Yes,15500.0,23,0.17222030866323706,0,3750.0,1
Ford,Transit-350 XLT,2021,48000.0,E85 Flex Fuel,275.0HP 3.5L V6 Cylinder Engine Flex Fuel Capability,A/T,White,Gray,None reported,Yes,57000.0,5,1.187475260932064,0,8000.0,0
Mercedes-Benz,C-Class C 300 4MATIC Sport,2013,98000.0,Gasoline,248.0HP 3.5L V6 Cylinder Engine Gasoline Fuel,A/T,White,Beige,At least 1 accident or damage reported,Yes,15500.0,13,0.15816165141172028,1,7000.0,1
Volkswagen,Arteon SEL R-Line,2022,18655.0,Gasoline,2.0 Liter TSI,Automatic,Oryx White Prl,Titan Black,None reported,Yes,38698.0,4,2.0742924528301887,0,3731.0,0
Chevrolet,Suburban 2500 LS,2006,60000.0,Gasoline,325.0HP 8.1L 8 Cylinder Engine Gasoline Fuel,A/T,Brown,Brown,At least 1 accident or damage reported,Yes,24950.0,20,0.4158264028932851,0,2857.1428571428573,1
Chevrolet,Suburban 1500 LT,2014,169500.0,E85 Flex Fuel,320.0HP 5.3L 8 Cylinder Engine Flex Fuel Capability,A/T,Purple,Brown,None reported,Yes,15000.0,12,0.08849505312653022,0,13038.461538461539,0
Mitsubishi,Eclipse GS,2008,189500.0,Gasoline,162.0HP 2.4L 4 Cylinder Engine Gasoline Fuel,5-Speed M/T,Red,Black,None reported,Yes,6000.0,18,0.031662102046954896,0,9973.684210526315,0
Toyota,Land Cruiser Base,2016,91000.0,Gasoline,381.0HP 5.7L 8 Cylinder Engine Gasoline Fuel,A/T,Black,Brown,None reported,Yes,68500.0,10,0.7527389808903199,0,8272.727272727272,0
Genesis,G80 2.5T,2022,7396.0,Gasoline,2.5L I4 16V PDI DOHC Turbo,8-Speed Automatic,Black Forest Green,Black,None reported,Yes,41299.0,4,5.583209409219954,0,1479.2,0
Toyota,Tundra SR5 Access Cab,2004,229450.0,Gasoline,240.0HP 4.7L 8 Cylinder Engine Gasoline Fuel,A/T,Gray,Gray,None reported,Yes,8250.0,22,0.03595538916805767,0,9976.08695652174,0
Maserati,Quattroporte Modena Q4,2023,8603.0,Gasoline,3.0L V6 24V GDI DOHC Twin Turbo,8-Speed Automatic,Blu,Tan,None reported,Yes,125900.0,3,14.632728963272896,1,2150.75,0
Audi,RS 5 4.2,2014,49098.0,Gasoline,450.0HP 4.2L 8 Cylinder Engine Gasoline Fuel,Transmission w/Dual Shift Mode,White,Black,At least 1 accident or damage reported,Yes,44900.0,12,0.914478909957433,1,3776.769230769231,1
Nissan,Rogue S,2022,21212.0,Gasoline,1.5L I3 12V GDI DOHC Turbo,Automatic CVT,Gun Metallic,Charcoal,None reported,Yes,28906.0,4,1.3626549757224344,0,4242.4,0
Porsche,Panamera 4S,2010,62743.0,Gasoline,400.0HP 4.8L 8 Cylinder Engine Gasoline Fuel,Transmission w/Dual Shift Mode,Silver,Gray,None reported,Yes,28600.0,16,0.45582047685834504,1,3690.764705882353,0
BMW,M440 i xDrive,2021,24300.0,Hybrid,382.0HP 3.0L Straight 6 Cylinder Engine Gasoline/Mild Electric Hybrid,8-Speed A/T,Gray,Beige,None reported,Yes,49999.0,5,2.057487346199745,1,4050.0,0
Cadillac,Escalade Premium,2010,104000.0,E85 Flex Fuel,403.0HP 6.2L 8 Cylinder Engine Flex Fuel Capability,A/T,Gray,–,None reported,Yes,19500.0,16,0.18749819713271987,0,6117.64705882353,0
Volvo,S60 T6 Momentum,2020,46250.0,Gasoline,2.0L I4 16V GDI DOHC,8-Speed Automatic,White,Charcoal,At least 1 accident or damage reported,Yes,27800.0,6,0.601068085014378,0,6607.142857142857,1
Mazda,CX-9 Touring Plus,2023,1930.0,Gasoline,2.5L I4 16V GDI DOHC Turbo,6-Speed Automatic,Jet Black Mica,Black,At least 1 accident or damage reported,Yes,40655.0,3,21.05385810460901,0,482.5,1
Chrysler,Pacifica Hybrid Touring L,2022,61494.0,Hybrid,3.6L V6 24V MPFI DOHC Hybrid,Automatic CVT,Bright White Clearcoat,Black,None reported,Yes,35850.0,4,0.5829742255467925,0,12298.8,0
Jeep,Wrangler Unlimited Sport,2020,24040.0,Gasoline,2.0L I4 16V GDI DOHC Turbo,8-Speed Automatic,Black Clearcoat,Black,None reported,Yes,35273.0,6,1.4672018634832162,0,3434.285714285714,0
Toyota,Highlander Base,2001,231581.0,Gasoline,220.0HP 3.0L V6 Cylinder Engine Gasoline Fuel,A/T,Beige,Beige,None reported,Yes,4300.0,25,0.018567937059011493,0,8906.961538461539,0
Ford,F-150 Lariat,2019,81000.0,Gasoline,375.0HP 3.5L V6 Cylinder Engine Gasoline Fuel,10-Speed A/T,Gray,Black,None reported,Yes,38500.0,7,0.4753027740398267,0,10125.0,0
Ford,Bronco,1974,6217.0,–,–,–,Dark Gray Metallic,–,None reported,Yes,115000.0,52,18.494692827275653,0,117.30188679245283,0
Land,Rover Discovery Sport S R-Dynamic,2022,23568.0,Gasoline,2.0 Liter,Automatic,Firenze Red,Ebony,None reported,Yes,44998.0,4,1.9092027663456235,1,4713.6,0
Mazda,Mazda6 Touring,2020,78700.0,Gasoline,187.0HP 2.5L 4 Cylinder Engine Gasoline Fuel,A/T,White,Black,None reported,Yes,18000.0,6,0.22871373934257505,0,11242.857142857143,0
Kia,Optima EX,2015,109580.0,Gasoline,192.0HP 2.4L 4 Cylinder Engine Gasoline Fuel,6-Speed A/T,Red,Black,At least 1 accident or damage reported,Yes,11900.0,11,0.10859546819247862,0,9131.666666666666,1
Lexus,RX 350 Base,2009,178000.0,Gasoline,270.0HP 3.5L V6 Cylinder Engine Gasoline Fuel,A/T,Gray,Gray,At least 1 accident or damage reported,Yes,4500.0,17,0.02528075684968062,1,9888.888888888889,1
Mitsubishi,Outlander Sport 2.4 SE,2016,131193.0,Gasoline,2.4L I4 16V MPFI DOHC,Automatic CVT,Black,Black,None reported,Yes,11970.0,10,0.09123892860954007,0,11926.636363636364,0
Mercedes-Benz,GLS 450 Base 4MATIC,2017,106000.0,Gasoline,362.0HP 3.0L V6 Cylinder Engine Gasoline Fuel,9-Speed A/T,White,Black,None reported,Yes,25900.0,9,0.24433731757247573,1,10600.0,0
Audi,A3 2.0T Premium,2019,28211.0,Gasoline,184.0HP 2.0L 4 Cylinder Engine Gasoline Fuel,Transmission w/Dual Shift Mode,Gray,Black,At least 1 accident or damage reported,Yes,27500.0,7,0.9747625124060684,1,3526.375,1
Audi,A4 2.0T Premium,2015,91403.0,E85 Flex Fuel,2.0L I4 16V GDI DOHC Turbo Flexible Fuel,8-Speed Automatic,Silver,Gray,None reported,Yes,14998.0,11,0.16408472276924424,1,7616.916666666667,0
Mercedes-Benz,CLA-Class CLA 250,2016,88600.0,Gasoline,208.0HP 2.0L 4 Cylinder Engine Gasoline Fuel,A/T,Black,Black,At least 1 accident or damage reported,Yes,16800.0,10,0.1896141127075315,1,8054.545454545455,1
INFINITI,FX50 Base,2011,84900.0,Gasoline,390.0HP 5.0L 8 Cylinder Engine Gasoline Fuel,7-Speed A/T,Silver,Black,None reported,Yes,22450.0,15,0.2644256251398688,0,5306.25,0
Kia,K5 EX,2021,11154.0,Gasoline,1.6L I4 16V GDI DOHC Turbo,8-Speed Automatic,Glacial White Pearl,Black,None reported,Yes,28998.0,5,2.5995517705064994,0,1859.0,0
BMW,X5 eDrive xDrive40e,2018,45090.0,Plug-In Hybrid,313.0HP 2.0L 4 Cylinder Engine Plug-In Electric/Gas,8-Speed A/T,Gray,Black,At least 1 accident or damage reported,Yes,30750.0,8,0.6819542702534874,1,5010.0,1
Mercedes-Benz,SLK-Class SLK230 Kompressor,2003,33272.0,Gasoline,192.0HP 2.3L 4 Cylinder Engine Gasoline Fuel,A/T,Red,Gray,At least 1 accident or damage reported,Yes,11900.0,23,0.35764734168845613,1,1386.3333333333333,1
Jeep,Wrangler SE,2003,71000.0,Gasoline,150.0HP 2.4L 4 Cylinder Engine Gasoline Fuel,5-Speed M/T,Red,Gray,None reported,Yes,12499.0,23,0.1760397740876889,0,2958.3333333333335,0
Kia,Telluride SX,2020,55400.0,Gasoline,291.0HP 3.8L V6 Cylinder Engine Gasoline Fuel,8-Speed A/T,Green,White,None reported,Yes,36500.0,6,0.658832873052833,0,7914.285714285715,0
Land,Rover LR4 Lux,2012,141525.0,Gasoline,375.0HP 5.0L 8 Cylinder Engine Gasoline Fuel,A/T,Black,Black,None reported,Yes,14490.0,14,0.10238401424473241,1,9435.0,0
Jaguar,XKR Base,2007,50000.0,Gasoline,420.0HP 4.2L 8 Cylinder Engine Gasoline Fuel,Transmission w/Dual Shift Mode,Black,Beige,At least 1 accident or damage reported,Yes,21900.0,19,0.4379912401751965,0,2500.0,1
BMW,M4 Base,2020,29140.0,Gasoline,425.0HP 3.0L Straight 6 Cylinder Engine Gasoline Fuel,M/T,Orange,Orange,None reported,Yes,71995.0,6,2.470574105212587,1,4162.857142857143,0
BMW,M340 i xDrive,2022,9000.0,Hybrid,382.0HP 3.0L Straight 6 Cylinder Engine Gasoline/Mild Electric Hybrid,8-Speed A/T,White,Red,None reported,Yes,56900.0,4,6.321519831129875,1,1800.0,0
Mercedes-Benz,AMG GLE 53 AMG GLE 53,2021,5595.0,Hybrid,3.0 Liter Turbo,Automatic,designo Diamond White Metallic,Black,None reported,Yes,83598.0,5,14.938884917798427,1,932.5,0
RAM,1500 Laramie,2022,34121.0,Gasoline,5.7L V8 16V MPFI OHV,Automatic,Granite Crystal Clearcoat Metallic,Black,None reported,Yes,48190.0,4,1.412285329113182,0,6824.2,0
BMW,ALPINA B7 Base,2013,36750.0,Gasoline,445.0HP 4.4L 8 Cylinder Engine Gasoline Fuel,A/T,Black,Black,None reported,Yes,35999.0,13,0.9795379717558705,1,2625.0,0
Mercedes-Benz,C-Class C280 4MATIC,2007,49626.0,Gasoline,228.0HP 3.0L V6 Cylinder Engine Gasoline Fuel,A/T,White,–,None reported,Yes,12000.0,19,0.2418038567715155,1,2481.3,0
Jeep,Compass High Altitude,2017,45000.0,Gasoline,172.0HP 2.4L 4 Cylinder Engine Gasoline Fuel,A/T,White,Beige,At least 1 accident or damage reported,Yes,16500.0,9,0.36665851869958443,0,4500.0,1
Toyota,Highlander Hybrid XLE,2019,69350.0,Hybrid,306.0HP 3.5L V6 Cylinder Engine Gas/Electric Hybrid,A/T,Black,Gray,None reported,Yes,36000.0,7,0.5190984989401739,0,8668.75,0
BMW,X5 M Base,2022,8307.0,Gasoline,4.4L V8 32V GDI DOHC Twin Turbo,8-Speed Automatic,Blue Metallic,Sakhir Orange,None reported,Yes,98900.0,4,11.904188733750601,1,1661.4,0
BMW,M3 Base,2023,4106.0,Gasoline,3.0L I6 24V GDI DOHC Twin Turbo,6-Speed Manual,Isle of Man Green Metallic,Kyalami Orange,None reported,Yes,84645.0,3,20.609934258582907,1,1026.5,0
BMW,M3 Base,1999,184700.0,Gasoline,240.0HP 3.2L Straight 6 Cylinder Engine Gasoline Fuel,5-Speed M/T,Blue,Gray,None reported,Yes,36950.0,27,0.20005305872734852,1,6596.428571428572,0
Maserati,Quattroporte S Q4 GranLusso,2018,57500.0,Gasoline,424.0HP 3.0L V6 Cylinder Engine Gasoline Fuel,8-Speed A/T,White,Brown,None reported,Yes,41900.0,8,0.7286829794264448,1,6388.888888888889,0
Acura,RDX Advance Package,2021,29000.0,Gasoline,272.0HP 2.0L 4 Cylinder Engine Gasoline Fuel,10-Speed A/T,Black,Black,None reported,Yes,39650.0,5,1.3671942346815626,0,4833.333333333333,0
Mercedes-Benz,GLA-Class GLA 250 4MATIC,2015,61675.0,Gasoline,208.0HP 2.0L 4 Cylinder Engine Gasoline Fuel,Transmission w/Dual Shift Mode,Gray,Black,At least 1 accident or damage reported,Yes,19000.0,11,0.30806148258641936,1,5139.583333333333,1
Mercedes-Benz,Sprinter 3500XD High Roof,2021,33300.0,Diesel,188.0HP 3.0L V6 Cylinder Engine Diesel Fuel,7-Speed A/T,White,Black,None reported,Yes,45000.0,5,1.3513107714483048,1,5550.0,0
Cadillac,XTS Luxury,2014,62950.0,Gasoline,304.0HP 3.6L V6 Cylinder Engine Gasoline Fuel,6-Speed A/T,Silver,Gray,At least 1 accident or damage reported,Yes,17498.0,12,0.27796222458737746,0,4842.307692307692,1
Chevrolet,Camaro 2LT,2015,56675.0,Gasoline,323.0HP 3.6L V6 Cylinder Engine Gasoline Fuel,Transmission w/Dual Shift Mode,Silver,Black,None reported,Yes,19750.0,11,0.34847201637377373,0,4722.916666666667,0
Porsche,Cayenne S,2013,92000.0,Gasoline,400.0HP 4.8L 8 Cylinder Engine Gasoline Fuel,8-Speed A/T,Green,Gray,None reported,Yes,23000.0,13,0.2499972826382322,1,6571.428571428572,0
Dodge,Magnum R/T,2005,96000.0,Gasoline,340.0HP 5.7L 8 Cylinder Engine Gasoline Fuel,5-Speed A/T,Gray,Gold,At least 1 accident or damage reported,Yes,12000.0,21,0.1249986979302299,0,4363.636363636364,1
INFINITI,Q70 3.7X,2014,33500.0,Gasoline,330.0HP 3.7L V6 Cylinder Engine Gasoline Fuel,7-Speed A/T,Black,Black,None reported,Yes,23000.0,12,0.6865466702486493,0,2576.923076923077,0
Land,Rover Range Rover SV Autobiography Dynamic SWB,2020,16754.0,Gasoline,557.0HP 5.0L 8 Cylinder Engine Gasoline Fuel,8-Speed A/T,White,White,None reported,Yes,112000.0,6,6.684571769621009,1,2393.4285714285716,0
Toyota,Camry Hybrid Base,2007,53249.0,Hybrid,147.0HP 2.4L 4 Cylinder Engine Gas/Electric Hybrid,A/T,Silver,Gray,At least 1 accident or damage reported,Yes,9250.0,19,0.17370892018779344,0,2662.45,1
GMC,Acadia SLT-1,2016,119000.0,Gasoline,281.0HP 3.6L V6 Cylinder Engine Gasoline Fuel,A/T,Gold,Brown,None reported,Yes,12500.0,10,0.10504113410811673,0,10818.181818181818,0
Lincoln,Corsair Reserve,2021,29336.0,Gasoline,2.0L I4 16V GDI DOHC Turbo,8-Speed Automatic,Black,Sandstone,None reported,Yes,36999.0,5,1.2611718989671745,0,4889.333333333333,0
RAM,2500 SLT,2017,86000.0,Diesel,350.0HP 6.7L Straight 6 Cylinder Engine Diesel Fuel,6-Speed A/T,Gray,Gray,At least 1 accident or damage reported,Yes,41000.0,9,0.47673864257392357,0,8600.0,1
RAM,3500 Laramie,2014,177000.0,Diesel,385.0HP 6.7L Straight 6 Cylinder Engine Diesel Fuel,6-Speed A/T,Black,–,At least 1 accident or damage reported,Yes,40500.0,12,0.22881226659736387,0,13615.384615384615,1
Mercedes-Benz,GL-Class GL 450 4MATIC,2013,93500.0,Gasoline,362.0HP 4.6L 8 Cylinder Engine Gasoline Fuel,A/T,Black,Black,At least 1 accident or damage reported,Yes,15900.0,13,0.17005165720152726,1,6678.571428571428,1
BMW,M5 Base,2018,47700.0,Gasoline,600.0HP 4.4L 8 Cylinder Engine Gasoline Fuel,8-Speed A/T,Red,White,At least 1 accident or damage reported,Yes,54999.0,8,1.1529946961279638,1,5300.0,1
Ford,Mustang SVT Cobra,2003,97496.0,Gasoline,390.0HP 4.6L 8 Cylinder Engine Gasoline Fuel,6-Speed M/T,Gray,Gray,None reported,Yes,24500.0,23,0.2512897832753828,0,4062.3333333333335,0
Acura,ILX Premium Package,2022,16120.0,Gasoline,2.4L I4 16V GDI DOHC,8-Speed Automatic with Auto-Shift,Gray,Ebony,None reported,Yes,26599.0,4,1.6499596799206004,0,3224.0,0
Buick,Rainier CXL,2005,147589.0,Gasoline,275.0HP 4.2L Straight 6 Cylinder Engine Gasoline Fuel,A/T,White,Beige,At least 1 accident or damage reported,Yes,2800.0,21,0.018971475032183754,0,6708.590909090909,1
Cadillac,Escalade Luxury,2013,95570.0,E85 Flex Fuel,403.0HP 6.2L 8 Cylinder Engine Flex Fuel Capability,A/T,Black,Black,At least 1 accident or damage reported,Yes,22000.0,13,0.23019535214657166,0,6826.428571428572,1
Mercedes-Benz,S-Class S 560,2018,45791.0,Gasoline,463.0HP 4.0L 8 Cylinder Engine Gasoline Fuel,9-Speed A/T,Gray,Gray,None reported,Yes,52000.0,8,1.1355695317959469,1,5087.888888888889,0
INFINITI,QX80 Base,2016,60000.0,Gasoline,400.0HP 5.6L 8 Cylinder Engine Gasoline Fuel,7-Speed A/T,Silver,Beige,At least 1 accident or damage reported,Yes,25950.0,10,0.43249279178680355,0,5454.545454545455,1
Buick,Encore Preferred,2019,50000.0,Gasoline,138.0HP 1.4L 4 Cylinder Engine Gasoline Fuel,6-Speed A/T,White,Black,None reported,Yes,18795.0,7,0.375892482150357,0,6250.0,0
Mercedes-Benz,GLS 450 Base 4MATIC,2019,33481.0,Gasoline,3.0L V6 24V GDI DOHC Twin Turbo,9-Speed Automatic,Black,Almond Beige,None reported,Yes,43999.0,7,1.314109073532047,1,4185.125,0
Jeep,Liberty Limited,2010,107000.0,Gasoline,210.0HP 3.7L V6 Cylinder Engine Gasoline Fuel,A/T,Gray,Gray,None reported,Yes,5900.0,16,0.05513967159185428,0,6294.117647058823,0
Mercedes-Benz,S-Class S 63 AMG,2011,60000.0,Gasoline,536.0HP 5.5L 8 Cylinder Engine Gasoline Fuel,Transmission w/Dual Shift Mode,White,Black,At least 1 accident or damage reported,Yes,37000.0,15,0.6166563890601823,1,3750.0,1
Audi,A8 L 3.0T,2016,55000.0,Gasoline,333.0HP 3.0L V6 Cylinder Engine Gasoline Fuel,A/T,White,Brown,None reported,Yes,28000.0,10,0.5090816530608534,1,5000.0,0
Mazda,CX-30 2.5 S Select Package,2022,4004.0,Gasoline,186.0HP 2.5L 4 Cylinder Engine Gasoline Fuel,6-Speed A/T,Black,Black,None reported,Yes,25500.0,4,6.367041198501872,0,800.8,0
Bentley,Continental GT Speed,2009,57800.0,Gasoline,600.0HP 6.0L 12 Cylinder Engine Gasoline Fuel,6-Speed A/T,Blue,Beige,None reported,Yes,59400.0,17,1.0276638812477292,1,3211.1111111111113,0
Bentley,Continental GT V8,2022,10972.0,Gasoline,4.0L V8 32V GDI DOHC Twin Turbo,8-Speed Automatic with Auto-Shift,Red,Black,None reported,Yes,217950.0,4,19.862389501503692,1,2194.4,0
Bentley,Flying Spur V8,2022,27858.0,Gasoline,4.0L V8 32V GDI DOHC Twin Turbo,8-Speed Automatic with Auto-Shift,–,–,None reported,Yes,197750.0,4,7.098244732402455,1,5571.6,0
Porsche,911 Carrera 4S,2018,31678.0,Gasoline,3.0 Liter,–,Silver,–,None reported,Yes,106798.0,8,3.371255405789324,1,3519.777777777778,0
Volkswagen,Golf R 4-Door,2016,47144.0,Gasoline,292.0HP 2.0L 4 Cylinder Engine Gasoline Fuel,6-Speed M/T,Blue,Black,None reported,Yes,29950.0,10,0.6352741542051119,0,4285.818181818182,0
Hyundai,Genesis Coupe 3.8 Grand Touring,2011,165454.0,Gasoline,306.0HP 3.8L V6 Cylinder Engine Gasoline Fuel,6-Speed A/T,Gray,Black,At least 1 accident or damage reported,Yes,4000.0,15,0.024175757758907256,0,10340.875,1
Ford,F-150 XLT,2018,98000.0,Gasoline,375.0HP 3.5L V6 Cylinder Engine Gasoline Fuel,10-Speed A/T,White,–,At least 1 accident or damage reported,Yes,25500.0,8,0.26020142651605593,0,10888.888888888889,1
Hyundai,Tucson Limited,2020,39913.0,Gasoline,2.4L I4 16V GDI DOHC,6-Speed Automatic,Black Noir Pearl,Beige,None reported,Yes,22749.0,6,0.5699503933456932,0,5701.857142857143,0
Ford,Mustang V6,2013,147191.0,Gasoline,305.0HP 3.7L V6 Cylinder Engine Gasoline Fuel,6-Speed A/T,Blue,Black,At least 1 accident or damage reported,Yes,12990.0,13,0.08825207891733246,0,10513.642857142857,1
BMW,435 i,2014,53600.0,Gasoline,300.0HP 3.0L Straight 6 Cylinder Engine Gasoline Fuel,8-Speed A/T,Silver,Black,None reported,Yes,25980.0,12,0.48469244976772824,1,4123.076923076923,0
Dodge,Challenger R/T,2010,100100.0,–,–,Transmission w/Dual Shift Mode,Purple,Black,None reported,Yes,17000.0,16,0.16982847324202555,0,5888.235294117647,0
Mercedes-Benz,AMG G 63 Base,2020,1750.0,Gasoline,577.0HP 4.0L 8 Cylinder Engine Gasoline Fuel,9-Speed A/T,Blue,Black,None reported,Yes,199995.0,6,114.2175899486008,1,250.0,0
Dodge,Challenger SRT Hellcat,2020,2750.0,Gasoline,797.0HP 6.2L 8 Cylinder Engine Gasoline Fuel,8-Speed A/T,Orange,Black,None reported,Yes,104500.0,6,37.98618684114867,0,392.85714285714283,0
Porsche,Boxster Base,2013,40800.0,Gasoline,265.0HP 2.7L Flat 6 Cylinder Engine Gasoline Fuel,7-Speed A/T,Brown,Beige,None reported,Yes,35500.0,13,0.8700767138060341,1,2914.285714285714,0
Porsche,Macan Base,2018,36798.0,Gasoline,2.0L I4 16V GDI DOHC Turbo,7-Speed Automatic with Auto-Shift,Volcano Grey Metallic,Black,At least 1 accident or damage reported,Yes,49500.0,8,1.3451452485121878,1,4088.6666666666665,1
Ford,F-250 XL,2021,77699.0,Diesel,6.7L V8 32V DDI OHV Turbo Diesel,Automatic,White,Medium Earth Gray,None reported,Yes,49883.0,5,0.641994851994852,0,12949.833333333334,0
Ford,Mustang GT,2010,87500.0,Gasoline,315.0HP 4.6L 8 Cylinder Engine Gasoline Fuel,A/T,Red,Black,At least 1 accident or damage reported,Yes,14900.0,16,0.17028376818550645,0,5147.058823529412,1
Chevrolet,Suburban LT,2020,93000.0,Gasoline,355.0HP 5.3L 8 Cylinder Engine Gasoline Fuel,A/T,Black,Black,None reported,Yes,38500.0,6,0.4139740432898571,0,13285.714285714286,0
Mercedes-Benz,C-Class C 300 4MATIC,2018,41515.0,Gasoline,2.0L I4 16V GDI DOHC Turbo,9-Speed Automatic,Black,Black,None reported,Yes,28251.0,8,0.68048463243087,1,4612.777777777777,0
RAM,1500 Classic Warlock,2019,19000.0,E85 Flex Fuel,3.6L V6 24V MPFI DOHC Flexible Fuel,8-Speed Automatic,Diamond Black,Diesel Gray / Black,At least 1 accident or damage reported,Yes,33242.0,7,1.749486869112152,0,2375.0,1
Toyota,Sequoia SR5,2023,1539.0,Hybrid,3.4L V6 24V PDI DOHC Twin Turbo Hybrid,Automatic,Green,Boulder,At least 1 accident or damage reported,Yes,76373.0,3,49.59285714285714,0,384.75,1
BMW,M5 Base,2018,31090.0,Gasoline,600.0HP 4.4L 8 Cylinder Engine Gasoline Fuel,8-Speed A/T,Green,Black,At least 1 accident or damage reported,Yes,68000.0,8,2.1871281078125504,1,3454.4444444444443,1
Mazda,Mazda3 FWD w/Premium Package,2022,21701.0,Gasoline,2.5L I4 16V,6-Speed Automatic,Soul Red Crystal Metallic,Black,None reported,Yes,25099.0,4,1.1565293521334439,0,4340.2,0
Nissan,Rogue SL,2016,97726.0,Gasoline,"2.5L I-4 DOHC, variable valve control, regular unleaded, engine",Variable,Gun Metallic,Charcoal,At least 1 accident or damage reported,Yes,15998.0,10,0.16370092195606128,0,8884.181818181818,1
Audi,A7 3.0T Prestige,2015,73000.0,Diesel,240.0HP 3.0L V6 Cylinder Engine Diesel Fuel,8-Speed A/T,White,Gray,None reported,Yes,34000.0,11,0.4657470445610334,1,6083.333333333333,0
Genesis,G80 3.8,2020,23600.0,Gasoline,311.0HP 3.8L V6 Cylinder Engine Gasoline Fuel,A/T,Blue,Gray,None reported,Yes,31900.0,6,1.3516376424727765,0,3371.4285714285716,0
Rolls-Royce,Ghost Base,2016,8755.0,Gasoline,563.0HP 6.6L 12 Cylinder Engine Gasoline Fuel,A/T,Black,Black,None reported,Yes,166900.0,10,19.061215166742805,0,795.9090909090909,0
BMW,M6 Gran Coupe Base,2019,20500.0,Gasoline,560.0HP 4.4L 8 Cylinder Engine Gasoline Fuel,Transmission w/Dual Shift Mode,Blue,Black,None reported,Yes,67900.0,7,3.312033559338569,1,2562.5,0
Ford,Mustang V6,2013,57912.0,Gasoline,305.0HP 3.7L V6 Cylinder Engine Gasoline Fuel,6-Speed M/T,Black,Black,At least 1 accident or damage reported,Yes,18750.0,13,0.3237615043254537,0,4136.571428571428,1
BMW,650 i,2009,35000.0,Gasoline,360.0HP 4.8L 8 Cylinder Engine Gasoline Fuel,A/T,Black,Black,None reported,Yes,18500.0,17,0.5285563269620868,1,1944.4444444444443,0
Nissan,Leaf SV PLUS,2023,7089.0,Gasoline,214.0HP Electric Motor Electric Fuel System,1-Speed A/T,Black,Black,At least 1 accident or damage reported,Yes,29895.0,3,4.216502115655853,0,1772.25,1
Lincoln,MKC Reserve,2019,35469.0,Gasoline,2.3L I4 16V GDI DOHC Turbo,6-Speed Automatic,Black,–,None reported,Yes,30890.0,7,0.8708767972934874,0,4433.625,0
Kia,Telluride EX,2022,14676.0,Gasoline,3.8L V6 24V GDI DOHC,8-Speed Automatic,Dark Moss,Gray,None reported,Yes,46787.0,4,3.187776793622675,0,2935.2,0
Lincoln,Navigator Reserve,2022,13750.0,Gasoline,440.0HP 3.5L V6 Cylinder Engine Gasoline Fuel,10-Speed A/T,White,Beige,None reported,Yes,79999.0,4,5.817685986473711,0,2750.0,0
Mercedes-Benz,S-Class S 550 4MATIC,2015,13300.0,Gasoline,449.0HP 4.7L 8 Cylinder Engine Gasoline Fuel,A/T,Black,Black,None reported,Yes,62500.0,11,4.69889481993835,1,1108.3333333333333,0
Chevrolet,Suburban LT,2017,117000.0,Gasoline,6.0L 8 Cylinder Engine Gasoline Fuel,6-Speed A/T,Blue,Beige,None reported,Yes,27000.0,9,0.23076725839950085,0,11700.0,0
Audi,A7 55 Premium,2020,27100.0,Hybrid,335.0HP 3.0L V6 Cylinder Engine Gasoline/Mild Electric Hybrid,A/T,White,Black,None reported,Yes,50000.0,6,1.8449503708350246,1,3871.4285714285716,0
Ford,Mustang EcoBoost Premium,2017,89352.0,Gasoline,310.0HP 2.3L 4 Cylinder Engine Gasoline Fuel,6-Speed A/T,White,Black,At least 1 accident or damage reported,Yes,20989.0,9,0.2348997795261491,0,8935.2,1
Chevrolet,Cruze LS,2018,100000.0,Gasoline,153.0HP 1.4L 4 Cylinder Engine Gasoline Fuel,A/T,White,Black,At least 1 accident or damage reported,Yes,8500.0,8,0.08499915000849992,0,11111.111111111111,1
Land,Rover Range Rover HSE SWB,2020,16000.0,Hybrid,395.0HP 3.0L Straight 6 Cylinder Engine Gasoline/Mild Electric Hybrid,A/T,Silver,Black,None reported,Yes,75500.0,6,4.7184550965564656,1,2285.714285714286,0
Land,Rover Defender S,2023,15200.0,Gasoline,296.0HP 2.0L 4 Cylinder Engine Gasoline Fuel,A/T,White,Black,None reported,Yes,62999.0,3,4.144398394842445,1,3800.0,0
BMW,650 i,2012,39960.0,Gasoline,400.0HP 4.4L 8 Cylinder Engine Gasoline Fuel,6-Speed M/T,White,Brown,None reported,Yes,38995.0,14,0.9758264307700008,1,2664.0,0
Ford,Mustang Base,2008,119000.0,Gasoline,210.0HP 4.0L V6 Cylinder Engine Gasoline Fuel,A/T,White,Black,At least 1 accident or damage reported,Yes,13500.0,18,0.11344442483676608,0,6263.1578947368425,1
Kia,K5 GT-Line,2022,10971.0,Gasoline,1.6L I4 16V GDI DOHC Turbo,8-Speed Automatic,Passion Red,Black,None reported,Yes,29998.0,4,2.7340503098796938,0,2194.2,0
Mazda,Mazda3 i Touring,2014,118500.0,Gasoline,155.0HP 2.0L 4 Cylinder Engine Gasoline Fuel,M/T,Silver,Black,At least 1 accident or damage reported,Yes,11500.0,12,0.09704559455194471,0,9115.384615384615,1
Kia,Stinger GT1,2021,8288.0,Gasoline,365.0HP 3.3L V6 Cylinder Engine Gasoline Fuel,8-Speed A/T,Black,Black,None reported,Yes,45899.0,5,5.537338641573169,0,1381.3333333333333,0
Chevrolet,Camaro ZL1,2023,2950.0,Gasoline,650.0HP 6.2L 8 Cylinder Engine Gasoline Fuel,10-Speed A/T,Red,Gray,None reported,Yes,74500.0,3,25.245679430701458,0,737.5,0
Mercedes-Benz,AMG G 63 Base,2017,73000.0,Gasoline,563.0HP 5.5L 8 Cylinder Engine Gasoline Fuel,7-Speed A/T,White,Black,At least 1 accident or damage reported,Yes,78000.0,9,1.068478513992959,1,7300.0,1
Ford,Thunderbird Premium,2005,82000.0,Gasoline,280.0HP 3.9L 8 Cylinder Engine Gasoline Fuel,Transmission w/Dual Shift Mode,Gold,White,None reported,Yes,14900.0,21,0.18170510115730296,0,3727.2727272727275,0
Audi,e-tron Prestige,2019,7874.0,Gasoline,Electric,1-Speed Automatic,Typhoon Gray Metallic,Pearl Beige,None reported,Yes,38999.0,7,4.952253968253968,1,984.25,0
GMC,Sierra 1500 SLT,2017,49105.0,Gasoline,420.0HP 6.2L 8 Cylinder Engine Gasoline Fuel,8-Speed A/T,White,Black,None reported,Yes,39750.0,9,0.8094733841078483,0,4910.5,0
Kia,Telluride LX,2023,5500.0,Gasoline,291.0HP 3.8L V6 Cylinder Engine Gasoline Fuel,8-Speed A/T,Silver,Black,None reported,Yes,40000.0,3,7.271405199054717,0,1375.0,0
Chevrolet,Corvette Base,2005,36700.0,Gasoline,400.0HP 6.0L 8 Cylinder Engine Gasoline Fuel,6-Speed M/T,Blue,Black,None reported,Yes,26000.0,21,0.7084275632816545,0,1668.1818181818182,0
BMW,650 i,2014,40000.0,Gasoline,445.0HP 4.4L 8 Cylinder Engine Gasoline Fuel,Transmission w/Dual Shift Mode,White,Beige,None reported,Yes,34000.0,12,0.8499787505312367,1,3076.923076923077,0
Nissan,Rogue SL,2017,78110.0,Gasoline,170.0HP 2.5L 4 Cylinder Engine Gasoline Fuel,A/T,Silver,Black,None reported,Yes,17500.0,9,0.22404014799452063,0,7811.0,0
GMC,Acadia Denali,2015,74864.0,Gasoline,288.0HP 3.6L V6 Cylinder Engine Gasoline Fuel,A/T,Gray,Beige,None reported,Yes,19780.0,11,0.2642089093701997,0,6238.666666666667,0
Cadillac,Escalade Premium Luxury Platinum,2021,15350.0,Gasoline,420.0HP 6.2L 8 Cylinder Engine Gasoline Fuel,10-Speed A/T,Black,Black,None reported,Yes,93500.0,5,6.0908084163898115,0,2558.3333333333335,0
Nissan,GT-R Premium,2010,46100.0,Gasoline,485.0HP 3.8L V6 Cylinder Engine Gasoline Fuel,6-Speed A/T,Blue,Black,None reported,Yes,72999.0,16,1.5834580594781025,0,2711.764705882353,0
Toyota,Highlander XLE,2018,61454.0,Gasoline,295.0HP 3.5L V6 Cylinder Engine Gasoline Fuel,A/T,Silver,Gray,None reported,Yes,31000.0,8,0.5044341388007485,0,6828.222222222223,0
BMW,X7 xDrive40i,2020,45241.0,Gasoline,335.0HP 3.0L Straight 6 Cylinder Engine Gasoline Fuel,A/T,Blue,Brown,None reported,Yes,54500.0,6,1.2046328632686443,1,6463.0,0
INFINITI,QX60 Base,2018,48000.0,Gasoline,295.0HP 3.5L V6 Cylinder Engine Gasoline Fuel,CVT Transmission,Black,Black,None reported,Yes,27000.0,8,0.5624882814941355,0,5333.333333333333,0
Lexus,IS 250C Base,2010,68500.0,Gasoline,204.0HP 2.5L V6 Cylinder Engine Gasoline Fuel,6-Speed M/T,Black,Beige,None reported,Yes,18500.0,16,0.27006905008686005,1,4029.4117647058824,0
GMC,Sierra 1500 Denali,2019,43433.0,Gasoline,5.3L V8 16V GDI OHV,Automatic,Onyx Black,Walnut,None reported,Yes,51899.0,7,1.1948934014827095,0,5429.125,0
Chevrolet,SSR Base,2005,122961.0,Gasoline,6.0L V8 16V MPFI OHV,4-Speed Automatic,Redline Red,Ebony,None reported,Yes,20995.0,21,0.1707438070298141,0,5589.136363636364,0
Dodge,Challenger R/T,2014,92861.0,Gasoline,375.0HP 5.7L 8 Cylinder Engine Gasoline Fuel,5-Speed A/T,Gray,Red,None reported,Yes,19750.0,12,0.21268118283043655,0,7143.153846153846,0
Hyundai,Equus Signature,2016,72000.0,Gasoline,429.0HP 5.0L 8 Cylinder Engine Gasoline Fuel,8-Speed A/T,White,Beige,None reported,Yes,21400.0,10,0.2972180941931362,0,6545.454545454545,0
Lamborghini,Aventador SVJ Base,2019,6929.0,Gasoline,759.0HP 6.5L 12 Cylinder Engine Gasoline Fuel,A/T,Blue,Black,None reported,Yes,649999.0,7,93.79494949494949,0,866.125,0
Ford,Mustang GT,2003,83000.0,Gasoline,260.0HP 4.6L 8 Cylinder Engine Gasoline Fuel,A/T,Gray,Black,None reported,Yes,10500.0,23,0.12650449994578378,0,3458.3333333333335,0
Audi,e-tron Premium,2021,18031.0,Gasoline,Electric,1-Speed Automatic,Navarra Blue Metallic,Black,None reported,Yes,39599.0,5,2.1960403726708075,1,3005.1666666666665,0
Toyota,Sequoia Limited,2023,8200.0,Hybrid,437.0HP 3.4L V6 Cylinder Engine Gas/Electric Hybrid,10-Speed A/T,Brown,Black,None reported,Yes,78900.0,3,9.62077795390806,0,2050.0,0
Land,Rover Range Rover Sport HST MHEV,2020,19000.0,Hybrid,395.0HP 3.0L Straight 6 Cylinder Engine Gasoline/Mild Electric Hybrid,Transmission w/Dual Shift Mode,Silver,Black,None reported,Yes,74900.0,6,3.9418977948529026,1,2714.285714285714,0
Jeep,Grand Cherokee L Limited,2022,12875.0,Gasoline,3.6L V6 24V MPFI DOHC,8-Speed Automatic,Diamond Black,Global Black,None reported,Yes,42599.0,4,3.308403230817024,0,2575.0,0
Maserati,GranTurismo Sport,2015,32000.0,Gasoline,454.0HP 4.7L 8 Cylinder Engine Gasoline Fuel,A/T,Beige,Brown,None reported,Yes,36000.0,11,1.1249648448485985,1,2666.6666666666665,0
BMW,M5 Base,2013,61145.0,Gasoline,560.0HP 4.4L 8 Cylinder Engine Gasoline Fuel,7-Speed A/T,White,Beige,At least 1 accident or damage reported,Yes,37500.0,13,0.6132862329506428,1,4367.5,1
Mercedes-Benz,C-Class 4MATIC Sedan,2022,9612.0,Gasoline,"2L I-4 gasoline direct injection, DOHC, variable valve control,","Automatic, 9-Spd 9G-Tronic",–,–,None reported,Yes,43900.0,4,4.566732549672318,1,1922.4,0
Land,Rover Range Rover Sport First Edition,2023,3534.0,Hybrid,4.4 Liter,Automatic,Red,Black,None reported,Yes,143998.0,3,40.734936350777936,1,883.5,0
Ford,F-150 Lariat,2011,152000.0,Gasoline,365.0HP 3.5L V6 Cylinder Engine Gasoline Fuel,6-Speed A/T,Brown,Beige,None reported,Yes,14000.0,15,0.09210465720620259,0,9500.0,0
Audi,A4 2.0T Premium,2012,129567.0,Gasoline,211.0HP 2.0L 4 Cylinder Engine Gasoline Fuel,A/T,White,Black,None reported,Yes,7000.0,14,0.05402568535440849,1,8637.8,0
BMW,540 i xDrive,2019,36000.0,Gasoline,335.0HP 3.0L Straight 6 Cylinder Engine Gasoline Fuel,8-Speed A/T,Gray,Black,At least 1 accident or damage reported,Yes,41995.0,7,1.1664953751284686,1,4500.0,1
BMW,X6 xDrive35i,2009,92008.0,Gasoline,300.0HP 3.0L Straight 6 Cylinder Engine Gasoline Fuel,6-Speed A/T,White,Black,None reported,Yes,12500.0,17,0.13585627492962646,1,5111.555555555556,0
Ford,Mustang Base,1998,63900.0,Gasoline,150.0HP 3.8L V6 Cylinder Engine Gasoline Fuel,A/T,White,Gray,None reported,Yes,10300.0,28,0.16118683588676233,0,2203.448275862069,0
Toyota,Sequoia Limited,2012,150900.0,Gasoline,381.0HP 5.7L 8 Cylinder Engine Gasoline Fuel,A/T,Black,Gray,None reported,Yes,17500.0,14,0.11597007309428035,0,10060.0,0
Dodge,Challenger R/T Scat Pack,2019,43000.0,–,–,6-Speed M/T,Green,Black,None reported,Yes,50000.0,7,1.1627636566591475,0,5375.0,0
Land,Rover Range Rover 3.0L Supercharged,2018,38020.0,Gasoline,5.0 Liter,Automatic,White,Espresso,None reported,Yes,63998.0,8,1.6832276899608112,1,4224.444444444444,0
Audi,Q8 55 Premium Plus,2021,14750.0,Hybrid,335.0HP 3.0L V6 Cylinder Engine Gasoline/Mild Electric Hybrid,Transmission w/Dual Shift Mode,Silver,Black,None reported,Yes,61059.0,5,4.139312588977019,1,2458.3333333333335,0
Subaru,WRX Base,2015,52500.0,Gasoline,268.0HP 2.0L 4 Cylinder Engine Gasoline Fuel,6-Speed M/T,Gray,Black,None reported,Yes,23000.0,11,0.43808689358297936,0,4375.0,0
Chevrolet,Suburban LT,2017,207571.0,Gasoline,355.0HP 5.3L 8 Cylinder Engine Gasoline Fuel,6-Speed A/T,Black,Black,At least 1 accident or damage reported,Yes,21000.0,9,0.10116971460505271,0,20757.1,1
INFINITI,QX60 Pure,2020,39000.0,Gasoline,295.0HP 3.5L V6 Cylinder Engine Gasoline Fuel,A/T,Gray,Gray,None reported,Yes,29900.0,6,0.76664700905105,0,5571.428571428572,0
Porsche,Cayman Base,2011,66000.0,Gasoline,265.0HP 2.9L Flat 6 Cylinder Engine Gasoline Fuel,A/T,Black,Brown,None reported,Yes,28000.0,15,0.4242359964242966,1,4125.0,0
INFINITI,QX60 Base,2017,93500.0,Gasoline,295.0HP 3.5L V6 Cylinder Engine Gasoline Fuel,A/T,Black,Black,None reported,Yes,16000.0,9,0.17112116447952427,0,9350.0,0
BMW,M4 Base,2018,7200.0,Gasoline,425.0HP 3.0L Straight 6 Cylinder Engine Gasoline Fuel,7-Speed A/T,Black,Black,None reported,Yes,64000.0,8,8.887654492431606,1,800.0,0
Maserati,MC20 MC20,2022,1220.0,Gasoline,"Nettuno 3L V-6 port/direct injection, DOHC, variable valve contr","Automatic, 8-Spd Dual-Clutch",–,–,None reported,Yes,238900.0,4,195.65929565929565,1,244.0,0
Land,Rover Defender SE,2023,8421.0,Hybrid,395.0HP 3.0L Straight 6 Cylinder Engine Gasoline/Mild Electric Hybrid,A/T,Black,White,None reported,Yes,90000.0,3,10.686297791498456,1,2105.25,0
BMW,M8 Base,2020,25520.0,Gasoline,4.4L V8 32V GDI DOHC Twin Turbo,8-Speed Automatic,Brands Hatch Gray Metallic,Black,None reported,Yes,84900.0,6,3.3266721523451275,1,3645.714285714286,0
Tesla,Model Y Performance,2020,30554.0,Gasoline,Electric,1-Speed Automatic,Blue,Black,None reported,Yes,41999.0,6,1.3745377188676158,0,4364.857142857143,0
Volvo,C40 Recharge Pure Electric Twin Ultimate,2023,17000.0,Gasoline,402.0HP Electric Motor Electric Fuel System,A/T,Gray,Blue,None reported,Yes,54900.0,3,3.2292218104817363,0,4250.0,0
Mercedes-Benz,SL-Class SL 550,2011,41314.0,Gasoline,382.0HP 5.5L 8 Cylinder Engine Gasoline Fuel,Transmission w/Dual Shift Mode,Red,White,At least 1 accident or damage reported,Yes,30999.0,15,0.7503086046230183,1,2582.125,1
Land,Rover Range Rover P525 HSE SWB,2020,49899.0,Gasoline,518.0HP 5.0L 8 Cylinder Engine Gasoline Fuel,Transmission w/Dual Shift Mode,White,Black,At least 1 accident or damage reported,Yes,64500.0,6,1.2925851703406814,1,7128.428571428572,1
Ford,Escape XLT,2012,186268.0,E85 Flex Fuel,240.0HP 3.0L V6 Cylinder Engine Flex Fuel Capability,6-Speed A/T,Blue,Black,None reported,Yes,4500.0,14,0.024158609323075765,0,12417.866666666667,0
Lexus,ES 350 Base,2016,51335.0,Gasoline,268.0HP 3.5L V6 Cylinder Engine Gasoline Fuel,6-Speed A/T,Silver,Black,At least 1 accident or damage reported,Yes,25995.0,10,0.506369798971482,1,4666.818181818182,1
Porsche,718 Boxster GTS,2019,10400.0,Gasoline,365.0HP 2.5L 4 Cylinder Engine Gasoline Fuel,A/T,Gray,Black,None reported,Yes,99750.0,7,9.590423997692529,1,1300.0,0
Mercedes-Benz,G-Class G 550,2020,20622.0,Gasoline,4.0 Liter Twin Turbo,Automatic,designo Diamond White Metallic,Black,None reported,Yes,142998.0,6,6.933908742665955,1,2946.0,0
RAM,1500 Big Horn,2022,19376.0,Gasoline,5.7L V8 16V MPFI OHV,Automatic,Bright White Clearcoat,Black,None reported,Yes,45861.0,4,2.36677504257625,0,3875.2,0
Audi,R8 5.2 V10 performance,2020,12245.0,Gasoline,5.2L V10 40V PDI DOHC,7-Speed Automatic with Auto-Shift,Daytona Gray Pearl Effect w/ Black Roof,Black / Express Red,None reported,Yes,187900.0,6,15.343785725951332,1,1749.2857142857142,0
Mitsubishi,Lancer Evolution IX,2006,77000.0,Gasoline,286.0HP 2.0L 4 Cylinder Engine Gasoline Fuel,5-Speed M/T,Silver,Black,None reported,Yes,57000.0,20,0.7402501266217322,0,3666.6666666666665,0
Acura,TL Technology,2013,40000.0,Gasoline,280.0HP 3.5L V6 Cylinder Engine Gasoline Fuel,6-Speed A/T,Blue,Gray,None reported,Yes,24000.0,13,0.5999850003749906,0,2857.1428571428573,0
Cadillac,CTS Luxury,2012,113000.0,Gasoline,270.0HP 3.0L V6 Cylinder Engine Gasoline Fuel,6-Speed A/T,White,Beige,None reported,Yes,10000.0,14,0.088494792081486,0,7533.333333333333,0
Chevrolet,Camaro 1SS,2022,7600.0,Gasoline,455.0HP 6.2L 8 Cylinder Engine Gasoline Fuel,6-Speed M/T,Gray,Black,At least 1 accident or damage reported,Yes,46000.0,4,6.051835284830943,0,1520.0,1
Toyota,Camry Hybrid LE,2022,20400.0,Hybrid,208.0HP 2.5L 4 Cylinder Engine Gas/Electric Hybrid,CVT Transmission,White,Gray,None reported,Yes,29900.0,4,1.4656144306651635,0,4080.0,0
Ford,Transit-350 XLT,2019,115000.0,Gasoline,310.0HP 3.5L V6 Cylinder Engine Gasoline Fuel,A/T,White,Gray,None reported,Yes,39000.0,7,0.33912748584794916,0,14375.0,0
Lexus,RX 450h Base,2012,239000.0,Hybrid,295.0HP 3.5L V6 Cylinder Engine Gas/Electric Hybrid,A/T,Black,Black,None reported,Yes,7000.0,14,0.02928858038250886,1,15933.333333333334,0
Jaguar,F-TYPE V6 S,2014,62194.0,Gasoline,3.0 Liter SC ULEV,Automatic,Black,Black,None reported,Yes,32998.0,12,0.5305571187394486,0,4784.153846153846,0
Jeep,Wrangler Sahara,2020,22138.0,Gasoline,3.6 Liter,Automatic,Black,Black,None reported,Yes,38598.0,6,1.7434391797280817,0,3162.5714285714284,0
Porsche,718 Boxster S,2017,48900.0,Gasoline,350.0HP 2.5L 4 Cylinder Engine Gasoline Fuel,Transmission w/Dual Shift Mode,Blue,Black,None reported,Yes,62500.0,9,1.2780924725465737,1,4890.0,0
Audi,R8 5.2,2014,21800.0,Gasoline,525.0HP 5.2L 10 Cylinder Engine Gasoline Fuel,Transmission w/Dual Shift Mode,White,Black,None reported,Yes,117000.0,12,5.366726296958855,1,1676.923076923077,0
Lincoln,MKZ Base,2016,68200.0,Gasoline,300.0HP 3.7L V6 Cylinder Engine Gasoline Fuel,6-Speed A/T,Silver,Black,At least 1 accident or damage reported,Yes,16750.0,10,0.2455975718831102,0,6200.0,1
Chevrolet,S-10 LS Crew Cab,2001,139000.0,Gasoline,190.0HP 4.3L V6 Cylinder Engine Gasoline Fuel,A/T,Red,Gray,None reported,Yes,7000.0,25,0.0503593499327343,0,5346.153846153846,0
Mercedes-Benz,G-Class G 550 4MATIC,2021,76100.0,Gasoline,416.0HP 4.0L 8 Cylinder Engine Gasoline Fuel,A/T,Black,Black,None reported,Yes,130000.0,5,1.70825613329654,1,12683.333333333334,0
Lexus,RX 350 RX 350 F SPORT Handling,2022,14330.0,Gasoline,3.5 Liter DOHC,Automatic,Black,Red,None reported,Yes,54998.0,4,3.8376945084083456,1,2866.0,0
BMW,750 i xDrive,2019,41906.0,Gasoline,445.0HP 4.4L 8 Cylinder Engine Gasoline Fuel,8-Speed A/T,Blue,White,At least 1 accident or damage reported,Yes,45999.0,7,1.0976447848808075,1,5238.25,1
Chevrolet,Camaro 2SS,2016,164000.0,Gasoline,455.0HP 6.2L 8 Cylinder Engine Gasoline Fuel,8-Speed A/T,Black,Red,None reported,Yes,21500.0,10,0.13109676160511216,0,14909.09090909091,0
Ford,Fusion Hybrid SE,2013,161933.0,Hybrid,2.0L I4 16V MPFI DOHC Hybrid,Automatic CVT,Blue,Charcoal Black,None reported,Yes,7945.0,13,0.04906319858707869,0,11566.642857142857,0
Hyundai,Santa Cruz 2.5T Limited,2022,22829.0,Gasoline,2.5L I4 16V PDI DOHC Turbo,Automatic,Hampton Gray,Black,None reported,Yes,34580.0,4,1.5146736749890495,0,4565.8,0
Lexus,RX 350 F Sport,2023,5483.0,Gasoline,2.4L I4 16V PDI DOHC Turbo,8-Speed Automatic,Ultra White,Black,None reported,Yes,59950.0,3,10.931801604668125,1,1370.75,0
Land,Rover Range Rover Evoque S,2020,46891.0,Gasoline,246.0HP 2.0L 4 Cylinder Engine Gasoline Fuel,9-Speed A/T,Gray,Black,At least 1 accident or damage reported,Yes,31000.0,6,0.6610935767295061,1,6698.714285714285,1
Chevrolet,Suburban LT,2019,72000.0,Gasoline,355.0HP 5.3L 8 Cylinder Engine Gasoline Fuel,A/T,Blue,Beige,At least 1 accident or damage reported,Yes,39000.0,7,0.5416591436230053,0,9000.0,1
Porsche,718 Spyder Base,2020,3400.0,Gasoline,414.0HP 4.0L Flat 6 Cylinder Engine Gasoline Fuel,6-Speed M/T,White,Black,None reported,Yes,129900.0,6,38.19464863275507,1,485.7142857142857,0
Chevrolet,Camaro 1LT,2021,18000.0,Gasoline,335.0HP 3.6L V6 Cylinder Engine Gasoline Fuel,10-Speed A/T,White,Black,At least 1 accident or damage reported,Yes,30000.0,5,1.6665740792178212,0,3000.0,1
Jeep,Gladiator Freedom,2021,30630.0,Gasoline,3.6 Liter,Automatic,Hydro Blue Pearlcoat,Black,None reported,Yes,39998.0,5,1.3058013123959387,0,5105.0,0
Toyota,Tacoma Double Cab,2007,24985.0,Gasoline,236.0HP 4.0L V6 Cylinder Engine Gasoline Fuel,5-Speed A/T,Silver,Silver,None reported,Yes,33580.0,19,1.3439526134635396,0,1249.25,0
GMC,Yukon Denali Ultimate,2023,9978.0,Gasoline,420.0HP 6.2L 8 Cylinder Engine Gasoline Fuel,10-Speed A/T,White,Gold,None reported,Yes,93999.0,3,9.419681330794669,0,2494.5,0
Ford,Shelby GT350R Base,2018,18500.0,Gasoline,526.0HP 5.2L 8 Cylinder Engine Gasoline Fuel,M/T,Blue,Black,At least 1 accident or damage reported,Yes,77999.0,8,4.215934273823037,0,2055.5555555555557,1
Cadillac,Escalade Premium Luxury Platinum,2021,72843.0,Gasoline,6.2L V8 16V GDI OHV,10-Speed Automatic,Sandstone Metallic,Dark Auburn,None reported,Yes,79990.0,5,1.0981000494206798,0,12140.5,0
Buick,LaCrosse Base,2017,67500.0,Gasoline,310.0HP 3.6L V6 Cylinder Engine Gasoline Fuel,8-Speed A/T,Black,Beige,None reported,Yes,20000.0,9,0.29629190678656614,0,6750.0,0
Tesla,Model X Long Range Plus,2020,43534.0,Gasoline,534.0HP Electric Motor Electric Fuel System,1-Speed A/T,Black,Black,None reported,Yes,65990.0,6,1.515791891581486,0,6219.142857142857,0
Mercedes-Benz,E-Class E 300 4MATIC,2017,36900.0,Gasoline,241.0HP 2.0L 4 Cylinder Engine Gasoline Fuel,9-Speed A/T,Gray,Beige,None reported,Yes,28500.0,9,0.772336793040839,1,3690.0,0
Chevrolet,Tahoe LT,2017,61720.0,E85 Flex Fuel,5.3 Liter,Automatic,Silver,Jet Black,At least 1 accident or damage reported,Yes,39998.0,9,0.6480452358192511,0,6172.0,1
Kia,Telluride EX,2022,35938.0,Gasoline,3.8L V6 24V GDI DOHC,8-Speed Automatic,Glacial White Pearl,Black,None reported,Yes,43329.0,4,1.2056261999499152,0,7187.6,0
Toyota,Tundra Hybrid Limited,2023,10748.0,Hybrid,3.4L V6 24V PDI DOHC Twin Turbo Hybrid,Automatic,Midnight Black Metallic,Black,None reported,Yes,63100.0,3,5.870313517536515,0,2687.0,0
Audi,S8 4.0T quattro,2023,4457.0,Gasoline,4.0L V8 32V GDI DOHC Twin Turbo,Automatic,Mythos Black Metallic,Black,None reported,Yes,107900.0,3,24.203678779721848,1,1114.25,0
Nissan,Armada Platinum,2018,108206.0,Gasoline,5.6 Liter,Automatic,White,Charcoal,At least 1 accident or damage reported,Yes,26498.0,8,0.24488249373885237,0,12022.888888888889,1
Land,Rover Discovery HSE,2020,32705.0,Diesel,3.0 Liter,Automatic,Portofino Blue Metallic,Tan/Ebony/Ebony,None reported,Yes,46598.0,6,1.4247538677918425,1,4672.142857142857,0
Kia,Telluride S,2020,74026.0,Gasoline,3.8L V6 24V GDI DOHC,8-Speed Automatic,Sangria Red,Black,None reported,Yes,32913.0,6,0.4446080484147676,0,10575.142857142857,0
Lexus,GS 350 F Sport,2020,24651.0,Gasoline,3.5L V6 24V PDI DOHC,6-Speed Automatic,Ultra White,Black,None reported,Yes,45950.0,6,1.8639461301314295,1,3521.5714285714284,0
BMW,X6 xDrive40i,2022,13000.0,Hybrid,335.0HP 3.0L Straight 6 Cylinder Engine Gasoline/Mild Electric Hybrid,Transmission w/Dual Shift Mode,Gray,Orange,None reported,Yes,69000.0,4,5.307284055072687,1,2600.0,0
Land,Rover Range Rover P400 SE SWB,2023,11700.0,Hybrid,395.0HP 3.0L Straight 6 Cylinder Engine Gasoline/Mild Electric Hybrid,Transmission w/Dual Shift Mode,Gray,White,None reported,Yes,133500.0,3,11.409281258012136,1,2925.0,0
Chevrolet,Silverado 3500 High Country,2015,77500.0,Diesel,397.0HP 6.6L 8 Cylinder Engine Diesel Fuel,6-Speed A/T,Black,Brown,None reported,Yes,54000.0,11,0.6967652030296383,0,6458.333333333333,0
Maserati,Quattroporte Sport GT,2007,82000.0,Gasoline,394.0HP 4.2L 8 Cylinder Engine Gasoline Fuel,Transmission w/Dual Shift Mode,Black,Black,At least 1 accident or damage reported,Yes,7999.0,19,0.09754759088303801,1,4100.0,1
Dodge,Viper GTC,2017,1389.0,Gasoline,645.0HP 8.4L 10 Cylinder Engine Gasoline Fuel,M/T,Black,Black,None reported,Yes,489995.0,9,352.5143884892086,0,138.9,0
Ford,Expedition Limited,2021,29830.0,Gasoline,3.5L V6 24V PDI DOHC Twin Turbo,10-Speed Automatic,Magnetic Metallic,Ebony,None reported,Yes,55329.0,5,1.8547484160772352,0,4971.666666666667,0
Mazda,Mazda6 i Grand Touring,2016,83100.0,–,–,A/T,White,White,None reported,Yes,17800.0,10,0.21419718174269864,0,7554.545454545455,0
Kia,Optima LX,2019,62660.0,Gasoline,185.0HP 2.4L 4 Cylinder Engine Gasoline Fuel,A/T,White,Black,None reported,Yes,16500.0,7,0.2633216833437066,0,7832.5,0
Land,Rover Range Rover Sport SVR,2018,56006.0,Gasoline,575.0HP 5.0L 8 Cylinder Engine Gasoline Fuel,Transmission w/Dual Shift Mode,Silver,White,None reported,Yes,59000.0,8,1.0534397486028533,1,6222.888888888889,0
Lexus,RX 450h F SPORT Handling,2021,31365.0,Hybrid,3.5 Liter DOHC,Variable,Beige,Red,None reported,Yes,52998.0,5,1.689663967353185,1,5227.5,0
Lincoln,Town Car Base,2004,27600.0,Gasoline,239.0HP 4.6L 8 Cylinder Engine Gasoline Fuel,4-Speed A/T,Black,White,None reported,Yes,14900.0,22,0.5398355132060433,0,1200.0,0
Honda,Civic Si,2012,47245.0,Gasoline,201.0HP 2.4L 4 Cylinder Engine Gasoline Fuel,6-Speed M/T,White,Black,None reported,Yes,19600.0,14,0.4148499343859798,0,3149.6666666666665,0
Lexus,RX 450h Base,2017,73948.0,Hybrid,308.0HP 3.5L V6 Cylinder Engine Gas/Electric Hybrid,A/T,White,Beige,None reported,Yes,31990.0,9,0.4325954373960432,1,7394.8,0
RAM,1500 Classic Warlock,2019,36757.0,E85 Flex Fuel,3.6L V6 24V MPFI DOHC Flexible Fuel,8-Speed Automatic,Diamond Black,Diesel Gray / Black,None reported,Yes,31953.0,7,0.8692801567005822,0,4594.625,0
Tesla,Model Y Long Range,2023,4786.0,Gasoline,425.0HP Electric Motor Electric Fuel System,A/T,White,White,None reported,Yes,48000.0,3,10.027156883225402,0,1196.5,0
Audi,RS 3 2.5T,2023,1900.0,Gasoline,401.0HP 2.5L 5 Cylinder Engine Gasoline Fuel,Transmission w/Dual Shift Mode,Gray,Black,None reported,Yes,78900.0,3,41.50447133087849,1,475.0,0
Hyundai,Genesis Coupe 3.8 R-Spec,2014,52060.0,Gasoline,348.0HP 3.8L V6 Cylinder Engine Gasoline Fuel,6-Speed M/T,Black,Black,At least 1 accident or damage reported,Yes,15000.0,12,0.2881235473771153,0,4004.6153846153848,1
Porsche,Boxster RS 60 Spyder,2008,58000.0,Gasoline,303.0HP 3.4L Flat 6 Cylinder Engine Gasoline Fuel,6-Speed M/T,Silver,Black,None reported,Yes,41500.0,18,0.7155049050878434,1,3052.6315789473683,0
Ford,F-250 XLT,2010,52246.0,Diesel,6.4L V8 32V DDI OHV Twin Turbo Diesel,6-Speed Manual,Tan,Medium Stone,None reported,Yes,26095.0,16,0.49945451413478287,0,3073.294117647059,0
Kia,Sorento EX,2016,64290.0,Gasoline,2.0L I4 16V GDI DOHC Turbo,6-Speed Automatic,Snow White Pearl,Satin Black,None reported,Yes,16999.0,10,0.2644071487455476,0,5844.545454545455,0
Nissan,370Z Touring,2009,37500.0,Gasoline,332.0HP 3.7L V6 Cylinder Engine Gasoline Fuel,6-Speed M/T,Silver,Orange,None reported,Yes,21500.0,17,0.5733180448521373,0,2083.3333333333335,0
Genesis,G70 2.0T,2023,2121.0,Gasoline,252.0HP 2.0L 4 Cylinder Engine Gasoline Fuel,8-Speed A/T,White,Red,None reported,Yes,40750.0,3,19.203581526861452,0,530.25,0
Land,Rover Range Rover Sport Supercharged,2013,57000.0,Gasoline,510.0HP 5.0L 8 Cylinder Engine Gasoline Fuel,Transmission w/Dual Shift Mode,White,Beige,None reported,Yes,26000.0,13,0.4561323485552885,1,4071.4285714285716,0
Mercedes-Benz,S-Class S 560 4MATIC,2020,22000.0,Gasoline,463.0HP 4.0L 8 Cylinder Engine Gasoline Fuel,A/T,White,Beige,None reported,Yes,69500.0,6,3.1589473205763374,1,3142.8571428571427,0
Ford,Bronco Wildtrak Advanced,2023,2000.0,Gasoline,315.0HP 2.7L V6 Cylinder Engine Gasoline Fuel,A/T,Black,Black,None reported,Yes,66500.0,3,33.23338330834583,0,500.0,0
RAM,1500 SLT,2018,61802.0,E85 Flex Fuel,305.0HP 3.6L V6 Cylinder Engine Flex Fuel Capability,8-Speed A/T,Black,Gray,None reported,Yes,32000.0,8,0.5177742180800284,0,6866.888888888889,0
Dodge,Challenger R/T,2010,73000.0,–,–,A/T,Black,Black,None reported,Yes,17500.0,16,0.2397227435240613,0,4294.117647058823,0
Chevrolet,Sonic LT,2013,110000.0,–,–,A/T,Gray,Black,None reported,Yes,7500.0,13,0.06818119835274225,0,7857.142857142857,0
Jeep,Grand Cherokee Laredo,2013,106700.0,E85 Flex Fuel,290.0HP 3.6L V6 Cylinder Engine Flex Fuel Capability,6-Speed A/T,Black,Black,None reported,Yes,13500.0,13,0.12652177580341328,0,7621.428571428572,0
Audi,RS 5 4.2,2013,75965.0,Gasoline,450.0HP 4.2L 8 Cylinder Engine Gasoline Fuel,7-Speed A/T,White,Black,At least 1 accident or damage reported,Yes,35999.0,13,0.4738830529447384,1,5426.071428571428,1
Jeep,Grand Cherokee L Overland,2022,31804.0,Gasoline,3.6L V6 24V MPFI DOHC,Automatic,Silver Zynith,Global Black,At least 1 accident or damage reported,Yes,48995.0,4,1.540481056437667,0,6360.8,1
Mazda,MX-5 Miata Base,1992,125800.0,–,–,5-Speed M/T,Red,Black,None reported,Yes,11500.0,34,0.0914142176930231,0,3594.285714285714,0
Chrysler,Crossfire Limited,2005,116320.0,Gasoline,215.0HP 3.2L V6 Cylinder Engine Gasoline Fuel,5-Speed A/T,Gray,Red,At least 1 accident or damage reported,Yes,6000.0,21,0.05158139974725114,0,5287.272727272727,1
Audi,S5 4.2 Premium Plus,2011,156875.0,Gasoline,354.0HP 4.2L 8 Cylinder Engine Gasoline Fuel,6-Speed M/T,Black,Red,At least 1 accident or damage reported,Yes,9900.0,15,0.06310716744435095,1,9804.6875,1
Tesla,Model X Base,2023,197.0,Gasoline,670.0HP Electric Motor Electric Fuel System,A/T,Blue,Black,None reported,Yes,85000.0,3,429.2929292929293,0,49.25,0
Cadillac,CT4 Luxury,2020,35200.0,Gasoline,237.0HP 2.0L 4 Cylinder Engine Gasoline Fuel,8-Speed A/T,Blue,Black,None reported,Yes,28500.0,6,0.8096360898838101,0,5028.571428571428,0
Maserati,Ghibli S Q4,2014,76000.0,Gasoline,404.0HP 3.0L V6 Cylinder Engine Gasoline Fuel,A/T,Black,Black,None reported,Yes,19000.0,12,0.24999671056959777,1,5846.153846153846,0
Jaguar,F-PACE 25t Premium,2019,29000.0,Gasoline,247.0HP 2.0L 4 Cylinder Engine Gasoline Fuel,A/T,White,Black,None reported,Yes,34500.0,7,1.1896141512361642,0,3625.0,0
BMW,750 i xDrive,2019,33499.0,Gasoline,445.0HP 4.4L 8 Cylinder Engine Gasoline Fuel,A/T,Gray,Black,At least 1 accident or damage reported,Yes,44495.0,7,1.3282089552238805,1,4187.375,1
Acura,TLX V6 Advance,2019,25779.0,Gasoline,3.5L V6 24V GDI SOHC,9-Speed Automatic,Platinum White Pearl,Ebony,At least 1 accident or damage reported,Yes,30999.0,7,1.20244375484872,0,3222.375,1
GMC,Terrain SLT-1,2015,76296.0,Gasoline,182.0HP 2.4L 4 Cylinder Engine Gasoline Fuel,6-Speed A/T,Gray,Black,At least 1 accident or damage reported,Yes,9500.0,11,0.12451341468209759,0,6358.0,1
BMW,i3 Base w/Range Extender,2014,29553.0,Gasoline,170.0HP 0.65L Electric Motor Electric Fuel System,1-Speed A/T,Black,Gray,None reported,Yes,12800.0,12,0.43310550179332746,1,2273.3076923076924,0
Nissan,Versa 1.8 S,2011,109902.0,Gasoline,122.0HP 1.8L 4 Cylinder Engine Gasoline Fuel,A/T,Blue,Gray,None reported,Yes,4500.0,15,0.04094519712837684,0,6868.875,0
Mercedes-Benz,C-Class C 300 4MATIC,2019,23083.0,Gasoline,255.0HP 2.0L 4 Cylinder Engine Gasoline Fuel,9-Speed A/T,White,Beige,None reported,Yes,33500.0,7,1.4512216253682204,1,2885.375,0
Toyota,Matrix XRS,2003,143600.0,Gasoline,180.0HP 1.8L 4 Cylinder Engine Gasoline Fuel,6-Speed M/T,Black,Black,None reported,Yes,4199.0,23,0.029240743448861777,0,5983.333333333333,0
RAM,1500 Limited,2021,22000.0,Gasoline,395.0HP 5.7L 8 Cylinder Engine Gasoline Fuel,8-Speed A/T,Black,Black,None reported,Yes,54800.0,5,2.4907958729148674,0,3666.6666666666665,0
Mercedes-Benz,AMG E 53 Base 4MATIC,2022,13000.0,Hybrid,429.0HP 3.0L Straight 6 Cylinder Engine Gasoline/Mild Electric Hybrid,9-Speed A/T,Silver,Black,None reported,Yes,81500.0,4,6.268748557803246,1,2600.0,0
Audi,A5 2.0T Premium,2018,53000.0,Gasoline,252.0HP 2.0L 4 Cylinder Engine Gasoline Fuel,A/T,White,Brown,At least 1 accident or damage reported,Yes,28000.0,8,0.5282919190203959,1,5888.888888888889,1
Lincoln,Navigator Reserve,2019,44741.0,Gasoline,450.0HP 3.5L V6 Cylinder Engine Gasoline Fuel,10-Speed A/T,Beige,Beige,None reported,Yes,52999.0,7,1.1845469581154173,0,5592.625,0
Audi,A6 3.2 quattro,2008,202000.0,Gasoline,255.0HP 3.2L V6 Cylinder Engine Gasoline Fuel,A/T,Blue,Gray,At least 1 accident or damage reported,Yes,5700.0,18,0.02821768209068272,1,10631.578947368422,1
Chevrolet,Silverado 1500 LT Crew Cab,2006,215000.0,Gasoline,345.0HP 6.0L 8 Cylinder Engine Gasoline Fuel,A/T,Black,Black,At least 1 accident or damage reported,Yes,6995.0,20,0.032534732396593505,0,10238.095238095239,1
Mercedes-Benz,S-Class S 560,2019,77138.0,Gasoline,4.0 Liter,Automatic,designo Diamond White,Black,None reported,Yes,49998.0,7,0.6481546299537199,1,9642.25,0
Volvo,XC90 T6 Momentum,2018,90641.0,Gasoline,2.0L I4 16V GDI DOHC,8-Speed Automatic,White,Amber,None reported,Yes,25999.0,8,0.2868317115685885,0,10071.222222222223,0
Toyota,Camry SE,2011,177702.0,Gasoline,179.0HP 2.5L 4 Cylinder Engine Gasoline Fuel,A/T,Gray,Gray,At least 1 accident or damage reported,Yes,7700.0,15,0.04333072598661812,0,11106.375,1
Mercedes-Benz,Metris Base,2018,58350.0,Gasoline,208.0HP 2.0L 4 Cylinder Engine Gasoline Fuel,7-Speed A/T,Black,Black,None reported,Yes,29497.0,8,0.505509759901287,1,6483.333333333333,0
Chevrolet,Camaro 2LT,2010,86170.0,Gasoline,304.0HP 3.6L V6 Cylinder Engine Gasoline Fuel,6-Speed A/T,Black,Black,At least 1 accident or damage reported,Yes,17000.0,16,0.19728214828654653,0,5068.823529411765,1
Mazda,MX-5 Miata Grand Touring,2012,36568.0,Gasoline,167.0HP 2.0L 4 Cylinder Engine Gasoline Fuel,6-Speed M/T,Blue,Beige,At least 1 accident or damage reported,Yes,20199.0,14,0.5523530859471136,0,2437.866666666667,1
Ford,Escape SE,2015,54357.0,Gasoline,173.0HP 1.6L 4 Cylinder Engine Gasoline Fuel,6-Speed A/T,White,Gray,None reported,Yes,16250.0,11,0.298944037676147,0,4529.75,0
Mercedes-Benz,S-Class S 63 AMG,2015,20394.0,Gasoline,5.5 Liter,Automatic,Black,Black,At least 1 accident or damage reported,Yes,59598.0,11,2.922186810492768,1,1699.5,1
Kia,Niro EX,2023,7578.0,Hybrid,1.6L I4 16V GDI DOHC Hybrid,Automatic,Snow White Pearl,Charcoal,None reported,Yes,31113.0,3,4.105158991951445,0,1894.5,0
Porsche,Boxster Base,2010,64800.0,Gasoline,255.0HP 2.9L Flat 6 Cylinder Engine Gasoline Fuel,6-Speed M/T,Gray,Gray,At least 1 accident or damage reported,Yes,20900.0,16,0.3225258869461891,1,3811.764705882353,1
Toyota,4Runner Trail,2016,117780.0,Gasoline,270.0HP 4.0L V6 Cylinder Engine Gasoline Fuel,5-Speed A/T,Gray,Black,None reported,Yes,27750.0,10,0.2356067617018025,0,10707.272727272728,0
Hyundai,Kona EV SEL,2019,33100.0,Gasoline,201.0HP Electric Motor Electric Fuel System,1-Speed A/T,Black,Black,None reported,Yes,18200.0,7,0.549832331349506,0,4137.5,0
Land,Rover Range Rover Evoque SE,2016,86202.0,Gasoline,240.0HP 2.0L 4 Cylinder Engine Gasoline Fuel,9-Speed A/T,Black,Black,None reported,Yes,18750.0,10,0.2175098314443813,1,7836.545454545455,0
Ford,E350 Super Duty XLT,2012,163000.0,E85 Flex Fuel,255.0HP 5.4L 8 Cylinder Engine Flex Fuel Capability,A/T,White,Gray,None reported,Yes,19550.0,14,0.11993791449132214,0,10866.666666666666,0
Mercedes-Benz,SL-Class SL500 Roadster,2004,35400.0,Gasoline,302.0HP 5.0L 8 Cylinder Engine Gasoline Fuel,7-Speed A/T,Black,Gray,None reported,Yes,24900.0,22,0.7033699613005282,1,1539.1304347826087,0
Jeep,Compass Trailhawk,2018,31000.0,Gasoline,180.0HP 2.4L 4 Cylinder Engine Gasoline Fuel,9-Speed A/T,Gray,Black,None reported,Yes,22000.0,8,0.7096545272733138,0,3444.4444444444443,0
Mercedes-Benz,S-Class S 560 4MATIC,2018,103069.0,Gasoline,4.0 Liter,Automatic,Anthracite Blue Metallic,Silk Beige/Espresso Brown,None reported,Yes,40998.0,8,0.39776850684001164,1,11452.111111111111,0
Mercedes-Benz,G-Class G 550 4MATIC,2021,22480.0,Gasoline,416.0HP 4.0L 8 Cylinder Engine Gasoline Fuel,A/T,White,Brown,None reported,Yes,135800.0,5,6.040656554423736,1,3746.6666666666665,0
Tesla,Model X P90D,2016,91000.0,Gasoline,691.0HP Electric Motor Electric Fuel System,A/T,Silver,White,None reported,Yes,39500.0,10,0.4340611641630312,0,8272.727272727272,0
Lexus,IS-F Base,2010,41500.0,Gasoline,416.0HP 5.0L 8 Cylinder Engine Gasoline Fuel,8-Speed A/T,Blue,Black,At least 1 accident or damage reported,Yes,44800.0,16,1.0794920604322786,1,2441.176470588235,1
BMW,335 i,2010,91545.0,Gasoline,300.0HP 3.0L Straight 6 Cylinder Engine Gasoline Fuel,6-Speed A/T,Black,Black,None reported,Yes,13000.0,16,0.14200511218403863,1,5385.0,0
Audi,RS 7 4.0T,2022,4100.0,Hybrid,591.0HP 4.0L 8 Cylinder Engine Gasoline/Mild Electric Hybrid,8-Speed A/T,Blue,Black,None reported,Yes,162500.0,4,39.6244818336991,1,820.0,0
Buick,Lucerne CXL,2006,110000.0,Gasoline,275.0HP 4.6L 8 Cylinder Engine Gasoline Fuel,A/T,Gold,Beige,None reported,Yes,5000.0,20,0.045454132235161496,0,5238.0952380952385,0
Lincoln,MKX Reserve,2016,88000.0,Gasoline,335.0HP 2.7L V6 Cylinder Engine Gasoline Fuel,Transmission w/Dual Shift Mode,Black,Black,None reported,Yes,18500.0,10,0.21022488380813856,0,8000.0,0
Nissan,Armada Platinum,2018,42833.0,Gasoline,390.0HP 5.6L 8 Cylinder Engine Gasoline Fuel,Transmission w/Dual Shift Mode,Blue,Gray,None reported,Yes,37000.0,8,0.8637997852173507,0,4759.222222222223,0
Porsche,911 Carrera,2020,23278.0,Gasoline,3.0 Liter,Automatic,Blue,–,None reported,Yes,114998.0,6,4.939988831135358,1,3325.4285714285716,0
Mercedes-Benz,E-Class 400E,1993,106983.0,–,–,4-Speed A/T,White,Gray,None reported,Yes,15300.0,33,0.1430120391834293,1,3146.5588235294117,0
BMW,435 Gran Coupe i,2015,60100.0,Gasoline,300.0HP 3.0L Straight 6 Cylinder Engine Gasoline Fuel,8-Speed A/T,Blue,Beige,None reported,Yes,24995.0,11,0.4158832631736577,1,5008.333333333333,0
Jeep,Wagoneer Series III,2022,17381.0,Gasoline,5.7L V8 16V MPFI OHV,8-Speed Automatic,Velvet Red Pearlcoat,Global Black,None reported,Yes,69685.0,4,4.009032332297779,0,3476.2,0
Cadillac,ATS 2.5L,2013,63172.0,Gasoline,202.0HP 2.5L 4 Cylinder Engine Gasoline Fuel,A/T,Black,Black,At least 1 accident or damage reported,Yes,12995.0,13,0.2057049688949393,0,4512.285714285715,1
Ford,Transit Connect XLT,2010,72000.0,Gasoline,136.0HP 2.0L 4 Cylinder Engine Gasoline Fuel,A/T,White,Gray,At least 1 accident or damage reported,Yes,10900.0,16,0.15138678629463478,0,4235.294117647059,1
Kia,EV6 GT-Line,2022,4820.0,Gasoline,320.0HP Electric Motor Electric Fuel System,1-Speed A/T,Red,Black,None reported,Yes,47500.0,4,9.852727649865173,0,964.0,0
Audi,S5 3.0T Premium Plus,2014,67900.0,Gasoline,333.0HP 3.0L V6 Cylinder Engine Gasoline Fuel,6-Speed M/T,Silver,Black,None reported,Yes,25990.0,12,0.38276314045448523,1,5223.076923076923,0
Toyota,Tundra SR,2018,51000.0,Gasoline,381.0HP 5.7L 8 Cylinder Engine Gasoline Fuel,A/T,Black,Gray,None reported,Yes,38000.0,8,0.7450834297366719,0,5666.666666666667,0
Jeep,Wrangler Unlimited Freedom Edition,2013,54500.0,Gasoline,285.0HP 3.6L V6 Cylinder Engine Gasoline Fuel,A/T,Green,Black,None reported,Yes,35000.0,13,0.642190051558687,0,3892.8571428571427,0
Maserati,Quattroporte Base,2006,61840.0,Gasoline,394.0HP 4.2L 8 Cylinder Engine Gasoline Fuel,Transmission w/Dual Shift Mode,Gray,Beige,None reported,Yes,16500.0,20,0.2668132792160541,1,2944.7619047619046,0
Mercedes-Benz,CLS-Class CLS500,2006,28950.0,Gasoline,302.0HP 5.0L 8 Cylinder Engine Gasoline Fuel,7-Speed A/T,Blue,Beige,None reported,Yes,16750.0,20,0.5785637801803046,1,1378.5714285714287,0
GMC,Sierra 3500 SLE,2002,300000.0,Diesel,300.0HP 6.6L 8 Cylinder Engine Diesel Fuel,5-Speed A/T,Black,Gray,At least 1 accident or damage reported,Yes,5000.0,24,0.016666611111296296,0,12000.0,1
Nissan,Frontier SL,2011,103400.0,Gasoline,261.0HP 4.0L V6 Cylinder Engine Gasoline Fuel,5-Speed A/T,Gray,Gray,At least 1 accident or damage reported,Yes,17000.0,15,0.1644084680032108,0,6462.5,1
BMW,M5 Base,2023,816.0,Gasoline,4.4L V8 32V GDI DOHC Twin Turbo,8-Speed Automatic,Alpine White,Black,None reported,Yes,109900.0,3,134.51652386780907,1,204.0,0
Porsche,911 R,2016,719.0,Gasoline,4.0L H6 24V GDI DOHC,6-Speed Manual,White,Black / Brown,None reported,Yes,489000.0,10,679.1666666666666,1,65.36363636363636,0
Land,Rover Defender X-Dynamic SE,2023,3678.0,Hybrid,3.0 Liter,Automatic,Fuji White,Black,None reported,Yes,81998.0,3,22.288121772220713,1,919.5,0
Ford,F-150 XL,2016,107000.0,E85 Flex Fuel,385.0HP 5.0L 8 Cylinder Engine Flex Fuel Capability,6-Speed A/T,White,Gray,At least 1 accident or damage reported,Yes,22000.0,10,0.2056055550882702,0,9727.272727272728,1
BMW,M8 Competition,2022,5018.0,Gasoline,4.4 Liter Twin Turbo,Automatic,–,Sakhir Orange/Black,None reported,Yes,114998.0,4,22.912532376967523,1,1003.6,0
Porsche,911 Carrera S,2010,13850.0,Gasoline,385.0HP 3.8L Flat 6 Cylinder Engine Gasoline Fuel,6-Speed M/T,Black,Black,None reported,Yes,71400.0,16,5.154862464803985,1,814.7058823529412,0
Volvo,XC70 3.2,2008,46700.0,Gasoline,235.0HP 3.2L Straight 6 Cylinder Engine Gasoline Fuel,6-Speed A/T,White,Beige,None reported,Yes,11400.0,18,0.24410612192458406,0,2457.8947368421054,0
Chrysler,300 Touring,2021,21478.0,Gasoline,3.6 Liter,Automatic,Silver Mist,Black,None reported,Yes,27798.0,5,1.2941943293449416,0,3579.6666666666665,0
Honda,Insight EX,2020,64200.0,Hybrid,151.0HP 1.5L 4 Cylinder Engine Gas/Electric Hybrid,CVT Transmission,White,Black,At least 1 accident or damage reported,Yes,20499.0,6,0.31929409199233655,0,9171.42857142857,1
Porsche,Cayman S,2006,31075.0,Gasoline,3.4L H6 24V MPFI DOHC,5-Speed Automatic,Black,Black / Stone Grey,None reported,Yes,36250.0,20,1.1664950444072597,1,1479.7619047619048,0
Tesla,Model Y Performance,2022,25250.0,Gasoline,455.0HP Electric Motor Electric Fuel System,1-Speed A/T,White,White,None reported,Yes,47800.0,4,1.8929943368579463,0,5050.0,0
BMW,M5 Competition,2020,35400.0,Gasoline,617.0HP 4.4L 8 Cylinder Engine Gasoline Fuel,8-Speed A/T,Orange,Black,None reported,Yes,71950.0,6,2.0324284624728115,1,5057.142857142857,0
Audi,S4 4.2 quattro,2004,74030.0,Gasoline,340.0HP 4.2L 8 Cylinder Engine Gasoline Fuel,6-Speed M/T,Silver,Gray,None reported,Yes,16000.0,22,0.21612567708122274,1,3218.695652173913,0
Ford,F-250 Platinum,2021,48549.0,Diesel,6.7L V8 32V DDI OHV Turbo Diesel,Automatic,Antimatter Blue Metallic,Black,None reported,Yes,69998.0,5,1.441771369721936,0,8091.5,0
Kia,Seltos S,2023,5182.0,Gasoline,146.0HP 2.0L 4 Cylinder Engine Gasoline Fuel,A/T,White,Black,None reported,Yes,32500.0,3,6.270499710592321,0,1295.5,0
RAM,ProMaster 2500 High Roof,2019,31681.0,Gasoline,280.0HP 3.6L V6 Cylinder Engine Gasoline Fuel,A/T,White,Black,At least 1 accident or damage reported,Yes,33500.0,7,1.0573827409885739,0,3960.125,1
BMW,M760 M760i xDrive,2020,23430.0,Gasoline,6.6 Liter Twin Turbo,Automatic,White,Black,None reported,Yes,80998.0,6,3.4568733728820793,1,3347.1428571428573,0
Mercedes-Benz,E-Class E 400,2015,30300.0,Gasoline,329.0HP 3.0L V6 Cylinder Engine Gasoline Fuel,A/T,White,Black,At least 1 accident or damage reported,Yes,29000.0,11,0.9570641232962609,1,2525.0,1
Cadillac,XTS Luxury,2016,112000.0,Gasoline,304.0HP 3.6L V6 Cylinder Engine Gasoline Fuel,A/T,Blue,Beige,At least 1 accident or damage reported,Yes,14599.0,10,0.13034705047276363,0,10181.818181818182,1
INFINITI,Q50 Premium,2014,127356.0,Gasoline,328.0HP 3.7L V6 Cylinder Engine Gasoline Fuel,7-Speed A/T,Black,Black,At least 1 accident or damage reported,Yes,19990.0,12,0.15696035553601295,0,9796.615384615385,1
Volkswagen,Touareg V6 Executive,2017,50600.0,Gasoline,280.0HP 3.6L V6 Cylinder Engine Gasoline Fuel,8-Speed A/T,Red,Brown,At least 1 accident or damage reported,Yes,28890.0,9,0.5709373332542835,0,5060.0,1
Chevrolet,Suburban 1500 LTZ,2011,194000.0,E85 Flex Fuel,320.0HP 5.3L 8 Cylinder Engine Flex Fuel Capability,6-Speed A/T,Black,Black,None reported,Yes,9950.0,15,0.05128839542064216,0,12125.0,0
Toyota,Tundra SR5,2021,33455.0,Gasoline,381.0HP 5.7L 8 Cylinder Engine Gasoline Fuel,6-Speed A/T,Green,Black,None reported,Yes,44750.0,5,1.3375777140124343,0,5575.833333333333,0
BMW,X1 sDrive28i,2022,43000.0,Gasoline,228.0HP 2.0L 4 Cylinder Engine Gasoline Fuel,8-Speed A/T,Gray,Black,None reported,Yes,35750.0,4,0.8313760145112904,1,8600.0,0
Mercedes-Benz,GL-Class GL 550 4MATIC,2016,46102.0,Gasoline,429.0HP 4.7L 8 Cylinder Engine Gasoline Fuel,7-Speed A/T,Black,Beige,None reported,Yes,35300.0,10,0.7656768540008242,1,4191.090909090909,0
Cadillac,XTS Luxury,2019,59000.0,Gasoline,304.0HP 3.6L V6 Cylinder Engine Gasoline Fuel,6-Speed A/T,Black,Black,None reported,Yes,21000.0,7,0.35592617074286875,0,7375.0,0
Jaguar,XJ8 Base,2004,134000.0,Gasoline,294.0HP 4.2L 8 Cylinder Engine Gasoline Fuel,6-Speed A/T,Black,Beige,At least 1 accident or damage reported,Yes,9500.0,22,0.07089499332094537,0,5826.086956521739,1
Chevrolet,Camaro ZL1,2020,3715.0,Gasoline,650.0HP 6.2L 8 Cylinder Engine Gasoline Fuel,A/T,Black,Black,None reported,Yes,150000.0,6,40.36598493003229,0,530.7142857142857,0
Mercedes-Benz,Sprinter 2500,2012,100245.0,Diesel,188.0HP 3.0L V6 Cylinder Engine Diesel Fuel,A/T,White,–,At least 1 accident or damage reported,Yes,24000.0,14,0.23941104881990305,1,6683.0,1
Mercedes-Benz,C-Class C 300 4MATIC,2022,8583.0,Gasoline,2.0L I4 16V GDI DOHC Turbo,9-Speed Automatic,Cirrus Silver Metallic,AMG Black,None reported,Yes,42999.0,4,5.009203168685928,1,1716.6,0
Dodge,Dakota SLT,2003,141800.0,Gasoline,230.0HP 4.7L 8 Cylinder Engine Gasoline Fuel,A/T,Red,Gray,At least 1 accident or damage reported,Yes,5700.0,23,0.040197177734994816,0,5908.333333333333,1
Audi,A5 2.0T Premium Plus,2012,77000.0,Gasoline,211.0HP 2.0L 4 Cylinder Engine Gasoline Fuel,8-Speed A/T,White,Black,None reported,Yes,13800.0,14,0.17921845170841938,1,5133.333333333333,0
Audi,A5 2.0T Premium,2018,67035.0,Gasoline,252.0HP 2.0L 4 Cylinder Engine Gasoline Fuel,Transmission w/Dual Shift Mode,Pink,Brown,At least 1 accident or damage reported,Yes,31500.0,8,0.46989677188376394,1,7448.333333333333,1
Audi,S5 3.0 Premium Plus,2012,61450.0,Gasoline,333.0HP 3.0L V6 Cylinder Engine Gasoline Fuel,7-Speed A/T,White,Gray,None reported,Yes,19500.0,14,0.31732599957689867,1,4096.666666666667,0
Porsche,Panamera GTS,2015,39500.0,Gasoline,440.0HP 4.8L 8 Cylinder Engine Gasoline Fuel,Transmission w/Dual Shift Mode,Black,Black,None reported,Yes,52590.0,11,1.3313586997797524,1,3291.6666666666665,0
Mercedes-Benz,AMG GT C,2020,6600.0,Gasoline,550.0HP 4.0L 8 Cylinder Engine Gasoline Fuel,Transmission w/Dual Shift Mode,Black,Beige,None reported,Yes,128900.0,6,19.527344341766398,1,942.8571428571429,0
Chevrolet,Camaro 2SS,2023,2300.0,Gasoline,455.0HP 6.2L 8 Cylinder Engine Gasoline Fuel,6-Speed M/T,Red,Black,None reported,Yes,51500.0,3,22.381573229030856,0,575.0,0
Audi,Q7 Premium Plus,2023,10601.0,Hybrid,3.0 Liter TFSI,Automatic,Mythos Black,Black,None reported,Yes,61998.0,3,5.847764572722128,1,2650.25,0
Maserati,GranTurismo MC,2018,18000.0,Gasoline,454.0HP 4.7L 8 Cylinder Engine Gasoline Fuel,Transmission w/Dual Shift Mode,Red,Black,None reported,Yes,67000.0,8,3.7220154435864674,1,2000.0,0
GMC,Sierra 2500 AT4,2022,31681.0,Gasoline,6.6L V8 16V GDI OHV,Automatic,Cayenne Red Tintcoat,Jet Black,At least 1 accident or damage reported,Yes,67963.0,4,2.1451612903225805,0,6336.2,1
Cadillac,XT6 Sport AWD,2020,24114.0,Gasoline,3.6L V6 24V GDI DOHC,9-Speed Automatic,Garnet Red Metallic,Jet Black,At least 1 accident or damage reported,Yes,49427.0,6,2.0496371552975328,0,3444.8571428571427,1
Jeep,Grand Cherokee L Laredo,2022,22109.0,Gasoline,3.6L V6 24V MPFI DOHC,Automatic,Bright White Clearcoat,Global Black,None reported,Yes,43389.0,4,1.962415196743555,0,4421.8,0
Chevrolet,Avalanche 1500 LT,2012,148000.0,E85 Flex Fuel,320.0HP 5.3L 8 Cylinder Engine Flex Fuel Capability,A/T,Black,Black,None reported,Yes,18000.0,14,0.12162079985946041,0,9866.666666666666,0
BMW,M5 Base,2018,41000.0,Gasoline,600.0HP 4.4L 8 Cylinder Engine Gasoline Fuel,Transmission w/Dual Shift Mode,White,White,None reported,Yes,60200.0,8,1.468256871783615,1,4555.555555555556,0
Nissan,Titan SE,2009,127600.0,E85 Flex Fuel,317.0HP 5.6L 8 Cylinder Engine Flex Fuel Capability,A/T,Brown,Gray,None reported,Yes,19500.0,17,0.15282011896458492,0,7088.888888888889,0
Dodge,Ram 1500 SRT-10 Quad Cab,2005,138450.0,Gasoline,500.0HP 8.3L 10 Cylinder Engine Gasoline Fuel,4-Speed A/T,Red,Black,At least 1 accident or damage reported,Yes,19000.0,21,0.13723266715299998,0,6293.181818181818,1
GMC,Sierra 1500 SLT,2013,230000.0,E85 Flex Fuel,315.0HP 5.3L 8 Cylinder Engine Flex Fuel Capability,A/T,White,Black,None reported,Yes,15500.0,13,0.06739101134342894,0,16428.571428571428,0
Lexus,RX 350 F Sport,2017,53649.0,Gasoline,295.0HP 3.5L V6 Cylinder Engine Gasoline Fuel,A/T,Black,Red,None reported,Yes,33000.0,9,0.6150978564771669,1,5364.9,0
Mercedes-Benz,GL-Class GL 450 4MATIC,2012,174000.0,Gasoline,335.0HP 4.6L 8 Cylinder Engine Gasoline Fuel,7-Speed A/T,Black,Black,At least 1 accident or damage reported,Yes,11999.0,14,0.06895937379670232,1,11600.0,1
INFINITI,QX80 Luxe,2022,49860.0,Gasoline,5.6L V8 32V GDI DOHC,Automatic,Black Obsidian,Graphite,At least 1 accident or damage reported,Yes,47645.0,4,0.9555564469224443,0,9972.0,1
Mercedes-Benz,AMG C 63 S,2021,13650.0,Gasoline,503.0HP 4.0L 8 Cylinder Engine Gasoline Fuel,9-Speed A/T,Blue,Black,None reported,Yes,75000.0,5,5.4941029961175,1,2275.0,0
BMW,528 i xDrive,2016,134000.0,Gasoline,240.0HP 2.0L 4 Cylinder Engine Gasoline Fuel,A/T,Brown,Brown,At least 1 accident or damage reported,Yes,13500.0,10,0.10074551682450131,1,12181.818181818182,1
Porsche,911 Carrera,2014,78000.0,Gasoline,350.0HP 3.4L Flat 6 Cylinder Engine Gasoline Fuel,Transmission w/Dual Shift Mode,Brown,Brown,None reported,Yes,68000.0,12,0.8717836950808323,1,6000.0,0
Porsche,Boxster S,2005,65750.0,Gasoline,280.0HP 3.2L Flat 6 Cylinder Engine Gasoline Fuel,A/T,Blue,Gray,None reported,Yes,21750.0,21,0.33079344800839533,1,2988.6363636363635,0
BMW,X6 M Base,2021,18000.0,Gasoline,600.0HP 4.4L 8 Cylinder Engine Gasoline Fuel,8-Speed A/T,Black,Black,None reported,Yes,94000.0,5,5.221932114882507,1,3000.0,0
Ford,Mustang Premium,2007,121630.0,Gasoline,210.0HP 4.0L V6 Cylinder Engine Gasoline Fuel,A/T,White,Black,None reported,Yes,9450.0,19,0.07769400892864484,0,6081.5,0
Rivian,R1S Launch Edition,2023,4500.0,Gasoline,835.0HP Electric Motor Electric Fuel System,1-Speed A/T,Silver,Gray,None reported,Yes,89999.0,3,19.995334370139968,0,1125.0,0
Volvo,XC90 Recharge Plug-In Hybrid T8 Inscription 7 Passenger,2022,9408.0,Hybrid,2.0L I4 16V GDI DOHC Hybrid,8-Speed Automatic,Black,Gray,None reported,Yes,61999.0,4,6.589329365501116,0,1881.6,0
BMW,528 i xDrive,2016,120000.0,Gasoline,240.0HP 2.0L 4 Cylinder Engine Gasoline Fuel,A/T,White,White,None reported,Yes,16000.0,10,0.13333222223148142,1,10909.09090909091,0
Cadillac,Escalade ESV Platinum,2016,168600.0,Gasoline,420.0HP 6.2L 8 Cylinder Engine Gasoline Fuel,8-Speed A/T,White,Beige,None reported,Yes,29500.0,10,0.17496930623187287,0,15327.272727272728,0
Chevrolet,Corvette Base,2004,43705.0,Gasoline,350.0HP 5.7L 8 Cylinder Engine Gasoline Fuel,6-Speed M/T,Gray,Black,None reported,Yes,25900.0,22,0.5925959822450007,0,1900.2173913043478,0
Audi,A5 2.0T Premium,2013,111000.0,Gasoline,211.0HP 2.0L 4 Cylinder Engine Gasoline Fuel,Transmission w/Dual Shift Mode,Blue,Beige,None reported,Yes,11500.0,13,0.103602670246214,1,7928.571428571428,0
Audi,TT 2.0T Premium,2012,64549.0,Gasoline,211.0HP 2.0L 4 Cylinder Engine Gasoline Fuel,Transmission w/Dual Shift Mode,Silver,Black,None reported,Yes,17000.0,14,0.26336173508907823,1,4303.266666666666,0
Buick,LaCrosse CX,2007,53000.0,Gasoline,200.0HP 3.8L V6 Cylinder Engine Gasoline Fuel,4-Speed A/T,Red,Gray,None reported,Yes,6500.0,19,0.1226391954868776,0,2650.0,0
Chevrolet,Camaro 2SS,2017,13465.0,Gasoline,455.0HP 6.2L 8 Cylinder Engine Gasoline Fuel,8-Speed A/T,White,Black,None reported,Yes,44900.0,9,3.3343234813604634,0,1346.5,0
Tesla,Model Y Long Range,2023,5844.0,Gasoline,425.0HP Electric Motor Electric Fuel System,A/T,White,Black,None reported,Yes,52000.0,3,8.896492728828058,0,1461.0,0
BMW,M3 Base,2015,74000.0,Gasoline,425.0HP 3.0L Straight 6 Cylinder Engine Gasoline Fuel,M/T,Gray,Black,None reported,Yes,40000.0,11,0.5405332360373508,1,6166.666666666667,0
Kia,Optima LX,2011,100331.0,Gasoline,200.0HP 2.4L 4 Cylinder Engine Gasoline Fuel,A/T,Red,–,At least 1 accident or damage reported,Yes,6900.0,15,0.0687716780289439,0,6270.6875,1
Toyota,Supra 3.0 Premium,2022,24850.0,Gasoline,382.0HP 3.0L Straight 6 Cylinder Engine Gasoline Fuel,A/T,Black,Black,None reported,Yes,53568.0,4,2.1555671803951553,0,4970.0,0
Lincoln,Nautilus Reserve,2021,17467.0,Gasoline,2.0L I4 16V GDI DOHC Turbo,8-Speed Automatic,Pristine White,Slate,None reported,Yes,43860.0,5,2.5108770322876115,0,2911.1666666666665,0
Nissan,Pathfinder SL,2015,115000.0,Gasoline,260.0HP 3.5L V6 Cylinder Engine Gasoline Fuel,A/T,Gray,Black,None reported,Yes,11995.0,11,0.10430344083964488,0,9583.333333333334,0
BMW,X5 xDrive50i,2015,72000.0,Gasoline,445.0HP 4.4L 8 Cylinder Engine Gasoline Fuel,Transmission w/Dual Shift Mode,Black,Brown,At least 1 accident or damage reported,Yes,26500.0,11,0.3680504437438369,1,6000.0,1
Mazda,MazdaSpeed3 Grand Touring,2008,162000.0,Gasoline,263.0HP 2.3L 4 Cylinder Engine Gasoline Fuel,6-Speed M/T,Black,Black,At least 1 accident or damage reported,Yes,6500.0,18,0.04012320911599311,0,8526.315789473685,1
GMC,Yukon XL SLT,2017,47589.0,Gasoline,355.0HP 5.3L 8 Cylinder Engine Gasoline Fuel,A/T,Black,Black,None reported,Yes,45500.0,9,0.9560832107585627,0,4758.9,0
Toyota,bZ4X Limited,2023,6548.0,Gasoline,Electric,Automatic,Wind Chill Pearl,Black,None reported,Yes,41999.0,3,6.413040158802871,0,1637.0,0
RAM,ProMaster 2500 High Roof,2018,10339.0,Gasoline,280.0HP 3.6L V6 Cylinder Engine Gasoline Fuel,6-Speed A/T,White,Gray,None reported,Yes,36990.0,8,3.5773694390715667,0,1148.7777777777778,0
RAM,1500 Classic SLT,2021,32092.0,Gasoline,3.6L V6 24V MPFI DOHC,8-Speed Automatic,Patriot Blue Pearlcoat,Black,None reported,Yes,35113.0,5,1.0941015174648678,0,5348.666666666667,0
Lexus,GS 350 Base,2014,85275.0,Gasoline,3.5 Liter,Automatic,Nebula Gray Pearl,Black,At least 1 accident or damage reported,Yes,23998.0,12,0.28141563863220603,1,6559.615384615385,1
Hyundai,Tucson Limited,2016,138000.0,Gasoline,175.0HP 1.6L 4 Cylinder Engine Gasoline Fuel,7-Speed A/T,Brown,Beige,None reported,Yes,10990.0,10,0.07963710407895595,0,12545.454545454546,0
Chevrolet,SSR Base,2003,87500.0,Gasoline,300.0HP 5.3L 8 Cylinder Engine Gasoline Fuel,A/T,Red,Black,None reported,Yes,16999.0,23,0.194272065462109,0,3645.8333333333335,0
Maserati,GranTurismo Base,2013,34920.0,Gasoline,440.0HP 4.7L 8 Cylinder Engine Gasoline Fuel,6-Speed A/T,Gray,Brown,None reported,Yes,38900.0,13,1.1139428996878669,1,2494.285714285714,0
Tesla,Model X Performance,2020,27224.0,Gasoline,Electric,1-Speed Automatic,Black,Black,None reported,Yes,65999.0,6,2.4242056932966025,0,3889.1428571428573,0
BMW,M2 Base,2018,25000.0,Gasoline,365.0HP 3.0L Straight 6 Cylinder Engine Gasoline Fuel,7-Speed A/T,Black,Black,None reported,Yes,52000.0,8,2.0799168033278668,1,2777.777777777778,0
Tesla,Model Y Long Range,2021,14642.0,Gasoline,425.0HP Electric Motor Electric Fuel System,A/T,Red,Black,None reported,Yes,48500.0,5,3.312162808167725,0,2440.3333333333335,0
Subaru,Outback 2.5i Limited,2015,162000.0,Gasoline,175.0HP 2.5L 4 Cylinder Engine Gasoline Fuel,CVT Transmission,Gray,Black,None reported,Yes,13999.0,11,0.08641304683304424,0,13500.0,0
Buick,Roadmaster Estate,1996,119500.0,Gasoline,260.0HP 5.7L 8 Cylinder Engine Gasoline Fuel,4-Speed A/T,White,Beige,At least 1 accident or damage reported,Yes,16999.0,30,0.14224985564974352,0,3854.8387096774195,1
Land,Rover Range Rover 5.0L Supercharged,2017,101800.0,Gasoline,510.0HP 5.0L 8 Cylinder Engine Gasoline Fuel,A/T,Silver,Black,None reported,Yes,36500.0,9,0.3585426469288121,1,10180.0,0
Ford,Expedition Max XLT,2021,84351.0,Gasoline,3.5L V6 24V PDI DOHC Twin Turbo,10-Speed Automatic,Blue,Ebony,None reported,Yes,42691.0,5,0.5061053679817906,0,14058.5,0
Nissan,Leaf SL,2012,26930.0,Gasoline,107.0HP Electric Motor Electric Fuel System,1-Speed A/T,White,Beige,None reported,Yes,6700.0,14,0.24878392930080576,0,1795.3333333333333,0
Toyota,Tacoma TRD Pro,2019,40698.0,Gasoline,3.5L V6 24V PDI DOHC,6-Speed,Super White,Black,None reported,Yes,42886.0,7,1.0537359640286001,0,5087.25,0
Mercedes-Benz,AMG GT 63 S 4-Door,2020,40000.0,Gasoline,630.0HP 4.0L 8 Cylinder Engine Gasoline Fuel,9-Speed A/T,Black,Red,None reported,Yes,112500.0,6,2.8124296892577685,1,5714.285714285715,0
BMW,230 i,2019,30000.0,Gasoline,248.0HP 2.0L 4 Cylinder Engine Gasoline Fuel,8-Speed A/T,Blue,Beige,At least 1 accident or damage reported,Yes,29000.0,7,0.9666344455184828,1,3750.0,1
Lexus,ES 350 Base,2007,78980.0,Gasoline,272.0HP 3.5L V6 Cylinder Engine Gasoline Fuel,6-Speed A/T,Silver,Beige,At least 1 accident or damage reported,Yes,10600.0,19,0.13420949342246868,1,3949.0,1
Porsche,911 Carrera S Cabriolet,2007,28844.0,Gasoline,3.8L H6 24V MPFI DOHC,6-Speed Manual,White,Beige,None reported,Yes,69995.0,19,2.4265903969492113,1,1442.2,0
Porsche,Taycan Turbo,2020,21028.0,Gasoline,Dual AC Electric Motors,Single-Speed Fixed Gear,BLACK,BEIGE,None reported,Yes,96900.0,6,4.607922392886015,1,3004.0,0
Maserati,Levante Modena,2023,5409.0,Gasoline,3.0L V6 24V GDI DOHC Twin Turbo,8-Speed Automatic,Blu,Black,None reported,Yes,88950.0,3,16.44177449168207,1,1352.25,0
Dodge,Challenger SRT Hellcat,2020,12700.0,Gasoline,717.0HP 6.2L 8 Cylinder Engine Gasoline Fuel,8-Speed A/T,Black,Black,At least 1 accident or damage reported,Yes,69900.0,6,5.503503661129045,0,1814.2857142857142,1
Mazda,Mazda6 Touring,2021,19000.0,Gasoline,187.0HP 2.5L 4 Cylinder Engine Gasoline Fuel,A/T,Blue,Black,None reported,Yes,25900.0,5,1.3630861533603496,0,3166.6666666666665,0
Audi,S4 3.0T Premium,2019,12000.0,Gasoline,349.0HP 3.0L V6 Cylinder Engine Gasoline Fuel,A/T,Black,Black,None reported,Yes,48000.0,7,3.99966669444213,1,1500.0,0
Ford,Mustang GT Premium,2016,25717.0,Gasoline,435.0HP 5.0L 8 Cylinder Engine Gasoline Fuel,6-Speed M/T,Black,Black,None reported,Yes,33900.0,10,1.318142934909402,0,2337.909090909091,0
Tesla,Model Y Long Range,2022,12055.0,Gasoline,425.0HP Electric Motor Electric Fuel System,A/T,Blue,Black,None reported,Yes,44400.0,4,3.682813536828135,0,2411.0,0
Audi,TTS 2.0T Premium Plus,2011,69700.0,Gasoline,265.0HP 2.0L 4 Cylinder Engine Gasoline Fuel,6-Speed A/T,Orange,–,At least 1 accident or damage reported,Yes,23000.0,15,0.3299809184947131,1,4356.25,1
BMW,M2 Competition,2020,25013.0,Gasoline,405.0HP 3.0L Straight 6 Cylinder Engine Gasoline Fuel,7-Speed A/T,Black,Black,None reported,Yes,55000.0,6,2.198768689533861,1,3573.285714285714,0
Audi,Q4 e-tron Sportback Premium,2023,1156.0,Gasoline,295.0HP Electric Motor Electric Fuel System,A/T,Blue,Black,None reported,Yes,54900.0,3,47.45030250648228,1,289.0,0
BMW,740 i,2016,57939.0,Gasoline,320.0HP 3.0L Straight 6 Cylinder Engine Gasoline Fuel,8-Speed A/T,Gray,Black,None reported,Yes,27500.0,10,0.47462892647566446,1,5267.181818181818,0
Mercedes-Benz,AMG GLE 43 Coupe 4MATIC,2018,52694.0,Gasoline,385.0HP 3.0L V6 Cylinder Engine Gasoline Fuel,Transmission w/Dual Shift Mode,Gray,Black,None reported,Yes,49999.0,8,0.9488376506309897,1,5854.888888888889,0
Mercedes-Benz,S-Class S 550 4MATIC,2015,54000.0,Gasoline,449.0HP 4.7L 8 Cylinder Engine Gasoline Fuel,7-Speed A/T,White,Beige,None reported,Yes,37000.0,11,0.6851724968056148,1,4500.0,0
Honda,S2000 Base,2002,110500.0,Gasoline,240.0HP 2.0L 4 Cylinder Engine Gasoline Fuel,6-Speed M/T,Yellow,Red,None reported,Yes,27000.0,24,0.24434168016579036,0,4420.0,0
Chevrolet,Corvette Base,2000,97500.0,Gasoline,345.0HP 5.7L 8 Cylinder Engine Gasoline Fuel,6-Speed M/T,Yellow,Black,None reported,Yes,10000.0,26,0.1025630506353781,0,3611.1111111111113,0
Chevrolet,Colorado Z71,2020,20909.0,Gasoline,3.6L V6 24V GDI DOHC,Automatic,Red,Jet Black,None reported,Yes,35387.0,6,1.6923481587757054,0,2987.0,0
Mercedes-Benz,S-Class S 63 AMG,2013,77648.0,Gasoline,536.0HP 5.5L 8 Cylinder Engine Gasoline Fuel,7-Speed A/T,Silver,Black,None reported,Yes,40000.0,13,0.515138636685598,1,5546.285714285715,0
Bentley,Continental GTC Base,2013,79422.0,Gasoline,616.0HP 6.0L 12 Cylinder Engine Gasoline Fuel,8-Speed A/T,Black,Black,None reported,Yes,64000.0,13,0.8058119184619065,1,5673.0,0
GMC,Sierra 2500 SLE H/D Extended Cab,2002,53850.0,Gasoline,340.0HP 8.1L 8 Cylinder Engine Gasoline Fuel,A/T,Silver,Gray,At least 1 accident or damage reported,Yes,16900.0,24,0.3138288982562998,0,2154.0,1
Audi,SQ5 3.0T Premium,2020,21832.0,Gasoline,349.0HP 3.0L V6 Cylinder Engine Gasoline Fuel,8-Speed A/T,Blue,Black,None reported,Yes,42000.0,6,1.9236934915036872,1,3118.8571428571427,0
Toyota,Corolla iM Base,2017,41932.0,Gasoline,137.0HP 1.8L 4 Cylinder Engine Gasoline Fuel,6-Speed M/T,Black,Black,None reported,Yes,18700.0,9,0.4459494908544583,0,4193.2,0
GMC,Yukon XL SLT,2017,110000.0,Gasoline,355.0HP 5.3L 8 Cylinder Engine Gasoline Fuel,A/T,Blue,Black,At least 1 accident or damage reported,Yes,34999.0,9,0.3181698348196835,0,11000.0,1
Toyota,Tundra 1794,2020,67400.0,Gasoline,381.0HP 5.7L 8 Cylinder Engine Gasoline Fuel,A/T,Black,Brown,None reported,Yes,47500.0,6,0.7047373184374119,0,9628.57142857143,0
Subaru,WRX Premium,2017,62662.0,Gasoline,268.0HP 2.0L 4 Cylinder Engine Gasoline Fuel,M/T,Red,Black,At least 1 accident or damage reported,Yes,24000.0,9,0.3830011330450186,0,6266.2,1
Subaru,WRX Base,2015,102000.0,Gasoline,268.0HP 2.0L 4 Cylinder Engine Gasoline Fuel,M/T,White,Black,At least 1 accident or damage reported,Yes,18000.0,11,0.17646885814844954,0,8500.0,1
INFINITI,Q50 Premium,2014,79785.0,Gasoline,328.0HP 3.7L V6 Cylinder Engine Gasoline Fuel,7-Speed A/T,Red,White,At least 1 accident or damage reported,Yes,16488.0,12,0.20665279622991503,0,6137.307692307692,1
Chevrolet,Suburban Premier,2017,166549.0,Gasoline,355.0HP 5.3L 8 Cylinder Engine Gasoline Fuel,6-Speed A/T,White,Beige,At least 1 accident or damage reported,Yes,24950.0,9,0.14980486340438307,0,16654.9,1
Toyota,Sequoia Limited,2006,190656.0,Gasoline,273.0HP 4.7L 8 Cylinder Engine Gasoline Fuel,A/T,Black,Gray,At least 1 accident or damage reported,Yes,8900.0,20,0.046680688356577515,0,9078.857142857143,1
Dodge,Challenger R/T Scat Pack,2016,7928.0,–,–,6-Speed M/T,Red,Red,None reported,Yes,37500.0,10,4.729474082482028,0,720.7272727272727,0
Porsche,Cayenne GTS,2009,135606.0,Gasoline,405.0HP 4.8L 8 Cylinder Engine Gasoline Fuel,Transmission w/Dual Shift Mode,Black,Black,None reported,Yes,15000.0,17,0.11061375887675415,1,7533.666666666667,0
Kia,Telluride S,2023,14700.0,Gasoline,291.0HP 3.8L V6 Cylinder Engine Gasoline Fuel,8-Speed A/T,Blue,Black,None reported,Yes,39900.0,3,2.7141010815590776,0,3675.0,0
Mercedes-Benz,AMG E 63 S 4MATIC,2019,12985.0,Gasoline,603.0HP 4.0L 8 Cylinder Engine Gasoline Fuel,9-Speed A/T,Gray,Black,At least 1 accident or damage reported,Yes,96000.0,7,7.3925766209764365,1,1623.125,1
BMW,Z4 sDrive35is,2014,4200.0,Gasoline,335.0HP 3.0L Straight 6 Cylinder Engine Gasoline Fuel,Transmission w/Dual Shift Mode,White,Red,None reported,Yes,64995.0,12,15.471316353249227,1,323.0769230769231,0
Subaru,Impreza 2.0i Sport,2017,44000.0,Gasoline,152.0HP 2.0L 4 Cylinder Engine Gasoline Fuel,5-Speed M/T,Red,Black,None reported,Yes,23500.0,9,0.5340787709370242,0,4400.0,0
Dodge,Dart SE,2015,66000.0,Gasoline,160.0HP 2.0L 4 Cylinder Engine Gasoline Fuel,6-Speed M/T,Black,Black,None reported,Yes,12000.0,11,0.18181542703898426,0,5500.0,0
Land,Rover Range Rover P525 Westminster,2021,17945.0,Gasoline,5.0L V8 32V GDI DOHC Supercharged,8-Speed Automatic,Santorini Black Metallic,Ebony,None reported,Yes,89900.0,5,5.009472863033545,1,2990.8333333333335,0
Nissan,370Z Base,2013,106700.0,Gasoline,332.0HP 3.7L V6 Cylinder Engine Gasoline Fuel,6-Speed M/T,Red,Black,None reported,Yes,17500.0,13,0.16400970937479498,0,7621.428571428572,0
Cadillac,Escalade ESV Luxury,2020,120000.0,Gasoline,420.0HP 6.2L 8 Cylinder Engine Gasoline Fuel,10-Speed A/T,Black,Black,None reported,Yes,55000.0,6,0.4583295139207173,0,17142.85714285714,0
Mercedes-Benz,E-Class E 350,2012,59600.0,Gasoline,302.0HP 3.5L V6 Cylinder Engine Gasoline Fuel,Transmission w/Dual Shift Mode,White,Beige,None reported,Yes,19900.0,14,0.33388701531853493,1,3973.3333333333335,0
Kia,Optima Hybrid EX,2012,117220.0,Hybrid,206.0HP 2.4L 4 Cylinder Engine Gas/Electric Hybrid,A/T,Black,Black,None reported,Yes,8900.0,14,0.07592496225079123,0,7814.666666666667,0
Chevrolet,Silverado 3500 LTZ,2022,85200.0,Diesel,445.0HP 6.6L 8 Cylinder Engine Diesel Fuel,10-Speed A/T,Silver,Gray,None reported,Yes,67500.0,4,0.7922442224856516,0,17040.0,0
Volkswagen,Golf GTI 2.0T SE 4-Door,2018,63450.0,Gasoline,220.0HP 2.0L 4 Cylinder Engine Gasoline Fuel,6-Speed M/T,White,Black,None reported,Yes,24325.0,8,0.38336669240831506,0,7050.0,0
Dodge,Ram 1500 SRT-10,2004,73000.0,Gasoline,500.0HP 8.3L 10 Cylinder Engine Gasoline Fuel,6-Speed M/T,Black,Gray,None reported,Yes,22500.0,22,0.30821495595950743,0,3173.913043478261,0
Scion,tC Anniversary Edition,2014,115000.0,Gasoline,179.0HP 2.5L 4 Cylinder Engine Gasoline Fuel,6-Speed M/T,Silver,Silver,None reported,Yes,11495.0,12,0.09995565255954296,0,8846.153846153846,0
Land,Rover Range Rover 5.0L Supercharged Autobiography,2016,56000.0,Gasoline,510.0HP 5.0L 8 Cylinder Engine Gasoline Fuel,8-Speed A/T,Black,Brown,None reported,Yes,49900.0,10,0.8910555168657702,1,5090.909090909091,0
Lexus,LS 500 Base,2018,67296.0,Gasoline,"3.5L V-6 port/direct injection, DOHC, VVT-iE/VVT-i variable valv","Automatic, 10-Spd",–,–,None reported,Yes,40900.0,8,0.6077536888717179,1,7477.333333333333,0
Chevrolet,Suburban 1500 LT,2015,179200.0,Gasoline,355.0HP 5.3L 8 Cylinder Engine Gasoline Fuel,6-Speed A/T,Black,–,At least 1 accident or damage reported,Yes,16000.0,11,0.08928521604232119,0,14933.333333333334,1
Maserati,GranTurismo Base,2015,28000.0,Gasoline,444.0HP 4.7L 8 Cylinder Engine Gasoline Fuel,6-Speed A/T,White,Red,None reported,Yes,44999.0,11,1.6070497482232777,1,2333.3333333333335,0
Porsche,911 Carrera Turbo,2003,155000.0,Gasoline,415.0HP 3.6L Flat 6 Cylinder Engine Gasoline Fuel,6-Speed M/T,Black,Black,None reported,Yes,55000.0,23,0.3548364204101909,1,6458.333333333333,0
Hyundai,Sonata Hybrid Base,2012,154000.0,Hybrid,206.0HP 2.4L 4 Cylinder Engine Gas/Electric Hybrid,A/T,Green,Gray,At least 1 accident or damage reported,Yes,8500.0,14,0.055194446789306566,0,10266.666666666666,1
Cadillac,CTS Luxury,2012,62500.0,Gasoline,270.0HP 3.0L V6 Cylinder Engine Gasoline Fuel,6-Speed A/T,Red,Beige,At least 1 accident or damage reported,Yes,18955.0,14,0.30327514759763846,0,4166.666666666667,1
BMW,323 Ci,2000,177700.0,Gasoline,170.0HP 2.5L Straight 6 Cylinder Engine Gasoline Fuel,5-Speed A/T,Silver,Black,None reported,Yes,2500.0,26,0.014068575866202216,1,6581.481481481482,0
Tesla,Model 3 Standard Range Plus,2019,83700.0,Gasoline,Electric Motor Electric Fuel System,A/T,Black,Black,At least 1 accident or damage reported,Yes,26000.0,7,0.3106295026343771,0,10462.5,1
Chevrolet,1500 Cheyenne Extended Cab,1995,120000.0,–,–,4-Speed A/T,White,Brown,At least 1 accident or damage reported,Yes,6500.0,31,0.05416621528153932,0,3750.0,1
Nissan,370Z Touring,2012,65000.0,Gasoline,332.0HP 3.7L V6 Cylinder Engine Gasoline Fuel,6-Speed M/T,Gray,Black,None reported,Yes,21500.0,14,0.33076414209012167,0,4333.333333333333,0
Mercedes-Benz,GLS 450 Base 4MATIC,2018,62808.0,Gasoline,3.0 Liter DOHC Twin Turbo,Automatic,Black,–,At least 1 accident or damage reported,Yes,38598.0,8,0.6145297648426181,1,6978.666666666667,1
Ford,Mustang GT Premium,2021,3000.0,Gasoline,460.0HP 5.0L 8 Cylinder Engine Gasoline Fuel,6-Speed M/T,Red,Black,None reported,Yes,49500.0,5,16.494501832722428,0,500.0,0
Audi,Q5 2.0T Premium,2012,119000.0,Gasoline,211.0HP 2.0L 4 Cylinder Engine Gasoline Fuel,A/T,Gray,–,None reported,Yes,12000.0,14,0.10083948874379207,1,7933.333333333333,0
RAM,2500 Big Horn,2013,198868.0,Diesel,350.0HP 6.7L Straight 6 Cylinder Engine Diesel Fuel,6-Speed A/T,Brown,Beige,None reported,Yes,25000.0,13,0.12571089511185757,0,14204.857142857143,0
Dodge,Ram 1500 ST,2011,188000.0,Gasoline,210.0HP 3.7L V6 Cylinder Engine Gasoline Fuel,A/T,Silver,Black,At least 1 accident or damage reported,Yes,8500.0,15,0.04521252546529008,0,11750.0,1
Mercedes-Benz,C-Class C 300 4MATIC Sport,2013,157405.0,Gasoline,248.0HP 3.5L V6 Cylinder Engine Gasoline Fuel,A/T,Black,Black,None reported,Yes,10750.0,13,0.06829472828227641,1,11243.214285714286,0
Dodge,Challenger SRT Hellcat,2016,8228.0,Gasoline,707.0HP 6.2L 8 Cylinder Engine Gasoline Fuel,8-Speed A/T,Blue,Black,None reported,Yes,62500.0,10,7.595090533479159,0,748.0,0
Land,Rover Range Rover 3.0L Supercharged HSE,2018,73101.0,Gasoline,380.0HP 3.0L V6 Cylinder Engine Gasoline Fuel,A/T,Blue,Beige,None reported,Yes,42950.0,8,0.5875352247544526,1,8122.333333333333,0
BMW,M4 Base,2018,10950.0,Gasoline,425.0HP 3.0L Straight 6 Cylinder Engine Gasoline Fuel,6-Speed M/T,White,White,None reported,Yes,60995.0,8,5.56981097616656,1,1216.6666666666667,0
Mercedes-Benz,S-Class S 560 4MATIC,2018,63160.0,Gasoline,463.0HP 4.0L 8 Cylinder Engine Gasoline Fuel,A/T,Black,–,At least 1 accident or damage reported,Yes,47000.0,8,0.7441300802710533,1,7017.777777777777,1
Land,Rover Range Rover 5.0L V8 Supercharged,2019,31866.0,Gasoline,"5L V-8 gasoline direct injection, DOHC, variable valve control,","Automatic, 8-Spd",–,–,None reported,Yes,68900.0,7,2.162111274986663,1,3983.25,0
Chevrolet,Express 3500 Base,2009,75000.0,Gasoline,319.0HP 6.0L 8 Cylinder Engine Gasoline Fuel,A/T,White,Gray,None reported,Yes,18900.0,17,0.2519966400447994,0,4166.666666666667,0
Toyota,4Runner TRD Pro,2016,98000.0,Gasoline,270.0HP 4.0L V6 Cylinder Engine Gasoline Fuel,A/T,Black,Black,At least 1 accident or damage reported,Yes,36000.0,10,0.3673431903756084,0,8909.09090909091,1
Mazda,MX-5 Miata Grand Touring,2012,33576.0,Gasoline,167.0HP 2.0L 4 Cylinder Engine Gasoline Fuel,6-Speed M/T,Red,Beige,None reported,Yes,18900.0,14,0.562885308395628,0,2238.4,0
Volkswagen,Touareg VR6 Lux,2012,123200.0,Gasoline,280.0HP 3.6L V6 Cylinder Engine Gasoline Fuel,A/T,Gray,Beige,At least 1 accident or damage reported,Yes,12449.0,14,0.10104625774141443,0,8213.333333333334,1
Jaguar,XJ Base,2013,112000.0,Gasoline,340.0HP 3.0L V6 Cylinder Engine Gasoline Fuel,A/T,Blue,White,None reported,Yes,8800.0,13,0.07857072704707993,0,8000.0,0
Chevrolet,Camaro 2SS,2010,68000.0,Gasoline,426.0HP 6.2L 8 Cylinder Engine Gasoline Fuel,6-Speed A/T,Gray,Gray,At least 1 accident or damage reported,Yes,19500.0,16,0.2867604888163409,0,4000.0,1
INFINITI,G37 x,2012,120000.0,Gasoline,328.0HP 3.7L V6 Cylinder Engine Gasoline Fuel,Transmission w/Dual Shift Mode,Red,Black,At least 1 accident or damage reported,Yes,14500.0,14,0.12083232639728002,0,8000.0,1
BMW,X6 xDrive50i,2019,45000.0,Gasoline,445.0HP 4.4L 8 Cylinder Engine Gasoline Fuel,8-Speed A/T,Silver,Black,At least 1 accident or damage reported,Yes,46999.0,7,1.0443990133552588,1,5625.0,1
Chevrolet,Camaro LT1,2022,6700.0,Gasoline,455.0HP 6.2L 8 Cylinder Engine Gasoline Fuel,10-Speed A/T,Gray,Black,None reported,Yes,39500.0,4,5.894642590658111,0,1340.0,0
Porsche,Taycan Base,2021,6785.0,Gasoline,Electric,2-Speed Automatic,Gentian Blue Metallic,Black,None reported,Yes,108900.0,5,16.047745358090186,1,1130.8333333333333,0
Mercedes-Benz,S-Class S 63 AMG,2015,40900.0,Gasoline,577.0HP 5.5L 8 Cylinder Engine Gasoline Fuel,7-Speed A/T,White,–,None reported,Yes,59750.0,11,1.460844478130119,1,3408.3333333333335,0
Cadillac,Escalade ESV Premium Luxury,2018,74150.0,Gasoline,420.0HP 6.2L 8 Cylinder Engine Gasoline Fuel,10-Speed A/T,Gold,Brown,None reported,Yes,45000.0,8,0.6068697657482705,0,8238.888888888889,0
Toyota,Camry Hybrid XLE,2014,94448.0,Hybrid,200.0HP 2.5L 4 Cylinder Engine Gas/Electric Hybrid,A/T,Silver,Gray,None reported,Yes,15999.0,12,0.16939300574913446,0,7265.2307692307695,0
Audi,A6 3.0T Prestige,2015,108000.0,Gasoline,310.0HP 3.0L V6 Cylinder Engine Gasoline Fuel,Transmission w/Dual Shift Mode,Black,Brown,None reported,Yes,19998.0,11,0.18516495217636875,1,9000.0,0
BMW,X5 M Base,2012,118000.0,Gasoline,555.0HP 4.4L 8 Cylinder Engine Gasoline Fuel,Transmission w/Dual Shift Mode,White,Orange,At least 1 accident or damage reported,Yes,17000.0,14,0.14406657570698553,1,7866.666666666667,1
Jaguar,F-PACE SVR,2020,38800.0,Gasoline,550.0HP 5.0L 8 Cylinder Engine Gasoline Fuel,Transmission w/Dual Shift Mode,Black,Black,None reported,Yes,57500.0,6,1.4819205690574986,0,5542.857142857143,0
BMW,740 i,2017,55000.0,Gasoline,320.0HP 3.0L Straight 6 Cylinder Engine Gasoline Fuel,Transmission w/Dual Shift Mode,White,Black,None reported,Yes,40000.0,9,0.7272595043726477,1,5500.0,0
BMW,M340 i xDrive,2021,34967.0,Hybrid,382.0HP 3.0L Straight 6 Cylinder Engine Gasoline/Mild Electric Hybrid,8-Speed A/T,Blue,Beige,At least 1 accident or damage reported,Yes,49999.0,5,1.4298501487073896,1,5827.833333333333,1
Jeep,Wrangler Unlimited Sport,2016,85325.0,Gasoline,285.0HP 3.6L V6 Cylinder Engine Gasoline Fuel,5-Speed A/T,Black,Black,None reported,Yes,30000.0,10,0.35159271499894523,0,7756.818181818182,0
RAM,2500 Tradesman,2018,63750.0,Gasoline,410.0HP 6.4L 8 Cylinder Engine Gasoline Fuel,6-Speed A/T,Gray,Gray,None reported,Yes,36000.0,8,0.5646970243604021,0,7083.333333333333,0
Ford,Mustang V6,2016,87248.0,Gasoline,300.0HP 3.7L V6 Cylinder Engine Gasoline Fuel,6-Speed A/T,Black,Black,None reported,Yes,19999.0,10,0.22921752684844526,0,7931.636363636364,0
BMW,328 i,1997,206000.0,Gasoline,190.0HP 2.8L Straight 6 Cylinder Engine Gasoline Fuel,5-Speed M/T,Red,Black,At least 1 accident or damage reported,Yes,15900.0,29,0.07718409133936242,1,6866.666666666667,1
Mercedes-Benz,GL-Class GL 450,2011,112854.0,Gasoline,335.0HP 4.7L 8 Cylinder Engine Gasoline Fuel,7-Speed A/T,White,Black,None reported,Yes,11999.0,15,0.10632227194187231,1,7053.375,0
Rivian,R1S Adventure Package,2023,1150.0,Gasoline,835.0HP Electric Motor Electric Fuel System,A/T,Green,Black,None reported,Yes,96850.0,3,84.14422241529105,0,287.5,0
Tesla,Model Y Long Range,2023,10000.0,Gasoline,425.0HP Electric Motor Electric Fuel System,A/T,Blue,Black,None reported,Yes,48000.0,3,4.7995200479952,0,2500.0,0
Mercedes-Benz,E-Class E 350,2022,14100.0,Gasoline,255.0HP 2.0L 4 Cylinder Engine Gasoline Fuel,9-Speed A/T,Gray,Black,None reported,Yes,53000.0,4,3.7585986809446137,1,2820.0,0
BMW,X7 xDrive40i,2023,14360.0,Hybrid,375.0HP 3.0L Straight 6 Cylinder Engine Gasoline/Mild Electric Hybrid,8-Speed A/T,Black,Black,None reported,Yes,85495.0,3,5.953276234245526,1,3590.0,0
Chevrolet,Trailblazer RS,2023,10000.0,Gasoline,155.0HP 1.3L 3 Cylinder Engine Gasoline Fuel,9-Speed A/T,Blue,Black,None reported,Yes,32000.0,3,3.1996800319968,0,2500.0,0
Chevrolet,Suburban 1500 LTZ,2015,217500.0,Gasoline,355.0HP 5.3L 8 Cylinder Engine Gasoline Fuel,A/T,Black,Black,None reported,Yes,20000.0,11,0.09195360021333235,0,18125.0,0
Chevrolet,Suburban Premier,2021,73846.0,Gasoline,5.3L V8 16V GDI OHV,10-Speed Automatic,Midnight Blue Metallic,Jet Black,None reported,Yes,60995.0,5,0.8259644941568378,0,12307.666666666666,0
Jeep,Gladiator Overland,2020,40000.0,Gasoline,285.0HP 3.6L V6 Cylinder Engine Gasoline Fuel,Transmission w/Dual Shift Mode,Gray,Black,None reported,Yes,45000.0,6,1.1249718757031075,0,5714.285714285715,0
GMC,Yukon XL AT4,2023,9980.0,Gasoline,355.0HP 5.3L 8 Cylinder Engine Gasoline Fuel,10-Speed A/T,Black,Black,None reported,Yes,82000.0,3,8.215609658350866,0,2495.0,0
Mazda,Mazda6 Grand Touring Reserve,2019,41997.0,Gasoline,227.0HP 2.5L 4 Cylinder Engine Gasoline Fuel,6-Speed A/T,Black,Black,None reported,Yes,24995.0,7,0.5951473879708558,0,5249.625,0
Alfa,Romeo Giulia Ti,2021,2000.0,Gasoline,280.0HP 2.0L 4 Cylinder Engine Gasoline Fuel,8-Speed A/T,Blue,Brown,None reported,Yes,39000.0,5,19.490254872563717,0,333.3333333333333,0
Mercedes-Benz,CLA-Class CLA 250,2016,42750.0,Gasoline,208.0HP 2.0L 4 Cylinder Engine Gasoline Fuel,Transmission w/Dual Shift Mode,Black,Black,At least 1 accident or damage reported,Yes,22999.0,10,0.537975719866202,1,3886.3636363636365,1
BMW,330 330i xDrive,2019,19473.0,Gasoline,Intercooled Turbo Premium Unleaded I-4 2.0 L/122,Automatic,Alpine White,Canberra Beige,None reported,Yes,31698.0,7,1.6277087398582726,1,2434.125,0
Volkswagen,Beetle 2.0T S,2019,35340.0,Gasoline,174.0HP 2.0L 4 Cylinder Engine Gasoline Fuel,A/T,Black,Gray,None reported,Yes,23000.0,7,0.6508021844316799,0,4417.5,0
Mercedes-Benz,CLK-Class CLK 350,2008,93000.0,Gasoline,268.0HP 3.5L V6 Cylinder Engine Gasoline Fuel,7-Speed A/T,White,Beige,At least 1 accident or damage reported,Yes,12000.0,18,0.12903087063579963,1,4894.736842105263,1
Audi,RS 7 4.0T Prestige,2014,66150.0,Gasoline,560.0HP 4.0L 8 Cylinder Engine Gasoline Fuel,8-Speed A/T,White,Black,At least 1 accident or damage reported,Yes,47995.0,12,0.725537028918686,1,5088.461538461538,1
Volvo,XC60 Recharge Plug-In Hybrid T8 Inscription,2022,19352.0,Plug-In Hybrid,455.0HP 2.0L 4 Cylinder Engine Plug-In Electric/Gas,8-Speed A/T,Blue,Beige,None reported,Yes,54599.0,4,2.8212163488864777,0,3870.4,0
Land,Rover Range Rover Supercharged LWB,2020,81000.0,Gasoline,518.0HP 5.0L 8 Cylinder Engine Gasoline Fuel,A/T,Black,Black,None reported,Yes,64800.0,6,0.7999901235787212,1,11571.42857142857,0
Toyota,Sequoia Limited,2011,183000.0,Gasoline,381.0HP 5.7L 8 Cylinder Engine Gasoline Fuel,6-Speed A/T,Gold,Beige,None reported,Yes,16000.0,15,0.08743121622286217,0,11437.5,0
Jeep,Wrangler X,2004,44000.0,Gasoline,190.0HP 4.0L Straight 6 Cylinder Engine Gasoline Fuel,M/T,Green,Green,At least 1 accident or damage reported,Yes,24999.0,22,0.5681461784959433,0,1913.0434782608695,1
Audi,S5 3.0T Premium,2021,18100.0,Gasoline,349.0HP 3.0L V6 Cylinder Engine Gasoline Fuel,8-Speed A/T,Gray,Gray,None reported,Yes,51800.0,5,2.8617203469421577,1,3016.6666666666665,0
Land,Rover Range Rover Sport Supercharged,2011,40000.0,Gasoline,510.0HP 5.0L 8 Cylinder Engine Gasoline Fuel,Transmission w/Dual Shift Mode,Blue,Brown,At least 1 accident or damage reported,Yes,20000.0,15,0.4999875003124922,1,2500.0,1
Mercedes-Benz,Sprinter 2500,2011,120000.0,Diesel,188.0HP 3.0L V6 Cylinder Engine Diesel Fuel,5-Speed A/T,Black,Gray,None reported,Yes,31999.0,15,0.26665611119907334,1,7500.0,0
Toyota,Sequoia Platinum,2023,325.0,Hybrid,437.0HP 3.4L V6 Cylinder Engine Gas/Electric Hybrid,10-Speed A/T,Blue,Gray,None reported,Yes,84997.0,3,260.7269938650307,0,81.25,0
Maserati,Quattroporte S GranLusso,2017,55000.0,Gasoline,405.0HP 3.0L V6 Cylinder Engine Gasoline Fuel,A/T,Blue,Black,None reported,Yes,39100.0,9,0.7108961655242632,1,5500.0,0
Toyota,Land Cruiser Base,1996,233000.0,–,–,A/T,Blue,Gray,None reported,Yes,7500.0,30,0.032188703052776595,0,7516.129032258064,0
Lamborghini,Aventador SVJ Base,2021,6987.0,Gasoline,6.5L V12 48V MPFI DOHC,7-Speed,–,Nero Ade,None reported,Yes,749950.0,5,107.31969089868346,0,1164.5,0
Ford,Mustang Bullitt,2019,48500.0,Gasoline,480.0HP 5.0L 8 Cylinder Engine Gasoline Fuel,6-Speed M/T,Black,Black,At least 1 accident or damage reported,Yes,44999.0,7,0.927795303189625,0,6062.5,1
RAM,2500 Tradesman,2018,52000.0,Diesel,350.0HP 6.7L Straight 6 Cylinder Engine Diesel Fuel,6-Speed A/T,Gray,Black,None reported,Yes,50000.0,8,0.9615199707697929,0,5777.777777777777,0
Toyota,FJ Cruiser Base,2007,179000.0,Gasoline,239.0HP 4.0L V6 Cylinder Engine Gasoline Fuel,A/T,Silver,Black,At least 1 accident or damage reported,Yes,17900.0,19,0.09999944134390311,0,8950.0,1
Dodge,Charger Scat Pack,2019,42626.0,Gasoline,485.0HP 6.4L 8 Cylinder Engine Gasoline Fuel,8-Speed A/T,Silver,Red,None reported,Yes,42000.0,7,0.9852910127384052,0,5328.25,0
Lexus,GX 460 Base,2018,65900.0,Gasoline,301.0HP 4.6L 8 Cylinder Engine Gasoline Fuel,Transmission w/Dual Shift Mode,Gray,Black,At least 1 accident or damage reported,Yes,34700.0,8,0.526547396852855,1,7322.222222222223,1
Genesis,GV80 2.5T,2022,7523.0,Gasoline,2.5L I4 16V PDI DOHC Turbo,8-Speed Automatic,Black,Black,None reported,Yes,54543.0,4,7.249202551834131,0,1504.6,0
Jaguar,F-PACE 30t R-Sport,2019,34365.0,Gasoline,2.0 Liter,Automatic,Yulong,Ebony,None reported,Yes,59598.0,7,1.7342140487691322,0,4295.625,0
Kia,Sportage S,2021,16949.0,Gasoline,2.4L I4 16V GDI DOHC,6-Speed Automatic,Hyper Red,Black,None reported,Yes,24995.0,5,1.474631268436578,0,2824.8333333333335,0
Mercedes-Benz,S-Class S 580 4MATIC,2022,7968.0,Hybrid,496.0HP 4.0L 8 Cylinder Engine Gasoline/Mild Electric Hybrid,9-Speed A/T,White,White,None reported,Yes,104999.0,4,13.175931735474965,1,1593.6,0
Porsche,Panamera Base,2018,61000.0,Gasoline,330.0HP 3.0L V6 Cylinder Engine Gasoline Fuel,Transmission w/Dual Shift Mode,Gray,Gray,None reported,Yes,57500.0,8,0.9426074982377338,1,6777.777777777777,0
INFINITI,QX80 Base,2018,100564.0,Gasoline,5.6L V8 32V GDI DOHC,7-Speed Automatic,Black,Graphite,None reported,Yes,23105.0,8,0.22975190175508378,0,11173.777777777777,0
Ford,Maverick Lariat,2022,13700.0,Hybrid,191.0HP 2.5L 4 Cylinder Engine Gas/Electric Hybrid,CVT Transmission,Blue,Brown,None reported,Yes,39500.0,4,2.8830012407853443,0,2740.0,0
Kia,Telluride SX,2021,38612.0,Gasoline,3.8L V6 24V GDI DOHC,8-Speed Automatic,Ebony Black,Black,None reported,Yes,42242.0,5,1.0939838914355269,0,6435.333333333333,0
Chevrolet,Colorado Z85,2005,155000.0,Gasoline,220.0HP 3.5L 5 Cylinder Engine Gasoline Fuel,A/T,Blue,Gray,At least 1 accident or damage reported,Yes,7995.0,21,0.05158031238508139,0,7045.454545454545,1
Mercedes-Benz,E-Class E 550,2017,56000.0,Gasoline,402.0HP 4.7L 8 Cylinder Engine Gasoline Fuel,Transmission w/Dual Shift Mode,Gray,White,None reported,Yes,35750.0,9,0.6383814574739737,1,5600.0,0
Land,Rover Range Rover Sport SVR,2022,15107.0,Gasoline,5.0L V8 32V GDI DOHC Supercharged,8-Speed Automatic,Santorini Black Metallic,Ebony,None reported,Yes,114900.0,4,7.605242255758538,1,3021.4,0
Toyota,Corolla Hybrid LE,2022,44459.0,Hybrid,121.0HP 1.8L 4 Cylinder Engine Gas/Electric Hybrid,A/T,Silver,Gray,None reported,Yes,22945.0,4,0.5160818713450293,0,8891.8,0
Mercedes-Benz,E-Class E 300 4MATIC,2017,31000.0,Gasoline,241.0HP 2.0L 4 Cylinder Engine Gasoline Fuel,A/T,Blue,White,At least 1 accident or damage reported,Yes,38000.0,9,1.2257669107448146,1,3100.0,1
Mercedes-Benz,SLK-Class SLK 350,2012,44000.0,Gasoline,302.0HP 3.5L V6 Cylinder Engine Gasoline Fuel,Transmission w/Dual Shift Mode,Gray,White,At least 1 accident or damage reported,Yes,22222.0,14,0.505033976500534,1,2933.3333333333335,1
Mercedes-Benz,E-Class E 400 4MATIC,2018,22558.0,Gasoline,3.0L V6 24V GDI DOHC Twin Turbo,9-Speed Automatic,Black,Black,None reported,Yes,47645.0,8,2.112017376656767,1,2506.4444444444443,0
Jeep,Wrangler X,2003,116157.0,Gasoline,210.0HP 4.0L Straight 6 Cylinder Engine Gasoline Fuel,4-Speed A/T,Beige,Beige,None reported,Yes,14250.0,23,0.12267773205461527,0,4839.875,0
Lincoln,Navigator Premiere,2018,23500.0,Gasoline,450.0HP 3.5L V6 Cylinder Engine Gasoline Fuel,10-Speed A/T,Black,Black,At least 1 accident or damage reported,Yes,50000.0,8,2.1275690396153357,0,2611.1111111111113,1
Chevrolet,Corvette Base,2008,28150.0,Gasoline,430.0HP 6.2L 8 Cylinder Engine Gasoline Fuel,Transmission w/Dual Shift Mode,Red,Beige,None reported,Yes,31000.0,18,1.101204220098753,0,1481.578947368421,0
GMC,Yukon XL Denali,2016,137500.0,Gasoline,420.0HP 6.2L 8 Cylinder Engine Gasoline Fuel,A/T,Black,Black,At least 1 accident or damage reported,Yes,29500.0,10,0.2145438942262238,0,12500.0,1
Mercedes-Benz,Metris Base,2021,2284.0,Gasoline,2.0L I4 16V GDI DOHC Turbo,9-Speed Automatic,Black,Tan,None reported,Yes,157500.0,5,68.92778993435448,1,380.6666666666667,0
Land,Rover Range Rover P530 SE LWB 7 Seat,2023,350.0,Gasoline,523.0HP 4.4L 8 Cylinder Engine Gasoline Fuel,Transmission w/Dual Shift Mode,Black,Beige,None reported,Yes,195000.0,3,555.5555555555555,1,87.5,0
Ford,Explorer XLT,2017,169000.0,E85 Flex Fuel,290.0HP 3.5L V6 Cylinder Engine Flex Fuel Capability,A/T,White,Beige,None reported,Yes,13000.0,9,0.07692262175963456,0,16900.0,0
Ferrari,488 GTB Base,2018,17761.0,Gasoline,3.9L V8 32V GDI DOHC Twin Turbo,7-Speed Automatic with Auto-Shift,Rosso Corsa,Nero,None reported,Yes,243900.0,8,13.731561761062943,0,1973.4444444444443,0
Chevrolet,Camaro 2SS,2010,8949.0,Gasoline,426.0HP 6.2L 8 Cylinder Engine Gasoline Fuel,M/T,Yellow,Black,None reported,Yes,30000.0,16,3.35195530726257,0,526.4117647058823,0
BMW,750 i xDrive,2020,25108.0,Gasoline,523.0HP 4.4L 8 Cylinder Engine Gasoline Fuel,8-Speed A/T,Black,Black,None reported,Yes,66000.0,6,2.628539567485762,1,3586.8571428571427,0
Land,Rover Range Rover 3.0L Supercharged HSE,2016,103000.0,Gasoline,380.0HP 3.0L V6 Cylinder Engine Gasoline Fuel,Transmission w/Dual Shift Mode,Black,Black,None reported,Yes,33999.0,10,0.33008417394005884,1,9363.636363636364,0
Porsche,911 Carrera 4 Cabriolet,2003,87600.0,Gasoline,315.0HP 3.6L Flat 6 Cylinder Engine Gasoline Fuel,Transmission w/Dual Shift Mode,Black,Black,At least 1 accident or damage reported,Yes,32000.0,23,0.3652926336457346,1,3650.0,1
Maserati,MC20 Base,2022,1087.0,Gasoline,3.0L V6 24V PDI DOHC Twin Turbo,8-Speed Automatic with Auto-Shift,Matte White,Black,None reported,Yes,279000.0,4,256.43382352941177,1,217.4,0
Mercedes-Benz,CLA-Class CLA 250,2015,76753.0,Gasoline,208.0HP 2.0L 4 Cylinder Engine Gasoline Fuel,A/T,Red,Black,At least 1 accident or damage reported,Yes,15999.0,11,0.20844516246710268,1,6396.083333333333,1
Mercedes-Benz,Metris Base,2019,10500.0,Gasoline,208.0HP 2.0L 4 Cylinder Engine Gasoline Fuel,A/T,Black,Brown,None reported,Yes,79500.0,7,7.570707551661746,1,1312.5,0
Mercedes-Benz,E-Class E 350 4MATIC,2011,199000.0,Gasoline,268.0HP 3.5L V6 Cylinder Engine Gasoline Fuel,7-Speed A/T,Silver,Black,None reported,Yes,9250.0,15,0.04648217848151517,1,12437.5,0
Lexus,LS 460 L,2007,127980.0,Gasoline,380.0HP 4.6L 8 Cylinder Engine Gasoline Fuel,8-Speed A/T,Blue,Beige,None reported,Yes,9999.0,19,0.07812878474148506,1,6399.0,0
BMW,X6 xDrive40i,2023,16307.0,Hybrid,335.0HP 3.0L Straight 6 Cylinder Engine Gasoline/Mild Electric Hybrid,A/T,Red,White,None reported,Yes,71400.0,3,4.378219278881531,1,4076.75,0
Audi,S5 3.0T Prestige,2021,13566.0,Gasoline,3.0L,1-Speed Automatic,Daytona Gray Pearl Effect,Magma Red,None reported,Yes,57900.0,5,4.267708410112774,1,2261.0,0
Audi,Q7 Premium Plus,2022,22588.0,Hybrid,3.0 Liter TFSI,Automatic,Navarra Blue,Saiga Beige,None reported,Yes,52598.0,4,2.3284784629687016,1,4517.6,0
Jaguar,XE 25t,2019,41452.0,Gasoline,247.0HP 2.0L 4 Cylinder Engine Gasoline Fuel,Transmission w/Dual Shift Mode,White,Black,At least 1 accident or damage reported,Yes,22500.0,7,0.5427833932405375,0,5181.5,1
Genesis,G80 3.3T Sport,2019,57500.0,Gasoline,365.0HP 3.3L V6 Cylinder Engine Gasoline Fuel,A/T,Red,Black,None reported,Yes,32990.0,7,0.5737291525364776,0,7187.5,0
BMW,M2 Competition,2020,500.0,Gasoline,405.0HP 3.0L Straight 6 Cylinder Engine Gasoline Fuel,7-Speed A/T,Black,Black,None reported,Yes,70000.0,6,139.72055888223554,1,71.42857142857143,0
Subaru,Impreza WRX Premium,2014,55000.0,Gasoline,265.0HP 2.5L 4 Cylinder Engine Gasoline Fuel,5-Speed M/T,White,Black,None reported,Yes,30000.0,12,0.5454446282794858,0,4230.7692307692305,0
GMC,Sierra 2500 Base,2021,8210.0,Gasoline,401.0HP 6.6L 8 Cylinder Engine Gasoline Fuel,A/T,White,Black,None reported,Yes,55000.0,5,6.6983315065156495,0,1368.3333333333333,0
Lincoln,Nautilus Reserve,2021,18160.0,Gasoline,2.7L V6 24V GDI DOHC Twin Turbo,8-Speed Automatic,Silver Radiance,Slate,None reported,Yes,46850.0,5,2.579703760806123,0,3026.6666666666665,0
Jaguar,XF XFR-S,2013,4279.0,Gasoline,550.0HP 5.0L 8 Cylinder Engine Gasoline Fuel,8-Speed A/T,White,Black,None reported,Yes,70000.0,13,16.35514018691589,0,305.64285714285717,0
Mercedes-Benz,Sprinter Normal Roof,2013,39748.0,Diesel,188.0HP 3.0L V6 Cylinder Engine Diesel Fuel,A/T,Silver,Black,At least 1 accident or damage reported,Yes,54995.0,13,1.3835568190394727,1,2839.1428571428573,1
Toyota,Land Cruiser Base,1998,160000.0,Gasoline,230.0HP 4.7L 8 Cylinder Engine Gasoline Fuel,4-Speed A/T,White,Beige,At least 1 accident or damage reported,Yes,12490.0,28,0.07806201211242429,0,5517.241379310345,1
Toyota,Tacoma PreRunner,2013,65000.0,Gasoline,159.0HP 2.7L 4 Cylinder Engine Gasoline Fuel,A/T,Silver,Gray,None reported,Yes,20500.0,13,0.3153797633882556,0,4642.857142857143,0
BMW,Z4 sDrive28i,2016,59000.0,Gasoline,240.0HP 2.0L 4 Cylinder Engine Gasoline Fuel,8-Speed A/T,Black,Beige,None reported,Yes,25000.0,10,0.42372163183674855,1,5363.636363636364,0
BMW,530e Base,2022,22700.0,Plug-In Hybrid,288.0HP 2.0L 4 Cylinder Engine Plug-In Electric/Gas,A/T,White,Black,None reported,Yes,47000.0,4,2.070393374741201,1,4540.0,0
Mercedes-Benz,GLA 250 Base 4MATIC,2018,56578.0,E85 Flex Fuel,208.0HP 2.0L 4 Cylinder Engine Flex Fuel Capability,7-Speed A/T,White,Black,None reported,Yes,20900.0,8,0.36939500521394864,1,6286.444444444444,0
Hyundai,Genesis 4.6,2010,153332.0,Gasoline,378.0HP 4.6L 8 Cylinder Engine Gasoline Fuel,Transmission w/Dual Shift Mode,Silver,Black,At least 1 accident or damage reported,Yes,10000.0,16,0.06521753308159366,0,9019.529411764706,1
Cadillac,ATS 3.6L Luxury,2013,89700.0,Gasoline,321.0HP 3.6L V6 Cylinder Engine Gasoline Fuel,6-Speed A/T,Black,Red,None reported,Yes,17999.0,13,0.2006555110868329,0,6407.142857142857,0
Lincoln,Town Car Signature,2002,118600.0,Gasoline,220.0HP 4.6L 8 Cylinder Engine Gasoline Fuel,A/T,Black,Gray,At least 1 accident or damage reported,Yes,5230.0,24,0.044097435940675035,0,4744.0,1
GMC,Sierra 1500 SLT,2021,23400.0,Gasoline,420.0HP 6.2L 8 Cylinder Engine Gasoline Fuel,A/T,Black,Black,None reported,Yes,52000.0,5,2.222127259518824,0,3900.0,0
Mercedes-Benz,Sprinter High Roof,2015,110000.0,Diesel,188.0HP 3.0L V6 Cylinder Engine Diesel Fuel,A/T,White,Gray,None reported,Yes,29000.0,11,0.2636339669639367,1,9166.666666666666,0
Jaguar,XJ Vanden Plas,2008,87888.0,Gasoline,300.0HP 4.2L 8 Cylinder Engine Gasoline Fuel,6-Speed A/T,Black,Black,None reported,Yes,11990.0,18,0.13642207784819488,0,4625.684210526316,0
Lexus,RC 350 Base,2015,73800.0,Gasoline,3.5L V6 24V PDI DOHC,6-Speed Automatic,Black,Black,None reported,Yes,26999.0,11,0.36583515128521293,1,6150.0,0
Audi,S3 2.0T Premium Plus,2015,78124.0,Gasoline,292.0HP 2.0L 4 Cylinder Engine Gasoline Fuel,6-Speed A/T,Blue,Black,None reported,Yes,21500.0,11,0.2752,1,6510.333333333333,0
Subaru,WRX Limited,2015,91000.0,Gasoline,268.0HP 2.0L 4 Cylinder Engine Gasoline Fuel,6-Speed M/T,Red,Black,At least 1 accident or damage reported,Yes,19000.0,11,0.20878891440753397,0,7583.333333333333,1
Dodge,Ram 2500 SLT Quad Cab,2003,114000.0,Gasoline,345.0HP 5.7L 8 Cylinder Engine Gasoline Fuel,5-Speed A/T,White,Beige,At least 1 accident or damage reported,Yes,10700.0,23,0.09385882579977368,0,4750.0,1
Subaru,WRX Limited,2015,76000.0,Gasoline,268.0HP 2.0L 4 Cylinder Engine Gasoline Fuel,6-Speed M/T,Blue,Black,None reported,Yes,21000.0,11,0.27631215378745017,0,6333.333333333333,0
Audi,RS 4 4.2 quattro L,2008,146500.0,Gasoline,420.0HP 4.2L 8 Cylinder Engine Gasoline Fuel,6-Speed M/T,Red,Black,At least 1 accident or damage reported,Yes,30000.0,18,0.20477675920300886,1,7710.526315789473,1
Porsche,911 Carrera,2007,26021.0,Gasoline,325.0HP 3.6L Flat 6 Cylinder Engine Gasoline Fuel,6-Speed M/T,Silver,Gray,None reported,Yes,53999.0,19,2.07512873722235,1,1301.05,0
Audi,A4 2.0T Premium Plus,2015,73000.0,E85 Flex Fuel,220.0HP 2.0L 4 Cylinder Engine Flex Fuel Capability,A/T,Black,Black,At least 1 accident or damage reported,Yes,17200.0,11,0.23561321077793454,1,6083.333333333333,1
Audi,A4 3.2 Premium Plus quattro,2009,153000.0,Gasoline,265.0HP 3.2L V6 Cylinder Engine Gasoline Fuel,6-Speed A/T,Gray,Beige,None reported,Yes,8700.0,17,0.056862373448539553,1,8500.0,0
Ford,Excursion Limited,2003,67550.0,Diesel,325.0HP 6.0L 8 Cylinder Engine Diesel Fuel,5-Speed A/T,Gold,Beige,None reported,Yes,30000.0,23,0.4441088955011769,0,2814.5833333333335,0
Ford,Excursion Limited,2004,170000.0,Gasoline,310.0HP 6.8L 10 Cylinder Engine Gasoline Fuel,A/T,Gold,Gold,None reported,Yes,8500.0,22,0.049999705884083034,0,7391.304347826087,0
Land,Rover Range Rover Sport 5.0L Supercharged Dynamic,2017,53000.0,Gasoline,510.0HP 5.0L 8 Cylinder Engine Gasoline Fuel,Transmission w/Dual Shift Mode,Black,Beige,None reported,Yes,47500.0,9,0.8962095054810286,1,5300.0,0
Audi,Q8 3.0T Prestige,2019,54900.0,Hybrid,335.0HP 3.0L V6 Cylinder Engine Gasoline/Mild Electric Hybrid,A/T,Gold,Black,At least 1 accident or damage reported,Yes,48500.0,7,0.8834083167884009,1,6862.5,1
BMW,X5 xDrive35i,2016,89000.0,Gasoline,300.0HP 3.0L Straight 6 Cylinder Engine Gasoline Fuel,8-Speed A/T,Black,Black,None reported,Yes,24000.0,10,0.2696598914618937,1,8090.909090909091,0
Ford,Bronco Base,2022,6200.0,Gasoline,275.0HP 2.3L 4 Cylinder Engine Gasoline Fuel,7-Speed M/T,Black,Black,None reported,Yes,49000.0,4,7.901951298177713,0,1240.0,0
Ford,F-150 XLT,2021,51808.0,Gasoline,5.0L V8 32V PDI DOHC,10-Speed Automatic,Silver,Black,None reported,Yes,42388.0,5,0.8181590071223147,0,8634.666666666666,0
Hyundai,Genesis Coupe 3.8 Track,2013,89000.0,Gasoline,344.0HP 3.8L V6 Cylinder Engine Gasoline Fuel,6-Speed M/T,White,Black,At least 1 accident or damage reported,Yes,12500.0,13,0.14044786013640295,0,6357.142857142857,1
Toyota,Camry LE,1999,86111.0,Gasoline,133.0HP 2.2L 4 Cylinder Engine Gasoline Fuel,A/T,Gold,Beige,At least 1 accident or damage reported,Yes,3500.0,27,0.040644741731698256,0,3075.3928571428573,1
Mercedes-Benz,E-Class E 400 4MATIC,2018,45203.0,Gasoline,3.0L V6 24V GDI DOHC Twin Turbo,9-Speed Automatic,White,Saddle Brown,None reported,Yes,39853.0,8,0.8816255198654986,1,5022.555555555556,0
Audi,S5 3.0T Prestige,2022,14739.0,Gasoline,3.0L,1-Speed Automatic,Daytona Gray Pearl Effect,Black,None reported,Yes,61900.0,4,4.199457259158752,1,2947.8,0
Buick,Enclave Premium,2017,139105.0,Gasoline,3.6L V6 24V GDI DOHC,6-Speed Automatic,Iridium Metallic,Light Titanium,At least 1 accident or damage reported,Yes,17550.0,9,0.12616278233864822,0,13910.5,1
Lamborghini,Gallardo LP560-4,2010,45014.0,Gasoline,560.0HP 5.2L 10 Cylinder Engine Gasoline Fuel,6-Speed A/T,Gray,Black,None reported,Yes,109499.0,16,2.432500277685216,0,2647.8823529411766,0
Ford,Mustang GT Premium,2011,101000.0,Gasoline,412.0HP 5.0L 8 Cylinder Engine Gasoline Fuel,6-Speed M/T,Red,Black,None reported,Yes,18500.0,15,0.1831665033019475,0,6312.5,0
GMC,Yukon XL SLT,2016,93000.0,Gasoline,355.0HP 5.3L 8 Cylinder Engine Gasoline Fuel,A/T,Black,Black,At least 1 accident or damage reported,Yes,30000.0,10,0.322577176589499,0,8454.545454545454,1
Ford,Mustang V6 Premium,2013,62500.0,Gasoline,305.0HP 3.7L V6 Cylinder Engine Gasoline Fuel,6-Speed M/T,Black,Black,None reported,Yes,16000.0,13,0.25599590406553496,0,4464.285714285715,0
Lexus,IS-F Base,2008,75000.0,Gasoline,416.0HP 5.0L 8 Cylinder Engine Gasoline Fuel,8-Speed A/T,Blue,Black,At least 1 accident or damage reported,Yes,29000.0,18,0.3866615111798509,1,3947.3684210526317,1
BMW,435 i,2015,34455.0,Gasoline,300.0HP 3.0L Straight 6 Cylinder Engine Gasoline Fuel,8-Speed A/T,Gray,Beige,None reported,Yes,28000.0,11,0.812630601346645,1,2871.25,0
Land,Rover Range Rover Supercharged,2010,130000.0,Gasoline,510.0HP 5.0L 8 Cylinder Engine Gasoline Fuel,A/T,White,Black,None reported,Yes,15500.0,16,0.11922985207806094,1,7647.058823529412,0
Mercedes-Benz,CLA-Class CLA 250,2014,76170.0,Gasoline,208.0HP 2.0L 4 Cylinder Engine Gasoline Fuel,Transmission w/Dual Shift Mode,Gray,Black,At least 1 accident or damage reported,Yes,16500.0,12,0.21661787294377124,1,5859.2307692307695,1
GMC,Yukon SLT,2010,194500.0,E85 Flex Fuel,320.0HP 5.3L 8 Cylinder Engine Flex Fuel Capability,6-Speed A/T,White,Beige,At least 1 accident or damage reported,Yes,9500.0,16,0.04884293654017203,0,11441.176470588236,1
BMW,535 i,2008,135000.0,Gasoline,300.0HP 3.0L Straight 6 Cylinder Engine Gasoline Fuel,A/T,Silver,Black,None reported,Yes,5699.0,18,0.04221450211479915,1,7105.263157894737,0
Dodge,Charger GT,2021,33000.0,Gasoline,300.0HP 3.6L V6 Cylinder Engine Gasoline Fuel,Transmission w/Dual Shift Mode,White,Gray,At least 1 accident or damage reported,Yes,26999.0,5,0.8181267234326233,0,5500.0,1
Hyundai,Genesis 3.8,2010,98700.0,Gasoline,290.0HP 3.8L V6 Cylinder Engine Gasoline Fuel,Transmission w/Dual Shift Mode,Beige,Beige,None reported,Yes,10340.0,16,0.10476084335518383,0,5805.882352941177,0
Honda,Civic Type R Touring,2018,72900.0,Gasoline,306.0HP 2.0L 4 Cylinder Engine Gasoline Fuel,6-Speed M/T,Black,Black,At least 1 accident or damage reported,Yes,35500.0,8,0.48696177007174113,0,8100.0,1
Dodge,Durango R/T,2016,135000.0,Gasoline,360.0HP 5.7L 8 Cylinder Engine Gasoline Fuel,A/T,Black,Black,None reported,Yes,20000.0,10,0.14814705076258694,0,12272.727272727272,0
Chevrolet,Silverado 1500 Limited High Country,2022,2550.0,Gasoline,355.0HP 5.3L 8 Cylinder Engine Gasoline Fuel,10-Speed A/T,Red,Black,None reported,Yes,60000.0,4,23.520188161505292,0,510.0,0
Jeep,Grand Cherokee Altitude,2020,35289.0,Gasoline,3.6L V6 24V MPFI DOHC,8-Speed Automatic,Granite Crystal Clearcoat Metallic,Black,None reported,Yes,35470.0,6,1.0051005950694247,0,5041.285714285715,0
RAM,1500 Laramie,2022,14636.0,Gasoline,5.7L V8 16V MPFI OHV,8-Speed Automatic,Diamond Black,Black,None reported,Yes,46599.0,4,3.1836441893830703,0,2927.2,0
Chrysler,Crossfire Limited,2005,24847.0,Gasoline,3.2L V6 18V MPFI SOHC,5-Speed Automatic,White,Dark Gray,None reported,Yes,13046.0,21,0.525032195750161,0,1129.409090909091,0
Nissan,Rogue SL,2019,29558.0,Gasoline,2.5L I4 16V MPFI DOHC,Automatic CVT,Magnetic Black,Charcoal,None reported,Yes,25884.0,7,0.8756723840454684,0,3694.75,0
Audi,A6 55 Premium Plus,2023,6581.0,Gasoline,"3L V-6 gasoline direct injection, DOHC, variable valve control,","Automatic, 7-Spd S tronic Dual-Clutch",Chronos Gray Metallic,Black,None reported,Yes,59900.0,3,9.100577332117897,1,1645.25,0
Mercedes-Benz,AMG GT 53 Base,2020,22000.0,Hybrid,429.0HP 3.0L Straight 6 Cylinder Engine Gasoline/Mild Electric Hybrid,9-Speed A/T,Gray,Black,None reported,Yes,83999.0,6,3.817962819871824,1,3142.8571428571427,0
Acura,ILX Technology Plus Package,2017,68200.0,Gasoline,201.0HP 2.4L 4 Cylinder Engine Gasoline Fuel,Transmission w/Dual Shift Mode,Black,–,At least 1 accident or damage reported,Yes,15750.0,9,0.2309350302781484,0,6820.0,1
Land,Rover Range Rover P530 SE SWB,2023,2800.0,Gasoline,523.0HP 4.4L 8 Cylinder Engine Gasoline Fuel,8-Speed A/T,White,Red,None reported,Yes,175000.0,3,62.47768654052124,1,700.0,0
Ford,Expedition Platinum,2019,51300.0,Gasoline,3.5L V6 24V GDI DOHC Twin Turbo,10-Speed Automatic,White,Platinum,None reported,Yes,48295.0,7,0.9414046509814623,0,6412.5,0
BMW,M3 Base,2008,133500.0,Gasoline,414.0HP 4.0L 8 Cylinder Engine Gasoline Fuel,6-Speed M/T,Gray,Black,None reported,Yes,18500.0,18,0.13857574100568534,1,7026.315789473684,0
INFINITI,M37 x,2012,49000.0,Gasoline,330.0HP 3.7L V6 Cylinder Engine Gasoline Fuel,7-Speed A/T,Gray,Black,None reported,Yes,19900.0,14,0.40611416093549113,0,3266.6666666666665,0
BMW,650 i,2008,125470.0,Gasoline,360.0HP 4.8L 8 Cylinder Engine Gasoline Fuel,A/T,Black,Beige,None reported,Yes,8000.0,18,0.06375975324975493,1,6603.684210526316,0
Mazda,RX-8 Grand Touring,2008,81219.0,Gasoline,232.0HP 1.3L Rotary engine Gasoline Fuel,6-Speed M/T,Red,Black,None reported,Yes,8500.0,18,0.10465402610194534,0,4274.684210526316,0
Porsche,Boxster Base,1999,72000.0,Gasoline,201.0HP 2.5L Flat 6 Cylinder Engine Gasoline Fuel,5-Speed M/T,Blue,Gray,None reported,Yes,12250.0,27,0.17013652588158498,1,2571.4285714285716,0
Acura,ILX Premium & A-SPEC Packages,2019,19500.0,Gasoline,201.0HP 2.4L 4 Cylinder Engine Gasoline Fuel,8-Speed A/T,Gray,Black,None reported,Yes,25000.0,7,1.2819855392031179,0,2437.5,0
Porsche,911 Carrera S,2017,20561.0,Gasoline,420.0HP 3.0L Flat 6 Cylinder Engine Gasoline Fuel,7-Speed M/T,Red,Black,None reported,Yes,105000.0,9,5.1065071491100085,1,2056.1,0
Lexus,LX 570 Base,2016,33655.0,Gasoline,383.0HP 5.7L 8 Cylinder Engine Gasoline Fuel,8-Speed A/T,White,Brown,None reported,Yes,62900.0,10,1.8689089612550511,1,3059.5454545454545,0
Toyota,Highlander Limited Platinum,2015,135140.0,Gasoline,270.0HP 3.5L V6 Cylinder Engine Gasoline Fuel,A/T,White,Beige,None reported,Yes,23500.0,11,0.17389245306753687,0,11261.666666666666,0
Maserati,Ghibli Base,2015,73000.0,Gasoline,345.0HP 3.0L V6 Cylinder Engine Gasoline Fuel,8-Speed A/T,Black,Brown,None reported,Yes,17999.0,11,0.24655826632511885,1,6083.333333333333,0
Land,Rover Range Rover 3.0L Supercharged HSE,2017,55000.0,Gasoline,380.0HP 3.0L V6 Cylinder Engine Gasoline Fuel,A/T,White,Beige,At least 1 accident or damage reported,Yes,58000.0,9,1.0545262813403393,1,5500.0,1
Chevrolet,Cruze LTZ,2013,87000.0,Gasoline,138.0HP 1.4L 4 Cylinder Engine Gasoline Fuel,A/T,Blue,Black,At least 1 accident or damage reported,Yes,10000.0,13,0.11494120757232676,0,6214.285714285715,1
BMW,325 xi,2006,137825.0,Gasoline,215.0HP 3.0L Straight 6 Cylinder Engine Gasoline Fuel,6-Speed A/T,Silver,Black,None reported,Yes,4000.0,20,0.02902210032940084,1,6563.0952380952385,0
Acura,MDX Technology,2008,184421.0,Gasoline,300.0HP 3.7L V6 Cylinder Engine Gasoline Fuel,A/T,Gray,Black,None reported,Yes,5000.0,18,0.027111732873518344,0,9706.368421052632,0
Lincoln,MKC Base,2015,95000.0,Gasoline,240.0HP 2.0L 4 Cylinder Engine Gasoline Fuel,6-Speed A/T,White,Black,At least 1 accident or damage reported,Yes,14900.0,11,0.15684045431100727,0,7916.666666666667,1
Kia,Sportage Nightfall,2022,26468.0,Gasoline,2.4L I4 16V GDI DOHC,6-Speed Automatic,Pacific Blue,Black,At least 1 accident or damage reported,Yes,27875.0,4,1.0531187426801163,0,5293.6,1
Bentley,Arnage R,2003,55050.0,Gasoline,400.0HP 6.75L 8 Cylinder Engine Gasoline Fuel,4-Speed A/T,Gray,Gray,None reported,Yes,34995.0,23,0.6356832755081652,1,2293.75,0
Kia,Sorento LX,2021,54200.0,Gasoline,191.0HP 2.5L 4 Cylinder Engine Gasoline Fuel,A/T,White,Black,None reported,Yes,23800.0,5,0.43910628955185327,0,9033.333333333334,0
Lexus,SC 430 Base,2002,109762.0,Gasoline,300.0HP 4.3L 8 Cylinder Engine Gasoline Fuel,5-Speed A/T,Blue,Brown,None reported,Yes,15000.0,24,0.1366580723923362,1,4390.48,0
Land,Rover Range Rover Evoque Base,2012,92080.0,Gasoline,240.0HP 2.0L 4 Cylinder Engine Gasoline Fuel,6-Speed A/T,Gray,Black,None reported,Yes,14500.0,14,0.15747005353981822,1,6138.666666666667,0
Acura,TLX Type S w/Performance Tire,2023,1798.0,Gasoline,355.0HP 3.0L V6 Cylinder Engine Gasoline Fuel,10-Speed A/T,Black,Black,None reported,Yes,53000.0,3,29.460811561978876,0,449.5,0
GMC,Sierra 1500 SLE Crew Cab,2006,167500.0,Gasoline,295.0HP 5.3L 8 Cylinder Engine Gasoline Fuel,A/T,Silver,Black,None reported,Yes,14500.0,20,0.08656664736329932,0,7976.190476190476,0
GMC,Sierra 1500 Denali Ultimate,2023,2500.0,Gasoline,420.0HP 6.2L 8 Cylinder Engine Gasoline Fuel,10-Speed A/T,White,Brown,None reported,Yes,84000.0,3,33.58656537385046,0,625.0,0
Mercedes-Benz,E-Class E 400,2016,77000.0,Gasoline,329.0HP 3.0L V6 Cylinder Engine Gasoline Fuel,7-Speed A/T,White,Beige,At least 1 accident or damage reported,Yes,24000.0,10,0.31168426384072934,1,7000.0,1
MINI,Hardtop Cooper,2019,19850.0,Gasoline,134.0HP 1.5L 3 Cylinder Engine Gasoline Fuel,6-Speed A/T,Black,Black,None reported,Yes,24000.0,7,1.2090071029167295,0,2481.25,0
Ford,Bronco Outer Banks Advanced,2023,3400.0,Gasoline,275.0HP 2.3L 4 Cylinder Engine Gasoline Fuel,10-Speed A/T,Gray,Gray,None reported,Yes,57000.0,3,16.75977653631285,0,850.0,0
Ford,Bronco,2021,3596.0,Gasoline,2.7L V6 24V PDI DOHC Twin Turbo,10-Speed Automatic,Blue,Black Onyx,None reported,Yes,56900.0,5,15.818737837086461,0,599.3333333333334,0
Ford,F-350 Lariat Super Duty Crew Cab,2009,130200.0,Diesel,350.0HP 6.4L 8 Cylinder Engine Diesel Fuel,5-Speed A/T,White,Beige,None reported,Yes,28900.0,17,0.22196450104069862,0,7233.333333333333,0
Land,Rover Discovery Sport SE,2017,48200.0,Gasoline,240.0HP 2.0L 4 Cylinder Engine Gasoline Fuel,9-Speed A/T,White,Gray,None reported,Yes,24998.0,9,0.5186199456442813,1,4820.0,0
GMC,Yukon XL SLT,2016,183544.0,Gasoline,355.0HP 5.3L 8 Cylinder Engine Gasoline Fuel,6-Speed A/T,Black,Black,At least 1 accident or damage reported,Yes,22000.0,10,0.11986161431801466,0,16685.81818181818,1
Ford,Focus RS Base,2016,14900.0,Gasoline,350.0HP 2.3L 4 Cylinder Engine Gasoline Fuel,6-Speed M/T,Blue,Black,None reported,Yes,39000.0,10,2.617274008455808,0,1354.5454545454545,0
Ford,Bronco Badlands Advanced,2022,4200.0,Gasoline,315.0HP 2.7L V6 Cylinder Engine Gasoline Fuel,10-Speed A/T,Blue,Black,None reported,Yes,65994.0,4,15.709116876934063,0,840.0,0
Hyundai,Genesis 5,2012,15698.0,Gasoline,429.0HP 5.0L 8 Cylinder Engine Gasoline Fuel,Transmission w/Dual Shift Mode,Black,Black,None reported,Yes,19000.0,14,1.2102681699471305,0,1046.5333333333333,0
Jeep,Wrangler Unlimited Rubicon,2022,1750.0,Gasoline,285.0HP 3.6L V6 Cylinder Engine Gasoline Fuel,8-Speed A/T,Gray,Brown,None reported,Yes,65500.0,4,37.40719588806396,0,350.0,0
BMW,X4 xDrive30i,2022,34800.0,Gasoline,248.0HP 2.0L 4 Cylinder Engine Gasoline Fuel,A/T,Blue,Brown,None reported,Yes,46000.0,4,1.3218010976696073,1,6960.0,0
Jaguar,F-PACE S,2020,35580.0,Gasoline,3.0 Liter,Automatic,Eiger Grey Metallic,Ebony/Light Oyster Stitch,None reported,Yes,46998.0,6,1.320873499901633,0,5082.857142857143,0
Acura,RSX Type S,2006,71400.0,Gasoline,201.0HP 2.0L 4 Cylinder Engine Gasoline Fuel,6-Speed M/T,Black,Gray,None reported,Yes,14990.0,20,0.20994103724037477,0,3400.0,0
Mazda,MX-5 Miata Base,2003,9260.0,Gasoline,142.0HP 1.8L 4 Cylinder Engine Gasoline Fuel,5-Speed M/T,White,Beige,None reported,Yes,22000.0,23,2.375553395961559,0,385.8333333333333,0
GMC,Yukon XL SLT,2023,28500.0,Gasoline,355.0HP 5.3L 8 Cylinder Engine Gasoline Fuel,A/T,Black,Black,None reported,Yes,67800.0,3,2.378863899512298,0,7125.0,0
Mercedes-Benz,E-Class E 350 4MATIC,2008,91900.0,Gasoline,268.0HP 3.5L V6 Cylinder Engine Gasoline Fuel,5-Speed A/T,Black,Black,None reported,Yes,8900.0,18,0.09684334229224927,1,4836.8421052631575,0
INFINITI,G35 Base,2004,130000.0,Gasoline,260.0HP 3.5L V6 Cylinder Engine Gasoline Fuel,5-Speed A/T,Beige,Beige,None reported,Yes,7500.0,22,0.05769186390873916,0,5652.173913043478,0
Cadillac,XTS Premium,2013,56860.0,Gasoline,3.6L V6 24V GDI DOHC,6-Speed Automatic,White Diamond Tri-Coat,Shale,At least 1 accident or damage reported,Yes,21995.0,13,0.3868204920771706,0,4061.4285714285716,1
MINI,Hardtop Cooper S,2017,44300.0,Gasoline,189.0HP 2.0L 4 Cylinder Engine Gasoline Fuel,6-Speed M/T,Silver,Black,None reported,Yes,20784.0,9,0.4691541951648947,0,4430.0,0
BMW,X5 xDrive35i,2014,120000.0,Gasoline,300.0HP 3.0L Straight 6 Cylinder Engine Gasoline Fuel,Transmission w/Dual Shift Mode,Black,Black,None reported,Yes,20000.0,12,0.16666527778935175,1,9230.76923076923,0
Mercedes-Benz,SL-Class SL 550,2013,72500.0,Gasoline,429.0HP 4.6L 8 Cylinder Engine Gasoline Fuel,7-Speed A/T,Black,Beige,None reported,Yes,31450.0,13,0.4337871201776527,1,5178.571428571428,0
RAM,1500 Tradesman/Express,2017,72000.0,Gasoline,395.0HP 5.7L 8 Cylinder Engine Gasoline Fuel,8-Speed A/T,Blue,Beige,At least 1 accident or damage reported,Yes,24200.0,9,0.3361064429660699,0,7200.0,1
BMW,135 i,2011,132000.0,Gasoline,300.0HP 3.0L Straight 6 Cylinder Engine Gasoline Fuel,7-Speed A/T,Black,Beige,None reported,Yes,11000.0,15,0.08333270202498466,1,8250.0,0
Rolls-Royce,Phantom,2018,7585.0,Gasoline,6.8L V12 48V GDI DOHC Twin Turbo,8-Speed Automatic,–,–,None reported,Yes,599000.0,8,78.96124439757448,0,842.7777777777778,0
Hyundai,IONIQ 5 SE,2022,18500.0,Gasoline,320.0HP Electric Motor Electric Fuel System,A/T,White,Black,None reported,Yes,42000.0,4,2.2701475595913734,0,3700.0,0
Lexus,LS 430 Base,2002,42000.0,Gasoline,290.0HP 4.3L 8 Cylinder Engine Gasoline Fuel,A/T,Silver,Gray,At least 1 accident or damage reported,Yes,15999.0,24,0.38091950191662105,1,1680.0,1
Jaguar,F-PACE S,2023,4624.0,Gasoline,2.0 Liter,Automatic,Santorin Black,Black,None reported,Yes,56998.0,3,12.323891891891892,0,1156.0,0
BMW,M5 Base,2006,106000.0,Gasoline,500.0HP 5.0L 10 Cylinder Engine Gasoline Fuel,Transmission w/Dual Shift Mode,Black,Black,None reported,Yes,19500.0,20,0.1839605286742578,1,5047.619047619048,0
Hyundai,Santa Fe SE,2022,13610.0,Gasoline,2.5L I4 16V PDI DOHC,8-Speed Automatic,Stormy Sea,Black,None reported,Yes,27450.0,4,2.0167511571523034,0,2722.0,0
Lamborghini,Urus Base,2019,16876.0,Gasoline,4.0L V8 32V GDI DOHC Twin Turbo,8-Speed Automatic,Gray,Brown,None reported,Yes,209900.0,7,12.437044498429815,0,2109.5,0
Ford,Expedition Timberline,2023,8911.0,Gasoline,3.5L V6 24V PDI DOHC Twin Turbo,10-Speed Automatic,Dark Matter Metallic,Black Onyx,At least 1 accident or damage reported,Yes,77430.0,3,8.688285457809695,0,2227.75,1
Chevrolet,Silverado 1500 LT Trail Boss,2021,48641.0,Gasoline,5.3L V8 16V GDI OHV,10-Speed Automatic,Silver Ice Metallic,Jet Black,None reported,Yes,43666.0,5,0.8977015747707743,0,8106.833333333333,0
GMC,Sierra 1500 SLT,2021,11250.0,Gasoline,420.0HP 6.2L 8 Cylinder Engine Gasoline Fuel,A/T,White,Black,None reported,Yes,70250.0,5,6.2438894320504845,0,1875.0,0
Ford,Mustang Premium,2007,126000.0,Gasoline,210.0HP 4.0L V6 Cylinder Engine Gasoline Fuel,A/T,Red,Black,None reported,Yes,9000.0,19,0.07142800453964651,0,6300.0,0
BMW,M5 Base,2008,77750.0,Gasoline,500.0HP 5.0L 10 Cylinder Engine Gasoline Fuel,7-Speed A/T,Silver,Silver,None reported,Yes,21000.0,18,0.2700929891576957,1,4092.1052631578946,0
Toyota,Tacoma SR,2020,27363.0,Gasoline,278.0HP 3.5L V6 Cylinder Engine Gasoline Fuel,6-Speed A/T,Gray,Gray,None reported,Yes,35000.0,6,1.2790527700628562,0,3909.0,0
Porsche,Cayenne Base,2019,30951.0,Gasoline,3.0L V6 24V GDI DOHC Turbo,8-Speed Automatic,White,Black,None reported,Yes,80140.0,7,2.589170328250194,1,3868.875,0
Ford,F-150 Lightning XLT,2023,208.0,Gasoline,563.0HP Electric Motor Electric Fuel System,A/T,Gray,Gold,None reported,Yes,89000.0,3,425.8373205741627,0,52.0,0
Dodge,Durango GT,2021,20386.0,Gasoline,3.6L V6 24V MPFI DOHC,8-Speed Automatic,Billet Clearcoat Metallic,Black,None reported,Yes,32999.0,5,1.618629518811007,0,3397.6666666666665,0
BMW,330e iPerformance,2018,45253.0,Plug-In Hybrid,247.0HP 2.0L 4 Cylinder Engine Plug-In Electric/Gas,Transmission w/Dual Shift Mode,Black,Black,None reported,Yes,24995.0,8,0.5523268661333804,1,5028.111111111111,0
GMC,Terrain Denali,2016,144000.0,Gasoline,301.0HP 3.6L V6 Cylinder Engine Gasoline Fuel,6-Speed A/T,White,Black,None reported,Yes,18400.0,10,0.12777689043826085,0,13090.90909090909,0
Ford,Excursion Limited,2004,76163.0,Diesel,325.0HP 6.0L 8 Cylinder Engine Diesel Fuel,5-Speed A/T,Gold,Gold,None reported,Yes,20500.0,22,0.26915603172102304,0,3311.4347826086955,0
Hyundai,Genesis 3.8,2015,61300.0,Gasoline,311.0HP 3.8L V6 Cylinder Engine Gasoline Fuel,8-Speed A/T,Silver,Gray,None reported,Yes,20150.0,11,0.328705893867963,0,5108.333333333333,0
Mitsubishi,Mirage ES,2017,35698.0,Gasoline,78.0HP 1.2L 3 Cylinder Engine Gasoline Fuel,A/T,Blue,Black,None reported,Yes,8750.0,9,0.2451049048992969,0,3569.8,0
Mercedes-Benz,E-Class E 350 4MATIC,2010,27000.0,Gasoline,268.0HP 3.5L V6 Cylinder Engine Gasoline Fuel,7-Speed A/T,Black,Black,None reported,Yes,22500.0,16,0.8333024702788786,1,1588.235294117647,0
Mazda,Mazda3 i Sport,2015,162000.0,Gasoline,155.0HP 2.0L 4 Cylinder Engine Gasoline Fuel,Transmission w/Dual Shift Mode,Red,Black,None reported,Yes,11500.0,11,0.0709872161282955,0,13500.0,0
BMW,M3 Base,2008,77800.0,Gasoline,414.0HP 4.0L 8 Cylinder Engine Gasoline Fuel,M/T,Red,Black,None reported,Yes,28500.0,18,0.3663191989820182,1,4094.7368421052633,0
Mercedes-Benz,E-Class E 350,2014,55000.0,Gasoline,302.0HP 3.5L V6 Cylinder Engine Gasoline Fuel,A/T,Black,Black,None reported,Yes,19250.0,12,0.34999363647933673,1,4230.7692307692305,0
Ford,Bronco Outer Banks Advanced,2022,12000.0,Gasoline,315.0HP 2.7L V6 Cylinder Engine Gasoline Fuel,10-Speed A/T,Gray,Brown,At least 1 accident or damage reported,Yes,65999.0,4,5.499458378468461,0,2400.0,1
Tesla,Model X 75D,2017,70579.0,Gasoline,518.0HP Electric Motor Electric Fuel System,A/T,Black,White,None reported,Yes,42250.0,9,0.5986115046755455,0,7057.9,0
Jeep,Wrangler Unlimited Sport,2010,107000.0,Gasoline,205.0HP 3.8L V6 Cylinder Engine Gasoline Fuel,A/T,White,Gray,At least 1 accident or damage reported,Yes,17500.0,16,0.16354987336566948,0,6294.117647058823,1
Honda,Pilot Elite,2021,42653.0,Gasoline,3.5L V6 24V GDI SOHC,9-Speed Automatic,Gray,Black,None reported,Yes,38998.0,5,0.9142870539691471,0,7108.833333333333,0
Acura,TL 3.2,2008,193783.0,Gasoline,258.0HP 3.2L V6 Cylinder Engine Gasoline Fuel,A/T,Black,Black,At least 1 accident or damage reported,Yes,10000.0,18,0.05160384758287578,0,10199.105263157895,1
Lexus,IS 350 Base,2014,123000.0,Gasoline,306.0HP 3.5L V6 Cylinder Engine Gasoline Fuel,6-Speed A/T,Red,Black,At least 1 accident or damage reported,Yes,18000.0,12,0.14634027365631175,1,9461.538461538461,1
Chevrolet,Equinox LT,2011,130000.0,Gasoline,264.0HP 3.0L V6 Cylinder Engine Gasoline Fuel,6-Speed A/T,Brown,Black,At least 1 accident or damage reported,Yes,7000.0,15,0.05384573964815655,0,8125.0,1
Mitsubishi,Lancer DE,2009,143346.0,Gasoline,152.0HP 2.0L 4 Cylinder Engine Gasoline Fuel,5-Speed M/T,Black,Black,At least 1 accident or damage reported,Yes,3000.0,17,0.020928237075069585,0,7963.666666666667,1
Land,Rover LR2 Base,2015,112465.0,Gasoline,240.0HP 2.0L 4 Cylinder Engine Gasoline Fuel,6-Speed A/T,White,Beige,None reported,Yes,11995.0,11,0.10665445556879412,1,9372.083333333334,0
Nissan,Leaf SV PLUS,2023,5121.0,Gasoline,Electric,1-Speed Automatic,Brilliant Silver Metallic,Black,None reported,Yes,28196.0,3,5.504880905896134,0,1280.25,0
Audi,A5 2.0T Premium,2012,137273.0,Gasoline,211.0HP 2.0L 4 Cylinder Engine Gasoline Fuel,A/T,White,Beige,None reported,Yes,11000.0,14,0.08013170738814342,1,9151.533333333333,0
Rivian,R1S Launch Edition,2023,299.0,Gasoline,835.0HP Electric Motor Electric Fuel System,1-Speed A/T,Blue,Gray,None reported,Yes,92500.0,3,308.3333333333333,0,74.75,0
Lexus,RX 450h Base,2018,70780.0,Hybrid,308.0HP 3.5L V6 Cylinder Engine Gas/Electric Hybrid,CVT Transmission,Silver,Gray,None reported,Yes,35700.0,8,0.5043726423757788,1,7864.444444444444,0
Chevrolet,Tahoe LT,2018,55000.0,Gasoline,355.0HP 5.3L 8 Cylinder Engine Gasoline Fuel,6-Speed A/T,Black,Black,None reported,Yes,37900.0,8,0.6890783803930838,0,6111.111111111111,0
Mercedes-Benz,G-Class G 550 4MATIC,2017,23151.0,Gasoline,416.0HP 4.0L 8 Cylinder Engine Gasoline Fuel,7-Speed A/T,Gray,Black,None reported,Yes,84500.0,9,3.6497926744989635,1,2315.1,0
Cadillac,XTS Luxury,2013,152000.0,Gasoline,304.0HP 3.6L V6 Cylinder Engine Gasoline Fuel,A/T,Black,Gray,At least 1 accident or damage reported,Yes,8500.0,13,0.055920684732337286,0,10857.142857142857,1
INFINITI,Q50 3.0t Red Sport 400,2020,23344.0,Gasoline,3.0L V6 24V GDI DOHC Twin Turbo,7-Speed Automatic,Liquid Platinum,White,None reported,Yes,36999.0,6,1.5848789890768902,0,3334.8571428571427,0
Subaru,Outback 3.6R Limited,2016,87092.0,Gasoline,256.0HP 3.6L Flat 6 Cylinder Engine Gasoline Fuel,A/T,Blue,Black,At least 1 accident or damage reported,Yes,19500.0,10,0.22389859116117253,0,7917.454545454545,1
Toyota,Avalon XLS,2004,90625.0,Gasoline,210.0HP 3.0L V6 Cylinder Engine Gasoline Fuel,A/T,Gray,Gray,None reported,Yes,5500.0,22,0.06068898550084965,0,3940.217391304348,0
Chevrolet,Traverse RS,2021,44373.0,Gasoline,310.0HP 3.6L V6 Cylinder Engine Gasoline Fuel,9-Speed A/T,Silver,Black,None reported,Yes,36000.0,5,0.8112858881326903,0,7395.5,0
BMW,330 i,2021,26000.0,Gasoline,255.0HP 2.0L 4 Cylinder Engine Gasoline Fuel,Transmission w/Dual Shift Mode,Black,Black,None reported,Yes,37000.0,5,1.4230221914541747,1,4333.333333333333,0
Karma,Revero Base,2018,20760.0,Gasoline,403.0HP 2.0L Electric Motor Electric Fuel System,A/T,White,Black,None reported,Yes,55500.0,8,2.673281633832667,0,2306.6666666666665,0
Lexus,GX 460 Base,2021,39102.0,Gasoline,4.6 Liter,Automatic,Silver,Rioja Red,None reported,Yes,51798.0,5,1.3246553972840958,1,6517.0,0
Alfa,Romeo Stelvio Ti Sport,2019,39615.0,Gasoline,"2L I-4 gasoline direct injection, MultiAir2 variable valve contr","Automatic, 8-Spd",Vulcano Black Metallic,Red/Black,None reported,Yes,28900.0,7,0.7295032310177706,0,4951.875,0
GMC,Sierra 2500 Base,2019,58000.0,E85 Flex Fuel,360.0HP 6.0L 8 Cylinder Engine Flex Fuel Capability,A/T,Silver,Beige,None reported,Yes,36500.0,7,0.6292994948362959,0,7250.0,0
Lexus,IS 250 Base,2013,148000.0,Gasoline,204.0HP 2.5L V6 Cylinder Engine Gasoline Fuel,6-Speed A/T,Gray,Black,At least 1 accident or damage reported,Yes,10000.0,13,0.06756711103303356,1,10571.42857142857,1
Porsche,Panamera 2,2011,104000.0,Gasoline,300.0HP 3.6L V6 Cylinder Engine Gasoline Fuel,7-Speed A/T,White,Black,None reported,Yes,20900.0,15,0.20095960615763309,1,6500.0,0
BMW,535 i xDrive,2013,46150.0,Gasoline,306.0HP 3.0L Straight 6 Cylinder Engine Gasoline Fuel,Transmission w/Dual Shift Mode,Silver,Black,At least 1 accident or damage reported,Yes,17000.0,13,0.3683560486229984,1,3296.4285714285716,1
Chevrolet,Silverado 2500 High Country,2022,18860.0,Diesel,445.0HP 6.6L 8 Cylinder Engine Diesel Fuel,10-Speed A/T,Blue,Gray,None reported,Yes,74500.0,4,3.949949631514766,0,3772.0,0
Mercedes-Benz,AMG C 63 Base,2017,28399.0,Gasoline,469.0HP 4.0L 8 Cylinder Engine Gasoline Fuel,7-Speed A/T,Gray,Black,None reported,Yes,55600.0,9,1.9577464788732395,1,2839.9,0
Jeep,Wrangler Sahara,1998,136500.0,Gasoline,181.0HP 4.0L Straight 6 Cylinder Engine Gasoline Fuel,5-Speed M/T,Black,Black,None reported,Yes,6999.0,28,0.05127434963846419,0,4706.896551724138,0
Porsche,Boxster S,2005,95170.0,Gasoline,280.0HP 3.2L Flat 6 Cylinder Engine Gasoline Fuel,6-Speed M/T,Blue,Gray,None reported,Yes,24900.0,21,0.2616343213794118,1,4325.909090909091,0
BMW,M3 Base,2006,95450.0,Gasoline,333.0HP 3.2L Straight 6 Cylinder Engine Gasoline Fuel,6-Speed M/T,Gray,Gray,At least 1 accident or damage reported,Yes,42000.0,20,0.44001634346418583,1,4545.238095238095,1
Chevrolet,Camaro LT1,2022,7652.0,Gasoline,6.2 Liter,Automatic,Blue,Jet Black,None reported,Yes,39998.0,4,5.226447144910493,0,1530.4,0
BMW,535 i xDrive,2011,169000.0,Gasoline,300.0HP 3.0L Straight 6 Cylinder Engine Gasoline Fuel,Transmission w/Dual Shift Mode,Black,White,At least 1 accident or damage reported,Yes,10999.0,15,0.06508245513340158,1,10562.5,1
RAM,1500 Laramie,2022,16744.0,Gasoline,5.7L V8 16V MPFI OHV,8-Speed Automatic,Delmonico Red Pearlcoat,Black,None reported,Yes,46999.0,4,2.806748283069573,0,3348.8,0
Mercedes-Benz,Metris Base,2020,1025.0,Gasoline,2.0L I4 16V GDI DOHC Turbo,7-Speed Automatic,Black,Beige,None reported,Yes,299000.0,6,291.4230019493177,1,146.42857142857142,0
Chevrolet,Express 1500 Cargo,2004,152000.0,Gasoline,195.0HP 4.3L V6 Cylinder Engine Gasoline Fuel,A/T,White,Gray,At least 1 accident or damage reported,Yes,7999.0,22,0.05262465378517247,0,6608.695652173913,1
BMW,X7 xDrive40i,2020,46000.0,Gasoline,335.0HP 3.0L Straight 6 Cylinder Engine Gasoline Fuel,Transmission w/Dual Shift Mode,Black,Black,None reported,Yes,54999.0,6,1.1956044433816657,1,6571.428571428572,0
BMW,X7 xDrive40i,2022,8000.0,Hybrid,335.0HP 3.0L Straight 6 Cylinder Engine Gasoline/Mild Electric Hybrid,A/T,Blue,Brown,None reported,Yes,85000.0,4,10.623672040994876,1,1600.0,0
Ferrari,F12berlinetta Base,2016,14770.0,Gasoline,6.3L V12 48V GDI DOHC,7-Speed Automatic with Auto-Shift,Gray,–,None reported,Yes,254900.0,10,17.256786947396925,0,1342.7272727272727,0
Chevrolet,Silverado 2500 LT,2016,84421.0,E85 Flex Fuel,360.0HP 6.0L 8 Cylinder Engine Flex Fuel Capability,6-Speed A/T,White,Black,None reported,Yes,36800.0,10,0.43590533273317383,0,7674.636363636364,0
Mercedes-Benz,Maybach S 580 4MATIC,2022,4760.0,Gasoline,4.0L V8 32V GDI DOHC Twin Turbo,9-Speed Automatic,Diamond White,Black,None reported,Yes,229000.0,4,48.09913883637891,1,952.0,0
GMC,Sierra 1500 Denali,2021,44691.0,Gasoline,6.2L V8 16V GDI OHV,10-Speed Automatic,White Frost Tri-Coat,Walnut,At least 1 accident or damage reported,Yes,56900.0,5,1.2731585071153675,0,7448.5,1
Mitsubishi,Outlander SEL,2022,11700.0,Gasoline,181.0HP 2.5L 4 Cylinder Engine Gasoline Fuel,A/T,White,Black,None reported,Yes,33000.0,4,2.820271771643449,0,2340.0,0
Ford,Shelby GT350 Base,2019,2800.0,Gasoline,526.0HP 5.2L 8 Cylinder Engine Gasoline Fuel,6-Speed M/T,Black,Black,None reported,Yes,91000.0,7,32.48839700107104,0,350.0,0
MINI,Cooper Base,2010,58000.0,Gasoline,118.0HP 1.6L 4 Cylinder Engine Gasoline Fuel,6-Speed A/T,Gold,Black,None reported,Yes,8000.0,16,0.1379286564024758,0,3411.764705882353,0
Toyota,Prius Touring,2009,142500.0,Hybrid,76.0HP 1.5L 4 Cylinder Engine Gas/Electric Hybrid,A/T,Blue,Beige,None reported,Yes,6999.0,17,0.04911544480389611,0,7916.666666666667,0
Cadillac,Escalade ESV Base,2007,191900.0,Gasoline,403.0HP 6.2L 8 Cylinder Engine Gasoline Fuel,A/T,Black,Black,At least 1 accident or damage reported,Yes,9750.0,19,0.05080744759016368,0,9595.0,1
Audi,A6 2.0T Premium Plus,2016,63398.0,Gasoline,252.0HP 2.0L 4 Cylinder Engine Gasoline Fuel,A/T,White,Gray,At least 1 accident or damage reported,Yes,19500.0,10,0.3075758292717551,1,5763.454545454545,1
Chevrolet,Suburban 1500 LT,2008,162750.0,Gasoline,320.0HP 5.3L 8 Cylinder Engine Gasoline Fuel,Transmission Overdrive Switch,White,Black,At least 1 accident or damage reported,Yes,7200.0,18,0.04423935951238395,0,8565.78947368421,1
Jaguar,XK R,2012,38383.0,Gasoline,510.0HP 5.0L 8 Cylinder Engine Gasoline Fuel,6-Speed A/T,White,Black,None reported,Yes,36949.0,14,0.9626146310962901,0,2558.866666666667,0
Porsche,911 Carrera GTS,2022,1837.0,Gasoline,3.0L H6 24V GDI DOHC Twin Turbo,8-Speed Automatic with Auto-Shift,Aventurine Green Metallic,Agave Green,None reported,Yes,179900.0,4,97.87812840043526,1,367.4,0
Ford,F-250 XLT,2022,36294.0,Diesel,6.7L V8 32V DDI OHV Turbo Diesel,Automatic,Oxford White,Medium Earth Gray,None reported,Yes,77535.0,4,2.1362446617991457,0,7258.8,0
Audi,A4 2.0T Premium,2011,90818.0,Gasoline,211.0HP 2.0L 4 Cylinder Engine Gasoline Fuel,A/T,White,Black,At least 1 accident or damage reported,Yes,8300.0,15,0.09139056805294046,1,5676.125,1
Cadillac,ATS 2.0L Turbo,2018,32000.0,Gasoline,272.0HP 2.0L 4 Cylinder Engine Gasoline Fuel,A/T,Gray,Black,None reported,Yes,22999.0,8,0.7186962907409143,0,3555.5555555555557,0
Ford,Transit-350 Base,2019,94650.0,Gasoline,275.0HP 3.7L V6 Cylinder Engine Gasoline Fuel,6-Speed A/T,White,–,None reported,Yes,37000.0,7,0.390909763235465,0,11831.25,0
Mercedes-Benz,G-Class G 63 AMG,2014,49899.0,Gasoline,536.0HP 5.5L 8 Cylinder Engine Gasoline Fuel,A/T,White,Black,None reported,Yes,72999.0,12,1.4629058116232465,1,3838.3846153846152,0
Jeep,Wrangler Sahara,2011,55000.0,Gasoline,202.0HP 3.8L V6 Cylinder Engine Gasoline Fuel,4-Speed A/T,Red,Black,At least 1 accident or damage reported,Yes,35000.0,15,0.6363520663260668,0,3437.5,1
BMW,M4 Base,2015,23700.0,Gasoline,425.0HP 3.0L Straight 6 Cylinder Engine Gasoline Fuel,Transmission w/Dual Shift Mode,Black,Black,None reported,Yes,42800.0,11,1.805830977595882,1,1975.0,0
Tesla,Model S P100D,2018,46000.0,Gasoline,518.0HP Electric Motor Electric Fuel System,A/T,White,Black,None reported,Yes,59500.0,8,1.293450142388209,0,5111.111111111111,0
Maserati,Ghibli S GranLusso,2020,12118.0,Gasoline,424.0HP 3.0L V6 Cylinder Engine Gasoline Fuel,8-Speed A/T,Blue,Brown,None reported,Yes,52900.0,6,4.365046621008334,1,1731.142857142857,0
Pontiac,Firebird Trans Am,2001,64000.0,Gasoline,310.0HP 5.7L 8 Cylinder Engine Gasoline Fuel,6-Speed M/T,Blue,Beige,None reported,Yes,21000.0,25,0.3281198731269824,0,2461.5384615384614,0
Ford,Expedition XLT,2022,22169.0,Gasoline,3.5L V6 24V PDI DOHC Twin Turbo,10-Speed Automatic,Black,Sandstone,None reported,Yes,57352.0,4,2.586919260261615,0,4433.8,0
Ferrari,812 Superfast Base,2020,1575.0,Gasoline,788.0HP 6.5L 12 Cylinder Engine Gasoline Fuel,Transmission w/Dual Shift Mode,Red,Black,None reported,Yes,469900.0,6,298.15989847715736,0,225.0,0
Tesla,Model X Long Range Plus,2021,46897.0,Gasoline,557.0HP Electric Motor Electric Fuel System,A/T,Blue,Black,None reported,Yes,69000.0,5,1.4712780928824256,0,7816.166666666667,0
Land,Rover Range Rover P400 SE SWB,2022,3369.0,Hybrid,395.0HP 3.0L Straight 6 Cylinder Engine Gasoline/Mild Electric Hybrid,A/T,White,Black,None reported,Yes,139500.0,4,41.3946587537092,1,673.8,0
BMW,535 i xDrive,2011,135000.0,Gasoline,300.0HP 3.0L Straight 6 Cylinder Engine Gasoline Fuel,8-Speed A/T,Blue,Beige,None reported,Yes,9999.0,15,0.07406611802875535,1,8437.5,0
BMW,428 i xDrive,2015,125000.0,Gasoline,240.0HP 2.0L 4 Cylinder Engine Gasoline Fuel,A/T,White,Black,None reported,Yes,15000.0,11,0.11999904000767994,1,10416.666666666666,0
Cadillac,Escalade ESV Platinum,2017,134000.0,Gasoline,420.0HP 6.2L 8 Cylinder Engine Gasoline Fuel,8-Speed A/T,Gold,Brown,None reported,Yes,32999.0,9,0.24625935627346066,0,13400.0,0
BMW,X5 xDrive35i,2014,143250.0,Gasoline,300.0HP 3.0L Straight 6 Cylinder Engine Gasoline Fuel,8-Speed A/T,Black,White,None reported,Yes,12999.0,12,0.09074282203963673,1,11019.23076923077,0
Lexus,GX 460 Premium,2017,82975.0,Gasoline,301.0HP 4.6L 8 Cylinder Engine Gasoline Fuel,A/T,White,Beige,None reported,Yes,31000.0,9,0.37360200539915156,1,8297.5,0
MINI,Countryman Cooper S ALL4,2016,91700.0,Gasoline,181.0HP 1.6L 4 Cylinder Engine Gasoline Fuel,6-Speed M/T,White,Black,None reported,Yes,13999.0,10,0.15265918583221558,0,8336.363636363636,0
Ford,F-150 XLT,2018,72393.0,Gasoline,325.0HP 2.7L V6 Cylinder Engine Gasoline Fuel,10-Speed A/T,Black,Black,None reported,Yes,35000.0,8,0.4834654805646877,0,8043.666666666667,0
INFINITI,QX60 Base,2016,71000.0,Gasoline,265.0HP 3.5L V6 Cylinder Engine Gasoline Fuel,A/T,Black,Black,None reported,Yes,21500.0,10,0.3028126364417403,0,6454.545454545455,0
Lexus,RX 350 Base,2012,160900.0,Gasoline,270.0HP 3.5L V6 Cylinder Engine Gasoline Fuel,6-Speed A/T,Silver,Gray,None reported,Yes,15000.0,14,0.09322502656913258,1,10726.666666666666,0
Dodge,Charger Scat Pack,2020,40208.0,Gasoline,485.0HP 6.4L 8 Cylinder Engine Gasoline Fuel,8-Speed A/T,Red,Black,At least 1 accident or damage reported,Yes,38000.0,6,0.9450620507846502,0,5744.0,1
Lexus,IS 350 Base,2017,77300.0,Gasoline,306.0HP 3.5L V6 Cylinder Engine Gasoline Fuel,6-Speed A/T,White,Black,None reported,Yes,30000.0,9,0.38809329762874994,1,7730.0,0
Nissan,NV200 SV,2017,16700.0,Gasoline,131.0HP 2.0L 4 Cylinder Engine Gasoline Fuel,A/T,White,Black,None reported,Yes,26500.0,9,1.5867313334530866,0,1670.0,0
Subaru,Impreza 2.0i Premium,2013,112000.0,Gasoline,148.0HP 2.0L 4 Cylinder Engine Gasoline Fuel,CVT Transmission,Black,Beige,None reported,Yes,9999.0,13,0.08927598860724457,0,8000.0,0
BMW,M3 Base,2016,55250.0,Gasoline,425.0HP 3.0L Straight 6 Cylinder Engine Gasoline Fuel,6-Speed M/T,Blue,White,None reported,Yes,49999.0,10,0.9049428969611409,1,5022.727272727273,0
INFINITI,QX80 Luxe,2020,69000.0,Gasoline,400.0HP 5.6L 8 Cylinder Engine Gasoline Fuel,A/T,Gray,Black,None reported,Yes,31450.0,6,0.4557904957899161,0,9857.142857142857,0
Rolls-Royce,Phantom,2023,1560.0,–,–,–,Tempest,Cobalt Blue,None reported,Yes,599995.0,3,384.36579115951315,0,390.0,0
Ford,Mustang GT Premium,2016,40570.0,Gasoline,435.0HP 5.0L 8 Cylinder Engine Gasoline Fuel,6-Speed M/T,Gray,Black,At least 1 accident or damage reported,Yes,30490.0,10,0.7515220231199625,0,3688.181818181818,1
Toyota,RAV4 TRD Off Road,2020,46500.0,Gasoline,203.0HP 2.5L 4 Cylinder Engine Gasoline Fuel,8-Speed A/T,White,Black,None reported,Yes,35200.0,6,0.7569729683232619,0,6642.857142857143,0
Honda,S2000 Base,2000,26900.0,Gasoline,240.0HP 2.0L 4 Cylinder Engine Gasoline Fuel,M/T,Silver,Red,None reported,Yes,35000.0,26,1.3010668748373666,0,996.2962962962963,0
Jeep,Gladiator Sport,2021,5779.0,Gasoline,3.6L V6 24V MPFI DOHC,8-Speed Automatic,Firecracker Red Clearcoat,Black,None reported,Yes,41329.0,5,7.150346020761246,0,963.1666666666666,0
Ford,Bronco Big Bend Advanced,2023,12000.0,Gasoline,275.0HP 2.3L 4 Cylinder Engine Gasoline Fuel,10-Speed A/T,Black,–,None reported,Yes,54000.0,3,4.499625031247396,0,3000.0,0
Ford,Expedition Timberline,2022,30301.0,Gasoline,3.5L V6 24V PDI DOHC Twin Turbo,10-Speed Automatic,Dark Matter Metallic,Deep Cypress,None reported,Yes,68420.0,4,2.257936769850175,0,6060.2,0
Toyota,Sequoia TRD Pro,2023,600.0,Hybrid,437.0HP 3.4L V6 Cylinder Engine Gas/Electric Hybrid,10-Speed A/T,Orange,Black,None reported,Yes,91995.0,3,153.06988352745424,0,150.0,0
Plymouth,Prowler Base,2001,22300.0,Gasoline,253.0HP 3.5L V6 Cylinder Engine Gasoline Fuel,4-Speed A/T,Blue,Gray,None reported,Yes,28500.0,25,1.2779695977758845,0,857.6923076923077,0
Alfa,Romeo Giulia Ti,2023,9275.0,Gasoline,2.0L I4 16V GDI SOHC Turbo,8-Speed Automatic,Alfa White,Black,None reported,Yes,43900.0,3,4.7326433807675725,0,2318.75,0
Chevrolet,Suburban 1500 LS,2004,171750.0,E85 Flex Fuel,295.0HP 5.3L 8 Cylinder Engine Flex Fuel Capability,4-Speed A/T,White,Beige,At least 1 accident or damage reported,Yes,12998.0,22,0.07567932646680368,0,7467.391304347826,1
Mitsubishi,Lancer Evolution GSR,2013,76500.0,Gasoline,291.0HP 2.0L 4 Cylinder Engine Gasoline Fuel,5-Speed M/T,Black,Black,None reported,Yes,28000.0,13,0.36600828747336633,0,5464.285714285715,0
Mercedes-Benz,AMG GLE 43 Coupe 4MATIC,2018,49000.0,Gasoline,385.0HP 3.0L V6 Cylinder Engine Gasoline Fuel,9-Speed A/T,Blue,Brown,At least 1 accident or damage reported,Yes,42995.0,8,0.8774310728352482,1,5444.444444444444,1
Audi,R8 5.2 quattro Spyder,2011,75000.0,Gasoline,525.0HP 5.2L 10 Cylinder Engine Gasoline Fuel,Transmission w/Dual Shift Mode,White,Brown,At least 1 accident or damage reported,Yes,74000.0,15,0.9866535112865161,1,4687.5,1
Ford,Escape XLT,2007,133300.0,Gasoline,153.0HP 2.3L 4 Cylinder Engine Gasoline Fuel,4-Speed A/T,Silver,Silver,None reported,Yes,3000.0,19,0.022505457573461566,0,6665.0,0
BMW,X5 3.0si,2007,99700.0,Gasoline,260.0HP 3.0L Straight 6 Cylinder Engine Gasoline Fuel,6-Speed A/T,Black,Black,None reported,Yes,8500.0,19,0.08525491218744044,1,4985.0,0
Chevrolet,Camaro 2LT,2011,126700.0,Gasoline,312.0HP 3.6L V6 Cylinder Engine Gasoline Fuel,Transmission w/Dual Shift Mode,White,Beige,At least 1 accident or damage reported,Yes,14000.0,15,0.11049636545883616,0,7918.75,1
BMW,340 i,2016,28000.0,Gasoline,320.0HP 3.0L Straight 6 Cylinder Engine Gasoline Fuel,6-Speed M/T,Black,Red,None reported,Yes,36995.0,10,1.3212028141852077,1,2545.4545454545455,0
Mercedes-Benz,SL-Class SL 550,2012,21300.0,Gasoline,382.0HP 5.5L 8 Cylinder Engine Gasoline Fuel,7-Speed A/T,Silver,Red,At least 1 accident or damage reported,Yes,38500.0,14,1.807426881367072,1,1420.0,1
Cadillac,Escalade Platinum,2019,92000.0,Gasoline,420.0HP 6.2L 8 Cylinder Engine Gasoline Fuel,A/T,Black,Black,None reported,Yes,51900.0,7,0.5641243029967066,0,11500.0,0
Chevrolet,Silverado 3500 LTZ,2018,92149.0,Diesel,6.6L V8 32V DDI OHV Turbo Diesel,6-Speed Automatic,Black,Jet Black,None reported,Yes,52889.0,8,0.5739446554530656,0,10238.777777777777,0
Lexus,RC F Base,2015,25756.0,Gasoline,467.0HP 5.0L 8 Cylinder Engine Gasoline Fuel,8-Speed A/T,Black,Black,None reported,Yes,49995.0,11,1.9410257405753775,1,2146.3333333333335,0
Kia,Forte GT-Line,2021,24534.0,Gasoline,147.0HP 2.0L 4 Cylinder Engine Gasoline Fuel,CVT Transmission,White,Black,None reported,Yes,21900.0,5,0.8926024047279397,0,4089.0,0
Land,Rover Range Rover Sport Supercharged Dynamic,2018,58100.0,Gasoline,518.0HP 5.0L 8 Cylinder Engine Gasoline Fuel,8-Speed A/T,Red,Black,None reported,Yes,53499.0,8,0.9207931016677854,1,6455.555555555556,0
Nissan,Titan S,2017,20220.0,Gasoline,390.0HP 5.6L 8 Cylinder Engine Gasoline Fuel,7-Speed A/T,White,Gray,None reported,Yes,32324.0,9,1.59853617526334,0,2022.0,0
Honda,Accord EX-L 2.0T,2019,40069.0,Gasoline,252.0HP 2.0L 4 Cylinder Engine Gasoline Fuel,A/T,White,Black,At least 1 accident or damage reported,Yes,27500.0,7,0.6862989767906165,0,5008.625,1
Subaru,WRX Base,2017,60930.0,Gasoline,268.0HP 2.0L 4 Cylinder Engine Gasoline Fuel,6-Speed M/T,Blue,Black,None reported,Yes,23750.0,9,0.3897851668280514,0,6093.0,0
Audi,A4 2.0T Titanium Premium,2019,7300.0,Gasoline,188.0HP 2.0L 4 Cylinder Engine Gasoline Fuel,7-Speed A/T,White,Gray,None reported,Yes,27900.0,7,3.821394329543898,1,912.5,0
Ford,Mustang EcoBoost Premium,2018,34000.0,–,–,A/T,Blue,Gray,At least 1 accident or damage reported,Yes,25000.0,8,0.7352724919855298,0,3777.777777777778,1
Chevrolet,Avalanche 1500 LS,2012,56000.0,E85 Flex Fuel,320.0HP 5.3L 8 Cylinder Engine Flex Fuel Capability,A/T,Red,Black,At least 1 accident or damage reported,Yes,18000.0,14,0.3214228317351476,0,3733.3333333333335,1
Mercedes-Benz,CLA-Class CLA 250,2014,136000.0,Gasoline,208.0HP 2.0L 4 Cylinder Engine Gasoline Fuel,Transmission w/Dual Shift Mode,Gray,Black,At least 1 accident or damage reported,Yes,12000.0,12,0.0882346453334902,1,10461.538461538461,1
BMW,228 Gran Coupe i xDrive,2020,31100.0,Gasoline,228.0HP 2.0L 4 Cylinder Engine Gasoline Fuel,8-Speed A/T,Blue,White,None reported,Yes,26999.0,6,0.8681071348188161,1,4442.857142857143,0
Maserati,GranTurismo Base,2012,12100.0,Gasoline,440.0HP 4.7L 8 Cylinder Engine Gasoline Fuel,Transmission w/Dual Shift Mode,Blue,Beige,None reported,Yes,37900.0,14,3.1319725642508884,1,806.6666666666666,0
Ford,Expedition Platinum,2021,51902.0,Gasoline,3.5L V6 24V PDI DOHC Twin Turbo,10-Speed Automatic,Red,Ceramic,None reported,Yes,57480.0,5,1.10745043639096,0,8650.333333333334,0
Audi,S4 Base,2007,93000.0,Gasoline,340.0HP 4.2L 8 Cylinder Engine Gasoline Fuel,6-Speed M/T,Black,Black,At least 1 accident or damage reported,Yes,10995.0,19,0.1182245352200514,1,4650.0,1
Land,Rover Range Rover Sport Supercharged HSE,2016,99915.0,Gasoline,340.0HP 3.0L V6 Cylinder Engine Gasoline Fuel,A/T,Blue,White,At least 1 accident or damage reported,Yes,26500.0,10,0.2652227871411986,1,9083.181818181818,1
Ford,Mustang Mach-E GT,2022,7661.0,Gasoline,Electric,1-Speed Automatic,Star White,Black Onyx,None reported,Yes,49599.0,4,6.473375097885669,0,1532.2,0
Chevrolet,Tahoe LTZ,2007,177000.0,E85 Flex Fuel,320.0HP 5.3L 8 Cylinder Engine Flex Fuel Capability,4-Speed A/T,Gold,Beige,At least 1 accident or damage reported,Yes,10750.0,19,0.06073412014621386,0,8850.0,1
Nissan,Xterra S,2008,100900.0,Gasoline,261.0HP 4.0L V6 Cylinder Engine Gasoline Fuel,A/T,Black,Gray,None reported,Yes,6999.0,18,0.06936502115935422,0,5310.526315789473,0
INFINITI,Q60 3.0T Premium,2017,107380.0,Gasoline,300.0HP 3.0L V6 Cylinder Engine Gasoline Fuel,7-Speed A/T,Black,Gray,At least 1 accident or damage reported,Yes,17500.0,9,0.16297110289529806,0,10738.0,1
Ford,F-150 Raptor,2021,32957.0,Gasoline,3.5L V6 24V PDI DOHC Twin Turbo,10-Speed Automatic,Oxford White,Black,None reported,Yes,77900.0,5,2.36361429698404,0,5492.833333333333,0
Acura,TLX Base,2016,45000.0,Gasoline,206.0HP 2.4L 4 Cylinder Engine Gasoline Fuel,A/T,Gray,Blue,None reported,Yes,16500.0,10,0.36665851869958443,0,4090.909090909091,0
Nissan,Frontier SV,2013,67000.0,Gasoline,261.0HP 4.0L V6 Cylinder Engine Gasoline Fuel,5-Speed A/T,Blue,Gray,None reported,Yes,15500.0,13,0.2313398307487948,0,4785.714285714285,0
Chevrolet,Camaro 1SS,2021,12600.0,Gasoline,455.0HP 6.2L 8 Cylinder Engine Gasoline Fuel,6-Speed M/T,Gray,Black,None reported,Yes,47000.0,5,3.729862709308785,0,2100.0,0
Porsche,Panamera 4,2018,24882.0,Gasoline,330.0HP 3.0L V6 Cylinder Engine Gasoline Fuel,Transmission w/Dual Shift Mode,White,Black,None reported,Yes,59800.0,8,2.403247196881405,1,2764.6666666666665,0
Acura,TLX PMC Edition,2020,6900.0,Gasoline,290.0HP 3.5L V6 Cylinder Engine Gasoline Fuel,9-Speed A/T,Red,Black,None reported,Yes,43500.0,6,6.303434284886248,0,985.7142857142857,0
Kia,Sorento EX V6,2019,66075.0,Gasoline,3.3L V6 24V GDI DOHC,8-Speed Automatic,Titanium Silver,Satin Black,None reported,Yes,23754.0,7,0.3594951268236576,0,8259.375,0
Hyundai,Palisade SEL,2021,68050.0,Gasoline,291.0HP 3.8L V6 Cylinder Engine Gasoline Fuel,8-Speed A/T,Black,Black,None reported,Yes,29600.0,5,0.4349678917282626,0,11341.666666666666,0
Ford,F-250 Lariat,2017,128000.0,Diesel,440.0HP 6.7L 8 Cylinder Engine Diesel Fuel,6-Speed A/T,Gray,Black,None reported,Yes,50000.0,9,0.3906219482660292,0,12800.0,0
BMW,430 i,2021,9472.0,Gasoline,255.0HP 2.0L 4 Cylinder Engine Gasoline Fuel,A/T,White,Blue,None reported,Yes,51000.0,5,5.38372215771139,1,1578.6666666666667,0
Mitsubishi,Lancer GTS,2009,185963.0,Gasoline,168.0HP 2.4L 4 Cylinder Engine Gasoline Fuel,CVT Transmission,Orange,Gray,At least 1 accident or damage reported,Yes,5100.0,17,0.027424662837968638,0,10331.277777777777,1
Nissan,NV200 S,2019,52000.0,Gasoline,131.0HP 2.0L 4 Cylinder Engine Gasoline Fuel,CVT Transmission,Black,Gray,At least 1 accident or damage reported,Yes,19500.0,7,0.37499278860021923,0,6500.0,1
Buick,Enclave Leather,2015,68653.0,Gasoline,288.0HP 3.6L V6 Cylinder Engine Gasoline Fuel,6-Speed A/T,Blue,Black,At least 1 accident or damage reported,Yes,18950.0,11,0.2760217904273604,0,5721.083333333333,1
Lexus,RX 330 Base,2004,151896.0,Gasoline,230.0HP 3.3L V6 Cylinder Engine Gasoline Fuel,A/T,Silver,Gray,None reported,Yes,7900.0,22,0.05200892710191775,1,6604.173913043478,0
Lexus,RX 450h F Sport,2019,43671.0,Hybrid,3.5L V6 24V PDI DOHC Hybrid,Automatic CVT,Caviar,Rioja Red,None reported,Yes,44950.0,7,1.0292636013921963,1,5458.875,0
Ford,F-250 Lariat,2017,72128.0,E85 Flex Fuel,6.2L V8 16V MPFI SOHC Flexible Fuel,6-Speed Automatic,White,Camel,None reported,Yes,45985.0,9,0.6375382994357331,0,7212.8,0
Kia,Forte Koup EX,2013,134207.0,Gasoline,156.0HP 2.0L 4 Cylinder Engine Gasoline Fuel,A/T,Black,–,At least 1 accident or damage reported,Yes,5500.0,13,0.040981163567000475,0,9586.214285714286,1
GMC,Terrain SLE,2020,26470.0,Gasoline,1.5L I4 16V GDI DOHC Turbo,9-Speed Automatic,Summit White,Jet Black,None reported,Yes,29900.0,6,1.1295379849646783,0,3781.4285714285716,0
Porsche,Macan Base,2018,82300.0,Gasoline,252.0HP 2.0L 4 Cylinder Engine Gasoline Fuel,7-Speed A/T,Black,Black,None reported,Yes,35000.0,8,0.4252682227433445,1,9144.444444444445,0
Lexus,RC 350 Base,2015,124000.0,Gasoline,306.0HP 3.5L V6 Cylinder Engine Gasoline Fuel,Transmission w/Dual Shift Mode,Blue,Blue,None reported,Yes,24000.0,11,0.1935468262352723,1,10333.333333333334,0
Audi,S4 3.0T Premium Plus,2020,23823.0,Gasoline,3.0L V6 24V GDI DOHC Turbo,8-Speed Automatic,Tango Red Metallic,Black,None reported,Yes,49995.0,6,2.0985141034251176,1,3403.285714285714,0
GMC,Yukon SLT,2002,222600.0,Gasoline,275.0HP 4.8L 8 Cylinder Engine Gasoline Fuel,4-Speed A/T,Gray,Beige,None reported,Yes,4999.0,24,0.022457221665670865,0,8904.0,0
Lamborghini,Urus Base,2021,9500.0,Gasoline,641.0HP 4.0L 8 Cylinder Engine Gasoline Fuel,A/T,White,Black,None reported,Yes,279900.0,5,29.460056836122515,0,1583.3333333333333,0
INFINITI,QX60 Base,2014,154247.0,Gasoline,265.0HP 3.5L V6 Cylinder Engine Gasoline Fuel,A/T,Black,Black,At least 1 accident or damage reported,Yes,12500.0,12,0.0810383278875577,0,11865.153846153846,1
Chevrolet,Silverado 2500 LTZ H/D Extended Cab,2008,128000.0,Gasoline,353.0HP 6.0L 8 Cylinder Engine Gasoline Fuel,6-Speed A/T,Beige,Black,None reported,Yes,23500.0,18,0.1835923156850337,0,6736.8421052631575,0
Maserati,GranTurismo Base,2008,70000.0,Gasoline,405.0HP 4.2L 8 Cylinder Engine Gasoline Fuel,A/T,Blue,Brown,At least 1 accident or damage reported,Yes,13000.0,18,0.18571163269096155,1,3684.2105263157896,1
Acura,Integra GS-R,1995,123000.0,–,–,5-Speed M/T,White,Blue,None reported,Yes,10999.0,31,0.0894220372192096,0,3843.75,0
BMW,X6 M Base,2016,52375.0,Gasoline,567.0HP 4.4L 8 Cylinder Engine Gasoline Fuel,8-Speed A/T,White,Brown,At least 1 accident or damage reported,Yes,48600.0,10,0.9279059111043226,1,4761.363636363636,1
Chrysler,300 S,2016,100574.0,Gasoline,300.0HP 3.6L V6 Cylinder Engine Gasoline Fuel,8-Speed A/T,Black,Black,At least 1 accident or damage reported,Yes,17500.0,10,0.17399950285856325,0,9143.09090909091,1
Chrysler,300 Base,2014,85000.0,Gasoline,292.0HP 3.6L V6 Cylinder Engine Gasoline Fuel,8-Speed A/T,White,–,At least 1 accident or damage reported,Yes,11250.0,12,0.13235138410136352,0,6538.461538461538,1
Acura,RDX w/A-Spec Package,2023,3959.0,Gasoline,2.0 Liter DOHC Turbo,Automatic,White,Black,None reported,Yes,48998.0,3,12.373232323232322,0,989.75,0
Chevrolet,Corvette Stingray w/1LT,2021,10400.0,Gasoline,490.0HP 6.2L 8 Cylinder Engine Gasoline Fuel,8-Speed A/T,Silver,Black,None reported,Yes,72900.0,5,7.008941447937699,0,1733.3333333333333,0
Chevrolet,Camaro 1SS,2019,19200.0,Gasoline,455.0HP 6.2L 8 Cylinder Engine Gasoline Fuel,6-Speed M/T,Orange,Black,None reported,Yes,41500.0,7,2.161345763241498,0,2400.0,0
Mercedes-Benz,E-Class E 350 4MATIC,2013,81000.0,Gasoline,302.0HP 3.5L V6 Cylinder Engine Gasoline Fuel,A/T,Gray,Beige,At least 1 accident or damage reported,Yes,13000.0,13,0.16049184577968173,1,5785.714285714285,1
Ford,F-150 Raptor,2022,17451.0,Gasoline,3.5L V6 24V PDI DOHC Twin Turbo,10-Speed Automatic,Oxford White,Rhapsody Blue,None reported,Yes,77900.0,4,4.463671785468714,0,3490.2,0
Nissan,Versa 1.8 S,2011,165000.0,Gasoline,122.0HP 1.8L 4 Cylinder Engine Gasoline Fuel,A/T,Black,–,None reported,Yes,4000.0,15,0.024242277319531397,0,10312.5,0
BMW,M3 CS,2024,124.0,Gasoline,543.0HP 3.0L Straight 6 Cylinder Engine Gasoline Fuel,Transmission w/Dual Shift Mode,Green,Black,None reported,Yes,145000.0,2,1160.0,1,41.333333333333336,0
Hyundai,Accent GLS,2013,117500.0,Gasoline,138.0HP 1.6L 4 Cylinder Engine Gasoline Fuel,6-Speed A/T,Silver,Gray,At least 1 accident or damage reported,Yes,6500.0,13,0.055318678138909456,0,8392.857142857143,1
Mercedes-Benz,S-Class S 450 4MATIC,2018,72500.0,Gasoline,362.0HP 3.0L V6 Cylinder Engine Gasoline Fuel,A/T,Black,Black,None reported,Yes,60000.0,8,0.8275747920718335,1,8055.555555555556,0
Porsche,911 GT3,2023,265.0,Gasoline,4.0L H6 24V GDI DOHC,6-Speed Manual,Black,Gray,None reported,Yes,279950.0,3,1052.4436090225563,1,66.25,0
Mercedes-Benz,AMG GT 63 S 4-Door,2020,21214.0,Gasoline,4.0L V8 32V GDI DOHC Twin Turbo,9-Speed Automatic,Obsidian Black Metallic,Black,None reported,Yes,117900.0,6,5.557388640113127,1,3030.5714285714284,0
Audi,Q5 3.0 TDI Premium Plus,2014,55564.0,Diesel,240.0HP 3.0L V6 Cylinder Engine Diesel Fuel,8-Speed A/T,Black,Black,At least 1 accident or damage reported,Yes,22500.0,12,0.4049311617025106,1,4274.153846153846,1
Cadillac,LYRIQ Luxury,2023,1090.0,Gasoline,500.0HP Electric Motor Electric Fuel System,A/T,Gray,Silver,None reported,Yes,68750.0,3,63.01558203483043,0,272.5,0
Volvo,XC60 T5 R-Design,2019,43500.0,Gasoline,250.0HP 2.0L 4 Cylinder Engine Gasoline Fuel,Transmission w/Dual Shift Mode,Gray,Black,None reported,Yes,30000.0,7,0.6896393186363532,0,5437.5,0
Mercedes-Benz,AMG GT 53 Base,2019,35000.0,Hybrid,429.0HP 3.0L Straight 6 Cylinder Engine Gasoline/Mild Electric Hybrid,Transmission w/Dual Shift Mode,Black,Black,None reported,Yes,83000.0,7,2.3713608182623354,1,4375.0,0
GMC,Yukon SLT,2017,92031.0,Gasoline,355.0HP 5.3L 8 Cylinder Engine Gasoline Fuel,A/T,White,Beige,At least 1 accident or damage reported,Yes,30000.0,9,0.32597357440890123,0,9203.1,1
Lexus,GS 350 Base,2016,128032.0,Gasoline,311.0HP 3.5L V6 Cylinder Engine Gasoline Fuel,Transmission w/Dual Shift Mode,Silver,Black,None reported,Yes,18000.0,10,0.14058875446174032,1,11639.272727272728,0
Jaguar,XF 25t Premium,2018,18800.0,Gasoline,247.0HP 2.0L 4 Cylinder Engine Gasoline Fuel,8-Speed A/T,White,White,None reported,Yes,26000.0,8,1.3829051646189032,0,2088.8888888888887,0
BMW,M8 Gran Coupe Competition,2023,2900.0,Gasoline,617.0HP 4.4L 8 Cylinder Engine Gasoline Fuel,8-Speed A/T,Green,Gray,None reported,Yes,117500.0,3,40.50327473285074,1,725.0,0
Honda,Ridgeline Black Edition,2017,91600.0,Gasoline,280.0HP 3.5L V6 Cylinder Engine Gasoline Fuel,6-Speed A/T,Black,Black,None reported,Yes,26000.0,9,0.283839696073187,0,9160.0,0
Toyota,4Runner SR5,2019,91843.0,Gasoline,270.0HP 4.0L V6 Cylinder Engine Gasoline Fuel,5-Speed A/T,Blue,Black,At least 1 accident or damage reported,Yes,30500.0,7,0.3320848395104743,0,11480.375,1
Ford,Bronco Sport Outer Banks,2021,28105.0,Gasoline,1.5L I3 12V PDI DOHC Turbo,8-Speed Automatic,Kodiak Brown Metallic,Ebony,None reported,Yes,32455.0,5,1.154735643634811,0,4684.166666666667,0
Dodge,Charger R/T 392,2017,73350.0,Gasoline,485.0HP 6.4L 8 Cylinder Engine Gasoline Fuel,8-Speed A/T,Gray,Red,None reported,Yes,37000.0,9,0.5044239342340254,0,7335.0,0
Mercedes-Benz,GLC 300 GLC 300,2022,11875.0,Gasoline,2.0 Liter Turbo,Automatic,Black,Black,None reported,Yes,41598.0,4,3.5026945099360054,1,2375.0,0
Tesla,Model S P100D,2018,47000.0,Gasoline,518.0HP Electric Motor Electric Fuel System,A/T,Black,Black,None reported,Yes,49900.0,8,1.0616795387332185,0,5222.222222222223,0
INFINITI,Q50 3.0t Signature Edition,2017,67000.0,Gasoline,300.0HP 3.0L V6 Cylinder Engine Gasoline Fuel,Transmission w/Dual Shift Mode,Black,Black,None reported,Yes,23000.0,9,0.3432784585304697,0,6700.0,0
BMW,340 i,2016,117660.0,Gasoline,320.0HP 3.0L Straight 6 Cylinder Engine Gasoline Fuel,8-Speed A/T,White,Black,At least 1 accident or damage reported,Yes,19500.0,10,0.16573036095222715,1,10696.363636363636,1
Pontiac,Firebird Trans Am,2001,71448.0,Gasoline,200.0HP 3.8L V6 Cylinder Engine Gasoline Fuel,4-Speed A/T,Gray,Black,None reported,Yes,10500.0,25,0.14695797002057412,0,2748.0,0
Nissan,NV Passenger NV3500 HD SV V8,2015,86000.0,Gasoline,317.0HP 5.6L 8 Cylinder Engine Gasoline Fuel,A/T,Silver,Gray,None reported,Yes,29500.0,11,0.34301926721782305,0,7166.666666666667,0
Lexus,ES 350 Base,2020,15324.0,Gasoline,3.5L V6 24V PDI DOHC,8-Speed Automatic,Black,Black,At least 1 accident or damage reported,Yes,33364.0,6,2.1770962479608484,1,2189.1428571428573,1
BMW,135 is,2013,29400.0,Gasoline,320.0HP 3.0L Straight 6 Cylinder Engine Gasoline Fuel,6-Speed M/T,White,Beige,None reported,Yes,29000.0,13,0.9863610081289752,1,2100.0,0
Lexus,IS 300 Base,2017,68871.0,Gasoline,255.0HP 3.5L V6 Cylinder Engine Gasoline Fuel,6-Speed A/T,Silver,Red,None reported,Yes,28450.0,9,0.41308514345452435,1,6887.1,0
Porsche,Cayenne S,2012,126000.0,Gasoline,400.0HP 4.8L 8 Cylinder Engine Gasoline Fuel,Transmission w/Dual Shift Mode,Silver,Gray,None reported,Yes,17999.0,14,0.14284807263434418,1,8400.0,0
Pontiac,Solstice GXP,2007,25718.0,Gasoline,260.0HP 2.0L 4 Cylinder Engine Gasoline Fuel,M/T,Yellow,Black,None reported,Yes,17900.0,19,0.69598351413352,0,1285.9,0
Porsche,Panamera Turbo,2015,67210.0,Gasoline,520.0HP 4.8L 8 Cylinder Engine Gasoline Fuel,Transmission w/Dual Shift Mode,Blue,Beige,At least 1 accident or damage reported,Yes,51950.0,11,0.7729389534451205,1,5600.833333333333,1
BMW,X6 xDrive35i,2018,27214.0,Gasoline,300.0HP 3.0L Straight 6 Cylinder Engine Gasoline Fuel,Transmission w/Dual Shift Mode,Black,Black,At least 1 accident or damage reported,Yes,40950.0,8,1.5046849164063936,1,3023.777777777778,1
Ford,F-150 Limited,2019,42728.0,Gasoline,450.0HP 3.5L V6 Cylinder Engine Gasoline Fuel,Transmission w/Dual Shift Mode,Black,Brown,None reported,Yes,45950.0,7,1.0753820590231458,0,5341.0,0
MINI,Cooper S Base,2010,97395.0,Gasoline,172.0HP 1.6L 4 Cylinder Engine Gasoline Fuel,6-Speed M/T,Yellow,Black,None reported,Yes,6699.0,16,0.06878105877038071,0,5729.117647058823,0
Mazda,Mazda3 i SV,2015,91700.0,Gasoline,155.0HP 2.0L 4 Cylinder Engine Gasoline Fuel,A/T,Red,Black,None reported,Yes,12000.0,11,0.13086007786174633,0,7641.666666666667,0
Mitsubishi,Lancer Evolution MR,2011,94500.0,Gasoline,291.0HP 2.0L 4 Cylinder Engine Gasoline Fuel,Transmission w/Dual Shift Mode,White,Black,None reported,Yes,27000.0,15,0.2857112623146845,0,5906.25,0
Chevrolet,Tahoe LTZ,2014,196300.0,E85 Flex Fuel,320.0HP 5.3L 8 Cylinder Engine Flex Fuel Capability,6-Speed A/T,Black,Black,None reported,Yes,10995.0,12,0.056010922002435036,0,15100.0,0
Cadillac,CTS 3.6L Luxury,2015,54259.0,Gasoline,3.6L V6 24V GDI DOHC,8-Speed Automatic,Majestic Plum Metallic,Light Platinum / Jet Black,None reported,Yes,19425.0,11,0.3579985256173977,0,4521.583333333333,0
Acura,RDX w/Advance Package,2021,36267.0,Gasoline,2.0 Liter Turbo,Automatic,White,Parchment,None reported,Yes,39798.0,5,1.0973309804786588,0,6044.5,0
Land,Rover Range Rover Sport Supercharged HSE,2015,175000.0,Gasoline,340.0HP 3.0L V6 Cylinder Engine Gasoline Fuel,A/T,Black,Black,None reported,Yes,19500.0,11,0.11142793469751601,1,14583.333333333334,0
Chevrolet,Suburban 1500 LTZ,2015,159000.0,Gasoline,355.0HP 5.3L 8 Cylinder Engine Gasoline Fuel,6-Speed A/T,White,Beige,At least 1 accident or damage reported,Yes,26900.0,11,0.16918132590361068,0,13250.0,1
Chevrolet,Camaro 2SS,2016,74000.0,Gasoline,455.0HP 6.2L 8 Cylinder Engine Gasoline Fuel,8-Speed A/T,Black,Black,None reported,Yes,32000.0,10,0.43242658882988066,0,6727.272727272727,0
Chevrolet,Silverado 1500 Hybrid 1HY,2011,82963.0,Hybrid,332.0HP 6.0L 8 Cylinder Engine Gas/Electric Hybrid,4-Speed A/T,White,Black,None reported,Yes,20995.0,15,0.2530615688732462,0,5185.1875,0
Cadillac,XT5 Luxury,2019,54323.0,Gasoline,3.6 Liter DOHC,Automatic,Red,Beige,None reported,Yes,27998.0,7,0.5153891466018703,0,6790.375,0
Nissan,Armada SL,2019,59980.0,Gasoline,390.0HP 5.6L 8 Cylinder Engine Gasoline Fuel,7-Speed A/T,Silver,Black,None reported,Yes,29000.0,7,0.4834864373718344,0,7497.5,0
Audi,Q5 S line Premium,2022,10120.0,Hybrid,2.0 Liter TFSI,Automatic,Navarre Blue,Gray,None reported,Yes,39998.0,4,3.9519810295425355,1,2024.0,0
BMW,X6 M Base,2017,25000.0,Gasoline,567.0HP 4.4L 8 Cylinder Engine Gasoline Fuel,Transmission w/Dual Shift Mode,White,Red,At least 1 accident or damage reported,Yes,65000.0,9,2.5998960041598336,1,2500.0,1
BMW,740 i,2012,126000.0,Gasoline,326.0HP 3.0L Straight 6 Cylinder Engine Gasoline Fuel,A/T,Black,Black,At least 1 accident or damage reported,Yes,12700.0,14,0.10079285085039008,1,8400.0,1
Toyota,Sequoia TRD Pro,2020,37428.0,Gasoline,381.0HP 5.7L 8 Cylinder Engine Gasoline Fuel,6-Speed A/T,White,Black,None reported,Yes,61599.0,6,1.6457559646263593,0,5346.857142857143,0
Volkswagen,Jetta GLI,2014,99499.0,Gasoline,210.0HP 2.0L 4 Cylinder Engine Gasoline Fuel,Transmission w/Dual Shift Mode,Black,Black,At least 1 accident or damage reported,Yes,15000.0,12,0.1507537688442211,0,7653.7692307692305,1
Honda,Crosstour EX-L,2012,90742.0,Gasoline,192.0HP 2.4L 4 Cylinder Engine Gasoline Fuel,A/T,Gray,Gray,None reported,Yes,12980.0,14,0.14304133652182538,0,6049.466666666666,0
Land,Rover Range Rover Sport Supercharged,2014,125000.0,E85 Flex Fuel,510.0HP 5.0L 8 Cylinder Engine Flex Fuel Capability,8-Speed A/T,White,Brown,At least 1 accident or damage reported,Yes,22500.0,12,0.1799985600115199,1,9615.384615384615,1
Hyundai,Santa Fe Sport 2.0L Turbo Ultimate,2018,71669.0,Gasoline,240.0HP 2.0L 4 Cylinder Engine Gasoline Fuel,A/T,Blue,Black,None reported,Yes,20000.0,8,0.27905678805636946,0,7963.222222222223,0
Cadillac,XT5 Luxury,2019,44692.0,Gasoline,3.6L V6 24V GDI DOHC,8-Speed Automatic,Bronze Dune Metallic,Shara Beige,None reported,Yes,32368.0,7,0.7242297451502473,0,5586.5,0
Jaguar,F-TYPE R,2018,16002.0,Gasoline,550.0HP 5.0L 8 Cylinder Engine Gasoline Fuel,8-Speed A/T,Black,Red,None reported,Yes,74900.0,8,4.680372430169343,0,1778.0,0
Toyota,FJ Cruiser Base,2014,86000.0,Gasoline,260.0HP 4.0L V6 Cylinder Engine Gasoline Fuel,5-Speed A/T,Blue,Black,None reported,Yes,41500.0,12,0.4825525284589714,0,6615.384615384615,0
Toyota,Tundra SR5,2019,56000.0,Gasoline,381.0HP 5.7L 8 Cylinder Engine Gasoline Fuel,6-Speed A/T,Blue,Black,None reported,Yes,42000.0,7,0.7499866073820111,0,7000.0,0
Nissan,300ZX Base,1993,168000.0,–,–,5-Speed M/T,White,Black,None reported,Yes,7000.0,33,0.04166641865226993,0,4941.176470588235,0
RAM,1500 Sport,2017,41789.0,Gasoline,395.0HP 5.7L 8 Cylinder Engine Gasoline Fuel,A/T,Green,Black,At least 1 accident or damage reported,Yes,42500.0,9,1.0169897104570471,0,4178.9,1
Ford,Focus SE,2014,60109.0,E85 Flex Fuel,160.0HP 2.0L 4 Cylinder Engine Flex Fuel Capability,6-Speed A/T,Gray,Black,None reported,Yes,9499.0,12,0.15802695059058394,0,4623.7692307692305,0
Mercedes-Benz,GLE 350 Base 4MATIC,2020,48000.0,Gasoline,255.0HP 2.0L 4 Cylinder Engine Gasoline Fuel,A/T,Black,Black,None reported,Yes,49995.0,6,1.0415408012333076,1,6857.142857142857,0
Acura,TL Type S,2008,122000.0,Gasoline,286.0HP 3.5L V6 Cylinder Engine Gasoline Fuel,Transmission w/Dual Shift Mode,Gray,Beige,None reported,Yes,11500.0,18,0.09426152244653732,0,6421.0526315789475,0
Land,Rover Range Rover HSE,2012,102800.0,Gasoline,385.0HP 5.0L 8 Cylinder Engine Gasoline Fuel,A/T,Gold,Brown,None reported,Yes,16000.0,14,0.1556405093335668,1,6853.333333333333,0
MINI,Convertible Cooper,2022,15544.0,Gasoline,134.0HP 1.5L 3 Cylinder Engine Gasoline Fuel,A/T,Blue,Brown,None reported,Yes,28000.0,4,1.801222257960759,0,3108.8,0
Mazda,CX-9 Signature,2019,69771.0,Gasoline,227.0HP 2.5L 4 Cylinder Engine Gasoline Fuel,A/T,Black,Red,None reported,Yes,27500.0,7,0.39414091612681307,0,8721.375,0
Acura,TLX Tech,2023,2118.0,Gasoline,2.0 Liter DOHC Turbo,Automatic,Red,Black,None reported,Yes,41998.0,3,19.819726285983954,0,529.5,0
Ford,F-150 Raptor,2021,28260.0,Gasoline,450.0HP 3.5L V6 Cylinder Engine Gasoline Fuel,10-Speed A/T,Blue,Blue,None reported,Yes,72950.0,5,2.581295778634868,0,4710.0,0
Honda,Civic Si Base,2020,6025.0,Gasoline,205.0HP 1.5L 4 Cylinder Engine Gasoline Fuel,6-Speed M/T,Gray,Gray,None reported,Yes,27500.0,6,4.563557915698639,0,860.7142857142857,0
Hyundai,Elantra SE,2018,32697.0,Gasoline,147.0HP 2.0L 4 Cylinder Engine Gasoline Fuel,6-Speed A/T,Gray,Gray,At least 1 accident or damage reported,Yes,15900.0,8,0.48626827328888617,0,3633.0,1
Ford,Excursion Limited,2001,239000.0,Gasoline,310.0HP 6.8L 10 Cylinder Engine Gasoline Fuel,A/T,White,–,None reported,Yes,8000.0,25,0.03347266329429584,0,9192.307692307691,0
Jaguar,F-TYPE S British Design Edition,2017,34150.0,Gasoline,380.0HP 3.0L V6 Cylinder Engine Gasoline Fuel,8-Speed A/T,Black,Black,None reported,Yes,45999.0,9,1.3469298117185442,0,3415.0,0
Honda,Ridgeline RTL-E,2022,9642.0,Gasoline,3.5L V6 24V GDI SOHC,9-Speed Automatic,Radiant Red Metallic II,Black,None reported,Yes,38999.0,4,4.044280825469253,0,1928.4,0
Pontiac,G6 GTP,2006,100545.0,Gasoline,201.0HP 3.5L V6 Cylinder Engine Gasoline Fuel,4-Speed A/T,Gray,Black,None reported,Yes,5995.0,20,0.05962445050026853,0,4787.857142857143,0
Mercedes-Benz,C-Class C300 4MATIC,2021,11111.0,Gasoline,2.0 Liter Turbo,Automatic,Gray,Black,None reported,Yes,38998.0,5,3.509539236861051,1,1851.8333333333333,0
Toyota,FJ Cruiser Base,2007,162000.0,Gasoline,239.0HP 4.0L V6 Cylinder Engine Gasoline Fuel,5-Speed A/T,Black,Black,None reported,Yes,23977.0,19,0.1480052592267949,0,8100.0,0
Buick,Enclave Premium,2020,87555.0,Gasoline,3.6L V6 24V GDI DOHC,9-Speed Automatic,Dark Moon Blue Metallic,Dark Galvanized,At least 1 accident or damage reported,Yes,31650.0,6,0.36148293663483944,0,12507.857142857143,1
Chevrolet,Tahoe LTZ,2015,102200.0,Gasoline,355.0HP 5.3L 8 Cylinder Engine Gasoline Fuel,A/T,Silver,Black,None reported,Yes,25000.0,11,0.24461600180037377,0,8516.666666666666,0
Bentley,Continental GTC V8,2013,18950.0,Gasoline,500.0HP 4.0L 8 Cylinder Engine Gasoline Fuel,Transmission w/Dual Shift Mode,White,Black,None reported,Yes,77999.0,13,4.115825022426257,1,1353.5714285714287,0
Mercedes-Benz,SLK-Class SLK 350,2015,16000.0,Gasoline,302.0HP 3.5L V6 Cylinder Engine Gasoline Fuel,7-Speed A/T,White,Red,At least 1 accident or damage reported,Yes,30500.0,11,1.9061308668208237,1,1333.3333333333333,1
Cadillac,Escalade Premium Luxury,2022,19250.0,Gasoline,420.0HP 6.2L 8 Cylinder Engine Gasoline Fuel,10-Speed A/T,Black,Black,None reported,Yes,86999.0,4,4.519193808113864,0,3850.0,0
BMW,535 i xDrive,2015,65000.0,Gasoline,300.0HP 3.0L Straight 6 Cylinder Engine Gasoline Fuel,Transmission w/Dual Shift Mode,Silver,Black,None reported,Yes,24995.0,11,0.3845325456531438,1,5416.666666666667,0
MINI,Cooper S Base,2007,110022.0,Gasoline,172.0HP 1.6L 4 Cylinder Engine Gasoline Fuel,6-Speed M/T,Silver,Black,None reported,Yes,6250.0,19,0.056806304136407845,0,5501.1,0
Bentley,Continental GT Base,2012,79089.0,E85 Flex Fuel,567.0HP 6.0L 12 Cylinder Engine Flex Fuel Capability,A/T,White,Beige,None reported,Yes,46999.0,14,0.594247060311038,1,5272.6,0
Lexus,GX 460 Premium,2023,2533.0,Gasoline,301.0HP 4.6L 8 Cylinder Engine Gasoline Fuel,A/T,Black,Black,None reported,Yes,64900.0,3,25.611681136543016,1,633.25,0
Audi,Q7 3.0T Premium Plus,2014,96273.0,Gasoline,280.0HP 3.0L V6 Cylinder Engine Gasoline Fuel,8-Speed A/T,Silver,Black,At least 1 accident or damage reported,Yes,15495.0,12,0.16094688077778008,1,7405.615384615385,1
Cadillac,CT6 Luxury,2020,22187.0,Gasoline,3.6L V6 24V GDI DOHC,10-Speed Automatic,Manhattan Noir Metallic,Shara Beige,At least 1 accident or damage reported,Yes,45480.0,6,2.0497566252028125,0,3169.5714285714284,1
GMC,Sierra 1500 SL Crew Cab,2009,137000.0,Gasoline,295.0HP 4.8L 8 Cylinder Engine Gasoline Fuel,A/T,Red,–,None reported,Yes,20000.0,17,0.14598433588075999,0,7611.111111111111,0
Nissan,GT-R Premium,2009,60747.0,Gasoline,480.0HP 3.8L V6 Cylinder Engine Gasoline Fuel,6-Speed A/T,White,–,At least 1 accident or damage reported,Yes,71999.0,17,1.1852077434648054,0,3374.8333333333335,1
Dodge,Ram 1500 ST,2007,36500.0,Gasoline,210.0HP 3.7L V6 Cylinder Engine Gasoline Fuel,A/T,Blue,Gray,None reported,Yes,16000.0,19,0.4383441549546588,0,1825.0,0
Ford,Bronco Outer Banks,2021,19590.0,Gasoline,315.0HP 2.7L V6 Cylinder Engine Gasoline Fuel,10-Speed A/T,Blue,Gray,None reported,Yes,54999.0,5,2.80736052268899,0,3265.0,0
Nissan,GT-R Black Edition,2015,16850.0,Gasoline,545.0HP 3.8L V6 Cylinder Engine Gasoline Fuel,Transmission w/Dual Shift Mode,White,Black,None reported,Yes,95000.0,11,5.637647617352086,0,1404.1666666666667,0
Cadillac,Escalade ESV Sport,2021,4500.0,Gasoline,420.0HP 6.2L 8 Cylinder Engine Gasoline Fuel,10-Speed A/T,White,Beige,None reported,Yes,105000.0,5,23.32814930015552,0,750.0,0
Chevrolet,Cruze LT,2012,194000.0,Gasoline,138.0HP 1.4L 4 Cylinder Engine Gasoline Fuel,6-Speed A/T,Gray,White,At least 1 accident or damage reported,Yes,4900.0,14,0.025257601764939356,0,12933.333333333334,1
Lexus,GX 460 Base,2020,48210.0,Gasoline,4.6L V8 32V MPFI DOHC,6-Speed Automatic,Nebula Gray Pearl,Rioja Red,At least 1 accident or damage reported,Yes,47449.0,6,0.9841944784385306,1,6887.142857142857,1
BMW,750 i,2018,81500.0,Gasoline,445.0HP 4.4L 8 Cylinder Engine Gasoline Fuel,8-Speed A/T,White,White,None reported,Yes,41250.0,8,0.5061287591563294,1,9055.555555555555,0
Ford,F-150 XLT,2021,77107.0,Gasoline,3.5L V6 24V PDI DOHC Twin Turbo,10-Speed Automatic,Agate Black Metallic,Black,None reported,Yes,39995.0,5,0.5186880738704155,0,12851.166666666666,0
BMW,535 i xDrive,2015,58664.0,Gasoline,300.0HP 3.0L Straight 6 Cylinder Engine Gasoline Fuel,8-Speed A/T,Blue,Gray,At least 1 accident or damage reported,Yes,20950.0,11,0.3571124179664195,1,4888.666666666667,1
Mitsubishi,Montero Limited,2004,145000.0,Gasoline,215.0HP 3.8L V6 Cylinder Engine Gasoline Fuel,A/T,Silver,Black,None reported,Yes,8950.0,22,0.06172371225026034,0,6304.347826086957,0
Lexus,LS 500 F Sport,2018,15055.0,Gasoline,416.0HP 3.5L V6 Cylinder Engine Gasoline Fuel,A/T,White,Black,None reported,Yes,59000.0,8,3.918703506907545,1,1672.7777777777778,0
Tesla,Model S 85D,2015,67647.0,Gasoline,422.0HP Electric Motor Electric Fuel System,1-Speed A/T,Blue,Beige,None reported,Yes,28000.0,11,0.4139072847682119,0,5637.25,0
Lexus,LC 500 Base,2021,915.0,Gasoline,471.0HP 5.0L 8 Cylinder Engine Gasoline Fuel,10-Speed A/T,Blue,White,None reported,Yes,159000.0,5,173.58078602620088,1,152.5,0
Mazda,MX-5 Miata Shinsen,2003,46873.0,Gasoline,142.0HP 1.8L 4 Cylinder Engine Gasoline Fuel,5-Speed M/T,Gray,Blue,None reported,Yes,11500.0,23,0.24533856722276742,0,1953.0416666666667,0
Cadillac,Escalade ESV Premium Luxury,2021,53169.0,Gasoline,420.0HP 6.2L 8 Cylinder Engine Gasoline Fuel,A/T,Black,Black,None reported,Yes,81500.0,5,1.5328192589806282,0,8861.5,0
Lexus,GX 460 Premium,2022,35700.0,Gasoline,301.0HP 4.6L 8 Cylinder Engine Gasoline Fuel,A/T,Silver,Gray,At least 1 accident or damage reported,Yes,51900.0,4,1.4537407915744658,1,7140.0,1
Nissan,Pathfinder Platinum,2014,112600.0,Gasoline,260.0HP 3.5L V6 Cylinder Engine Gasoline Fuel,CVT Transmission,Black,Black,At least 1 accident or damage reported,Yes,13000.0,12,0.1154519054004849,0,8661.538461538461,1
GMC,Yukon SLE,2015,112552.0,Gasoline,5.3L V8 16V GDI OHV,6-Speed Automatic,Onyx Black,Jet Black,At least 1 accident or damage reported,Yes,24440.0,11,0.21714214636660062,0,9379.333333333334,1
BMW,M3 Base,2003,127273.0,Gasoline,333.0HP 3.2L Straight 6 Cylinder Engine Gasoline Fuel,6-Speed M/T,Silver,Black,None reported,Yes,15000.0,23,0.11785596429749988,1,5303.041666666667,0
Lexus,IS 250 Base,2007,189887.0,Gasoline,204.0HP 2.5L V6 Cylinder Engine Gasoline Fuel,A/T,White,–,At least 1 accident or damage reported,Yes,3995.0,19,0.021038717559824737,1,9494.35,1
BMW,640 i,2012,76465.0,Gasoline,315.0HP 3.0L Straight 6 Cylinder Engine Gasoline Fuel,8-Speed A/T,White,Beige,At least 1 accident or damage reported,Yes,22500.0,14,0.2942484241362174,1,5097.666666666667,1
Mitsubishi,Eclipse Spyder GT,2007,136400.0,Gasoline,260.0HP 3.8L V6 Cylinder Engine Gasoline Fuel,5-Speed A/T,Red,Gray,At least 1 accident or damage reported,Yes,6750.0,19,0.04948644071524402,0,6820.0,1
Ford,Thunderbird Deluxe,2004,79635.0,Gasoline,280.0HP 3.9L 8 Cylinder Engine Gasoline Fuel,A/T,Gray,Black,None reported,Yes,13500.0,22,0.169521322015169,0,3462.391304347826,0
Tesla,Model Y Long Range,2022,4665.0,Gasoline,Dual Motor - Standard,Automatic,Silver,Black,None reported,Yes,46598.0,4,9.986712387483927,0,933.0,0
Buick,Enclave 1XL,2011,170000.0,Gasoline,288.0HP 3.6L V6 Cylinder Engine Gasoline Fuel,6-Speed A/T,Gold,Beige,At least 1 accident or damage reported,Yes,4000.0,15,0.023529273357215545,0,10625.0,1
Ford,F-150 XLT,2018,67650.0,Gasoline,375.0HP 3.5L V6 Cylinder Engine Gasoline Fuel,A/T,Blue,Gray,None reported,Yes,30000.0,8,0.4434524249456771,0,7516.666666666667,0
Lexus,ES 350 Base,2016,119850.0,Gasoline,268.0HP 3.5L V6 Cylinder Engine Gasoline Fuel,A/T,White,Beige,None reported,Yes,19000.0,10,0.158530174967251,1,10895.454545454546,0
Acura,TL Type S,2008,116500.0,Gasoline,286.0HP 3.5L V6 Cylinder Engine Gasoline Fuel,6-Speed M/T,Red,Black,None reported,Yes,15999.0,18,0.13732929331078703,0,6131.578947368421,0
Mercury,Capri XR2,1993,120644.0,–,–,5-Speed M/T,Green,Gray,None reported,Yes,4200.0,33,0.034812880765883375,0,3548.3529411764707,0
Ford,Transit Connect XLT,2010,169802.0,Gasoline,2.0L I4 16V MPFI DOHC,4-Speed Automatic,Frozen White,Dark Gray,None reported,Yes,9985.0,16,0.05880343692396483,0,9988.35294117647,0
BMW,X3 M40i,2021,36905.0,Gasoline,382.0HP 3.0L Straight 6 Cylinder Engine Gasoline Fuel,Transmission w/Dual Shift Mode,Blue,Beige,None reported,Yes,50000.0,5,1.3547932585487454,1,6150.833333333333,0
Jeep,Gladiator Willys,2022,8400.0,Gasoline,285.0HP 3.6L V6 Cylinder Engine Gasoline Fuel,8-Speed A/T,Black,Black,At least 1 accident or damage reported,Yes,47000.0,4,5.594572074753006,0,1680.0,1
Hummer,H2 Base,2003,149961.0,Gasoline,316.0HP 6.0L 8 Cylinder Engine Gasoline Fuel,A/T,Beige,Beige,At least 1 accident or damage reported,Yes,12500.0,23,0.0833544497939478,0,6248.375,1
Mercedes-Benz,C-Class C 63 AMG,2014,84500.0,Gasoline,451.0HP 6.2L 8 Cylinder Engine Gasoline Fuel,7-Speed A/T,White,Black,None reported,Yes,41500.0,12,0.49111844830238693,1,6500.0,0
Lamborghini,Aventador LP700-4,2016,3254.0,Gasoline,6.5L V12 48V MPFI DOHC,7-Speed Automatic with Auto-Shift,Bianco Isis,Giallo Taurus / Nero Ade,None reported,Yes,399900.0,10,122.85714285714286,0,295.8181818181818,0
Mercedes-Benz,G-Class G 550 4MATIC,2016,96000.0,Gasoline,416.0HP 4.0L 8 Cylinder Engine Gasoline Fuel,A/T,Blue,Brown,None reported,Yes,65000.0,10,0.6770762804554119,1,8727.272727272728,0
Nissan,GT-R Premium,2009,88000.0,Gasoline,480.0HP 3.8L V6 Cylinder Engine Gasoline Fuel,Transmission w/Dual Shift Mode,White,White,At least 1 accident or damage reported,Yes,57000.0,17,0.6477199122737242,0,4888.888888888889,1
Audi,R8 4.2 quattro Spyder,2011,35322.0,Gasoline,4.2L V8 32V GDI DOHC,6-Speed Manual,Phantom Black Pearl Effect / Black Roof,Red,None reported,Yes,94900.0,15,2.686634770546103,1,2207.625,0
Acura,TLX A-Spec,2020,32500.0,Gasoline,206.0HP 2.4L 4 Cylinder Engine Gasoline Fuel,A/T,White,Red,None reported,Yes,32000.0,6,0.984585089689548,0,4642.857142857143,0
Audi,A6 3.0T Premium Plus,2016,71280.0,Gasoline,333.0HP 3.0L V6 Cylinder Engine Gasoline Fuel,A/T,Silver,Black,None reported,Yes,22000.0,10,0.30863764537534544,1,6480.0,0
Porsche,Panamera 2,2011,37200.0,Gasoline,300.0HP 3.6L V6 Cylinder Engine Gasoline Fuel,7-Speed A/T,Black,Beige,None reported,Yes,27500.0,15,0.7392274401225774,1,2325.0,0
Saturn,Sky Red Line,2008,94291.0,Gasoline,260.0HP 2.0L 4 Cylinder Engine Gasoline Fuel,A/T,White,–,None reported,Yes,14500.0,18,0.15377762694608238,0,4962.684210526316,0
Maserati,Coupe Cambiocorsa,2006,54082.0,Gasoline,390.0HP 4.2L 8 Cylinder Engine Gasoline Fuel,Transmission w/Dual Shift Mode,Blue,Beige,None reported,Yes,17000.0,20,0.3143316753878298,1,2575.3333333333335,0
Volvo,XC90 Recharge Plug-In Hybrid T8 Inscription 7 Passenger,2022,7800.0,Plug-In Hybrid,455.0HP 2.0L 4 Cylinder Engine Plug-In Electric/Gas,8-Speed A/T,Black,Beige,None reported,Yes,66000.0,4,8.4604537879759,0,1560.0,0
Jeep,Wrangler Sport,2016,86250.0,Gasoline,285.0HP 3.6L V6 Cylinder Engine Gasoline Fuel,5-Speed A/T,White,Black,None reported,Yes,22000.0,10,0.255069506440505,0,7840.909090909091,0
BMW,X5 xDrive50i,2016,75479.0,Gasoline,445.0HP 4.4L 8 Cylinder Engine Gasoline Fuel,Transmission w/Dual Shift Mode,Silver,Black,None reported,Yes,27899.0,10,0.3696210916799152,1,6861.727272727273,0
BMW,750 i,2017,24650.0,Gasoline,445.0HP 4.4L 8 Cylinder Engine Gasoline Fuel,A/T,Silver,Black,None reported,Yes,50000.0,9,2.0283152813273295,1,2465.0,0
Volkswagen,Golf R 4-Door,2013,102750.0,Gasoline,256.0HP 2.0L 4 Cylinder Engine Gasoline Fuel,6-Speed M/T,Black,Black,None reported,Yes,20000.0,13,0.19464530758824733,0,7339.285714285715,0
Alfa,Romeo Stelvio Base,2018,50000.0,Gasoline,280.0HP 2.0L 4 Cylinder Engine Gasoline Fuel,A/T,Brown,Brown,None reported,Yes,27500.0,8,0.5499890002199956,0,5555.555555555556,0
BMW,X5 xDrive35i,2017,72700.0,Gasoline,300.0HP 3.0L Straight 6 Cylinder Engine Gasoline Fuel,A/T,Gray,Black,None reported,Yes,27499.0,9,0.3782478920510034,1,7270.0,0
BMW,X6 M Base,2018,54293.0,Gasoline,567.0HP 4.4L 8 Cylinder Engine Gasoline Fuel,8-Speed A/T,Black,Beige,At least 1 accident or damage reported,Yes,49000.0,8,0.9024938298891222,1,6032.555555555556,1
Lexus,IS 300 Base,2018,16000.0,Gasoline,260.0HP 3.5L V6 Cylinder Engine Gasoline Fuel,6-Speed A/T,Blue,Brown,At least 1 accident or damage reported,Yes,30500.0,8,1.9061308668208237,1,1777.7777777777778,1
Lamborghini,Gallardo SE,2006,19500.0,Gasoline,493.0HP 5.0L 10 Cylinder Engine Gasoline Fuel,6-Speed A/T,Green,Yellow,None reported,Yes,129000.0,20,6.615045382288088,0,928.5714285714286,0
BMW,428 i,2014,71000.0,Gasoline,240.0HP 2.0L 4 Cylinder Engine Gasoline Fuel,Transmission w/Dual Shift Mode,White,Black,At least 1 accident or damage reported,Yes,16700.0,12,0.23520795481753778,1,5461.538461538462,1
BMW,X5 xDrive40i,2019,60000.0,Gasoline,335.0HP 3.0L Straight 6 Cylinder Engine Gasoline Fuel,8-Speed A/T,White,Beige,None reported,Yes,36500.0,7,0.6083231946134231,1,7500.0,0
Porsche,Boxster Base,1998,75539.0,Gasoline,201.0HP 2.5L Flat 6 Cylinder Engine Gasoline Fuel,5-Speed M/T,Blue,Beige,None reported,Yes,11995.0,28,0.1587900450092666,1,2604.793103448276,0
Alfa,Romeo Giulia Base,2017,36000.0,Gasoline,280.0HP 2.0L 4 Cylinder Engine Gasoline Fuel,8-Speed A/T,White,Red,None reported,Yes,21000.0,9,0.58331713007972,0,3600.0,0
Mercedes-Benz,C-Class C 300,2019,76422.0,Gasoline,2.0 Liter Turbo,Automatic,Black,Black,None reported,Yes,28998.0,7,0.3794407442785549,1,9552.75,0
Nissan,370Z NISMO Tech,2016,42600.0,Gasoline,350.0HP 3.7L V6 Cylinder Engine Gasoline Fuel,7-Speed A/T,Red,Black,At least 1 accident or damage reported,Yes,31950.0,10,0.7499823947794653,0,3872.7272727272725,1
Rivian,R1S Adventure Package,2023,211.0,Gasoline,835.0HP Electric Motor Electric Fuel System,A/T,Blue,Black,None reported,Yes,99000.0,3,466.9811320754717,0,52.75,0
Chevrolet,Suburban LT,2017,98888.0,Gasoline,6.0L 8 Cylinder Engine Gasoline Fuel,A/T,White,Black,At least 1 accident or damage reported,Yes,29000.0,9,0.29325809746281184,0,9888.8,1
Ford,Fusion Hybrid SE,2019,64532.0,Hybrid,188.0HP 2.0L 4 Cylinder Engine Gas/Electric Hybrid,A/T,Silver,Gray,At least 1 accident or damage reported,Yes,19395.0,7,0.3005439077681186,0,8066.5,1
BMW,X3 xDrive35i,2011,75500.0,Gasoline,300.0HP 3.0L Straight 6 Cylinder Engine Gasoline Fuel,A/T,White,Black,None reported,Yes,12975.0,15,0.1718520284499543,1,4718.75,0
Buick,Envision Preferred,2019,32000.0,Gasoline,197.0HP 2.5L 4 Cylinder Engine Gasoline Fuel,A/T,Black,Beige,None reported,Yes,27000.0,7,0.8437236336364489,0,4000.0,0
Buick,Envision Essence,2019,47839.0,Gasoline,2.5L I4 16V GDI DOHC,6-Speed Automatic,Summit White,Ebony,None reported,Yes,24991.0,7,0.5223871237458194,0,5979.875,0
Porsche,Cayenne GTS,2013,98413.0,Gasoline,420.0HP 4.8L 8 Cylinder Engine Gasoline Fuel,Transmission w/Dual Shift Mode,Green,Black,At least 1 accident or damage reported,Yes,34900.0,13,0.3546243420651533,1,7029.5,1
Audi,RS 5 2.9T,2022,9628.0,Gasoline,444.0HP 2.9L V6 Cylinder Engine Gasoline Fuel,8-Speed A/T,White,Black,None reported,Yes,78500.0,4,8.152456122131062,1,1925.6,0
Jaguar,XK8 Base,1999,15000.0,Gasoline,290.0HP 4.0L 8 Cylinder Engine Gasoline Fuel,5-Speed A/T,Green,Beige,None reported,Yes,16370.0,27,1.0912605826278248,0,535.7142857142857,0
Audi,R8 5.2 V10,2021,6397.0,Gasoline,5.2L V10 40V PDI DOHC,7-Speed Automatic with Auto-Shift,Kemora Gray Metallic,Black / Express Red,None reported,Yes,172900.0,5,27.024070021881837,1,1066.1666666666667,0
Honda,Pilot Black Edition,2022,22564.0,Gasoline,3.5 Liter,Automatic,Platinum White Pearl,Black,None reported,Yes,44998.0,4,1.994150232661201,0,4512.8,0
Lexus,RX 350 Crafted Line F Sport,2015,110000.0,Gasoline,270.0HP 3.5L V6 Cylinder Engine Gasoline Fuel,Transmission w/Dual Shift Mode,White,Black,None reported,Yes,28000.0,11,0.2545431405169044,1,9166.666666666666,0
Mercedes-Benz,Sprinter 3500 High Roof,2022,105.0,Diesel,161.0HP 2.0L 4 Cylinder Engine Diesel Fuel,7-Speed A/T,Black,Orange,None reported,Yes,200000.0,4,1886.7924528301887,1,21.0,0
Toyota,4Runner Limited,2004,186117.0,Gasoline,245.0HP 4.0L V6 Cylinder Engine Gasoline Fuel,A/T,Black,Beige,None reported,Yes,13000.0,22,0.06984816084419562,0,8092.04347826087,0
Jeep,Wrangler Sport,2002,103500.0,Gasoline,190.0HP 4.0L Straight 6 Cylinder Engine Gasoline Fuel,M/T,Yellow,Gray,None reported,Yes,12500.0,24,0.1207717799828021,0,4140.0,0
Cadillac,CT6-V 4.2L Blackwing Twin Turbo,2019,8074.0,Gasoline,4.2L V8 32V GDI DOHC Twin Turbo,10-Speed Automatic,Manhattan Noir Metallic,Jet Black,None reported,Yes,76700.0,7,9.4984520123839,0,1009.25,0
BMW,M3 Base,2011,43000.0,Gasoline,414.0HP 4.0L 8 Cylinder Engine Gasoline Fuel,6-Speed M/T,Black,Black,None reported,Yes,50900.0,15,1.1836934024790122,1,2687.5,0
BMW,750 i,2015,70700.0,Gasoline,445.0HP 4.4L 8 Cylinder Engine Gasoline Fuel,8-Speed A/T,Blue,Black,At least 1 accident or damage reported,Yes,23000.0,11,0.32531364478578806,1,5891.666666666667,1
Chevrolet,Trailblazer RS,2022,42479.0,Gasoline,1.3L I3 12V GDI DOHC Turbo,9-Speed Automatic,Mosaic Black Metallic,Jet Black,None reported,Yes,28495.0,4,0.670786252354049,0,8495.8,0
Ford,Excursion XLT 4WD,2000,205000.0,Gasoline,310.0HP 6.8L 10 Cylinder Engine Gasoline Fuel,A/T,Black,Gray,At least 1 accident or damage reported,Yes,9950.0,26,0.04853634860317754,0,7592.592592592592,1
Audi,SQ5 3.0T Premium Plus,2019,22300.0,Gasoline,349.0HP 3.0L V6 Cylinder Engine Gasoline Fuel,8-Speed A/T,Blue,Gray,None reported,Yes,38999.0,7,1.748755661181113,1,2787.5,0
Ford,Expedition EL Limited,2017,104000.0,Gasoline,365.0HP 3.5L V6 Cylinder Engine Gasoline Fuel,A/T,Black,Black,At least 1 accident or damage reported,Yes,19995.0,9,0.19225776675224276,0,10400.0,1
Ford,Bronco Sport Base,2022,13865.0,Gasoline,1.5L I3 12V PDI DOHC Turbo,8-Speed Automatic,Shadow Black,Ebony,None reported,Yes,29182.0,4,2.1045723352084234,0,2773.0,0
BMW,M4 Competition xDrive,2022,15882.0,Gasoline,503.0HP 3.0L Straight 6 Cylinder Engine Gasoline Fuel,8-Speed A/T,Red,Silver,None reported,Yes,84995.0,4,5.351319020336208,1,3176.4,0
Land,Rover Defender,2022,12209.0,Gasoline,5.0L V8 32V GDI DOHC Supercharged,8-Speed Automatic,Black,Black,None reported,Yes,104900.0,4,8.591318591318592,1,2441.8,0
Mercedes-Benz,AMG GLC 43 AMG GLC 43,2021,10483.0,Gasoline,3.0 Liter Twin Turbo,Automatic,Graphite Grey Metallic,Black w/Red Stitching,None reported,Yes,60998.0,5,5.818199160625715,1,1747.1666666666667,0
Nissan,GT-R Premium,2017,31150.0,Gasoline,565.0HP 3.8L V6 Cylinder Engine Gasoline Fuel,Transmission w/Dual Shift Mode,Orange,Black,None reported,Yes,113000.0,9,3.6274918943212096,0,3115.0,0
Chrysler,200 C,2015,44000.0,E85 Flex Fuel,295.0HP 3.6L V6 Cylinder Engine Flex Fuel Capability,A/T,White,Black,At least 1 accident or damage reported,Yes,12700.0,11,0.2886298038680939,0,3666.6666666666665,1
Hummer,H2 Base,2003,109000.0,Gasoline,316.0HP 6.0L 8 Cylinder Engine Gasoline Fuel,A/T,Beige,Beige,None reported,Yes,17500.0,23,0.1605489857891212,0,4541.666666666667,0
BMW,M4 Base,2020,31350.0,Gasoline,425.0HP 3.0L Straight 6 Cylinder Engine Gasoline Fuel,Transmission w/Dual Shift Mode,Gray,Orange,None reported,Yes,62450.0,6,1.9919619788842462,1,4478.571428571428,0
Audi,Q8 55 Premium Plus,2021,30000.0,Hybrid,335.0HP 3.0L V6 Cylinder Engine Gasoline/Mild Electric Hybrid,8-Speed A/T,Black,Black,None reported,Yes,62000.0,5,2.0665977800739976,1,5000.0,0
Land,Rover Range Rover HSE,2012,66500.0,Gasoline,385.0HP 5.0L 8 Cylinder Engine Gasoline Fuel,A/T,Silver,Black,None reported,Yes,19950.0,14,0.2999954887896423,1,4433.333333333333,0
Nissan,Frontier SV,2012,96600.0,Gasoline,261.0HP 4.0L V6 Cylinder Engine Gasoline Fuel,A/T,Beige,Black,At least 1 accident or damage reported,Yes,17000.0,14,0.1759816150971522,0,6440.0,1
Toyota,Highlander LE Plus,2015,198000.0,Gasoline,270.0HP 3.5L V6 Cylinder Engine Gasoline Fuel,A/T,White,Gray,None reported,Yes,14000.0,11,0.07070671360245655,0,16500.0,0
Audi,S4 3.0T Premium Plus,2013,91877.0,Gasoline,333.0HP 3.0L V6 Cylinder Engine Gasoline Fuel,A/T,Black,Red,At least 1 accident or damage reported,Yes,24000.0,13,0.261215960295174,1,6562.642857142857,1
Ford,Expedition Max Limited,2018,45578.0,Gasoline,375.0HP 3.5L V6 Cylinder Engine Gasoline Fuel,10-Speed A/T,White,–,None reported,Yes,45023.0,8,0.9878013997674367,0,5064.222222222223,0
BMW,228 i,2015,54000.0,Gasoline,240.0HP 2.0L 4 Cylinder Engine Gasoline Fuel,6-Speed M/T,Black,Red,At least 1 accident or damage reported,Yes,19996.0,11,0.3702894390844614,1,4500.0,1
Land,Rover Range Rover Sport HST MHEV,2020,52000.0,Hybrid,395.0HP 3.0L Straight 6 Cylinder Engine Gasoline/Mild Electric Hybrid,8-Speed A/T,Gray,Black,None reported,Yes,55000.0,6,1.057671967846772,1,7428.571428571428,0
Mercedes-Benz,E-Class AMG E 53,2020,23044.0,Hybrid,3.0 Liter Turbo,Automatic,Emerald Green Metallic,Black/Saddle Brown,None reported,Yes,72598.0,6,3.1502712085050986,1,3292.0,0
Porsche,911 Carrera,2008,132500.0,Gasoline,325.0HP 3.6L Flat 6 Cylinder Engine Gasoline Fuel,6-Speed M/T,Black,Black,None reported,Yes,35000.0,18,0.26414894981924664,1,6973.684210526316,0
Dodge,Dakota SLT Quad Cab,2006,256000.0,Gasoline,4.7L 8 Cylinder Engine Gasoline Fuel,A/T,Black,Gray,None reported,Yes,4000.0,20,0.015624938965082168,0,12190.47619047619,0
Mercedes-Benz,SL-Class SL63 AMG Roadster,2009,31370.0,Gasoline,518.0HP 6.3L 8 Cylinder Engine Gasoline Fuel,Transmission w/Dual Shift Mode,White,Brown,None reported,Yes,65700.0,17,2.0942909056134646,1,1742.7777777777778,0
Chrysler,Sebring LX,2008,67303.0,Gasoline,173.0HP 2.4L 4 Cylinder Engine Gasoline Fuel,A/T,Blue,Blue,None reported,Yes,4900.0,18,0.0728039938190895,0,3542.2631578947367,0
Chevrolet,Corvette Stingray w/3LT,2021,12000.0,Gasoline,490.0HP 6.2L 8 Cylinder Engine Gasoline Fuel,A/T,Blue,Black,At least 1 accident or damage reported,Yes,99900.0,5,8.324306307807683,0,2000.0,1
Ford,Bronco Outer Banks,2023,16500.0,Gasoline,275.0HP 2.3L 4 Cylinder Engine Gasoline Fuel,A/T,Blue,Gray,None reported,Yes,54000.0,3,3.272528937640143,0,4125.0,0
Toyota,Tacoma TRD Pro,2018,28800.0,Gasoline,"3.5L V-6 port/direct injection, DOHC, VVT-iE variable valve cont","Manual, 6-Spd",–,Black,None reported,Yes,42900.0,8,1.489531613485643,0,3200.0,0
RAM,ProMaster 2500 High Roof,2019,88000.0,Gasoline,280.0HP 3.6L V6 Cylinder Engine Gasoline Fuel,6-Speed A/T,White,Black,At least 1 accident or damage reported,Yes,39900.0,7,0.45340393859160694,0,11000.0,1
Ford,Shelby GT350 Base,2018,18515.0,Gasoline,526.0HP 5.2L 8 Cylinder Engine Gasoline Fuel,6-Speed M/T,White,Black,At least 1 accident or damage reported,Yes,60867.0,8,3.287265068049255,0,2057.222222222222,1
Tesla,Model 3 Performance,2018,92813.0,Gasoline,271.0HP Electric Motor Electric Fuel System,1-Speed A/T,Red,Black,None reported,Yes,30499.0,8,0.3286034434460319,0,10312.555555555555,0
Land,Rover Range Rover P530 SE LWB 7 Seat,2023,2100.0,Gasoline,523.0HP 4.4L 8 Cylinder Engine Gasoline Fuel,8-Speed A/T,Gray,Beige,None reported,Yes,172000.0,3,81.86577820085674,1,525.0,0
Volvo,XC60 T6 Inscription,2019,58600.0,Gasoline,330.0HP 2.0L 4 Cylinder Engine Gasoline Fuel,A/T,White,White,At least 1 accident or damage reported,Yes,29000.0,7,0.4948721011586833,0,7325.0,1
Lexus,LS 460 Crafted Line,2015,74500.0,Gasoline,386.0HP 4.6L 8 Cylinder Engine Gasoline Fuel,Transmission w/Dual Shift Mode,White,Red,None reported,Yes,33900.0,11,0.4550274492959826,1,6208.333333333333,0
Tesla,Model S 100D,2018,33500.0,Gasoline,518.0HP Electric Motor Electric Fuel System,A/T,Gray,Black,None reported,Yes,51900.0,8,1.5492074863436913,0,3722.222222222222,0
Cadillac,XT6 Premium Luxury AWD,2023,222.0,Gasoline,310.0HP 3.6L V6 Cylinder Engine Gasoline Fuel,A/T,White,Black,None reported,Yes,69000.0,3,309.4170403587444,0,55.5,0
Chevrolet,Avalanche 1500 LTZ,2007,75124.0,E85 Flex Fuel,310.0HP 5.3L 8 Cylinder Engine Flex Fuel Capability,A/T,Red,Gray,None reported,Yes,16499.0,19,0.2196206322795341,0,3756.2,0
Chevrolet,Corvette Grand Sport,2013,15500.0,Gasoline,430.0HP 6.2L 8 Cylinder Engine Gasoline Fuel,Transmission w/Dual Shift Mode,White,Blue,None reported,Yes,45000.0,13,2.903038513644281,0,1107.142857142857,0
Audi,Q8 55 Premium,2020,34300.0,Hybrid,335.0HP 3.0L V6 Cylinder Engine Gasoline/Mild Electric Hybrid,8-Speed A/T,Gray,Brown,None reported,Yes,52500.0,6,1.5305676219352204,1,4900.0,0
Honda,Odyssey Elite,2019,82000.0,Gasoline,280.0HP 3.5L V6 Cylinder Engine Gasoline Fuel,10-Speed A/T,Silver,Black,None reported,Yes,32471.0,7,0.3959829758173681,0,10250.0,0
Acura,TLX,2023,3389.0,Gasoline,2.0 Liter DOHC Turbo,Automatic,Platinum White Pearl,Black,None reported,Yes,38598.0,3,11.385840707964602,0,847.25,0
Porsche,Cayenne GTS Coupe AWD,2023,10000.0,Gasoline,453.0HP 4.0L 8 Cylinder Engine Gasoline Fuel,8-Speed A/T,Gray,Black,None reported,Yes,145000.0,3,14.4985501449855,1,2500.0,0
Cadillac,STS V6,2005,96000.0,Gasoline,260.0HP 3.6L V6 Cylinder Engine Gasoline Fuel,A/T,Beige,Brown,At least 1 accident or damage reported,Yes,4999.0,21,0.0520723742461016,0,4363.636363636364,1
Dodge,Charger R/T,2021,7751.0,Gasoline,370.0HP 5.7L 8 Cylinder Engine Gasoline Fuel,8-Speed A/T,Black,Black,None reported,Yes,41950.0,5,5.411506707946336,0,1291.8333333333333,0
Audi,RS 7 4.0T Performance Prestige,2017,66250.0,Gasoline,605.0HP 4.0L 8 Cylinder Engine Gasoline Fuel,8-Speed A/T,Gray,Gray,At least 1 accident or damage reported,Yes,59200.0,9,0.8935714177899201,1,6625.0,1
Lexus,CT 200h Premium,2012,109000.0,Hybrid,134.0HP 1.8L 4 Cylinder Engine Gas/Electric Hybrid,A/T,White,Black,At least 1 accident or damage reported,Yes,14945.0,14,0.1371088338639095,1,7266.666666666667,1
Hyundai,Genesis Coupe 3.8 Base,2015,60000.0,Gasoline,348.0HP 3.8L V6 Cylinder Engine Gasoline Fuel,Transmission w/Dual Shift Mode,Black,Black,None reported,Yes,17000.0,11,0.2833286111898135,0,5000.0,0
Tesla,Model S Performance,2020,14700.0,Gasoline,778.0HP Electric Motor Electric Fuel System,1-Speed A/T,Gray,Black,None reported,Yes,63000.0,6,4.285422760356439,0,2100.0,0
Mercedes-Benz,E-Class E 350 4MATIC,2022,9006.0,Gasoline,255.0HP 2.0L 4 Cylinder Engine Gasoline Fuel,9-Speed A/T,Black,Black,None reported,Yes,56999.0,4,6.328300210947041,1,1801.2,0
Toyota,GR86 Base,2022,13400.0,Gasoline,228.0HP 2.4L 4 Cylinder Engine Gasoline Fuel,6-Speed A/T,Silver,Black,None reported,Yes,33499.0,4,2.4997388254607866,0,2680.0,0
Porsche,Macan S,2020,28570.0,Gasoline,3.0 Liter Turbo,Automatic,White,Black,None reported,Yes,55998.0,6,1.959959399390991,1,4081.4285714285716,0
Dodge,Durango SRT,2018,78000.0,Gasoline,475.0HP 6.4L 8 Cylinder Engine Gasoline Fuel,Transmission w/Dual Shift Mode,White,Black,At least 1 accident or damage reported,Yes,44700.0,8,0.5730695760310766,0,8666.666666666666,1
Lexus,LX 570 Base,2013,134000.0,Gasoline,383.0HP 5.7L 8 Cylinder Engine Gasoline Fuel,A/T,Gray,Black,At least 1 accident or damage reported,Yes,29995.0,13,0.22384161312229015,1,9571.42857142857,1
Kia,Optima Hybrid EX,2013,104994.0,Hybrid,199.0HP 2.4L 4 Cylinder Engine Gas/Electric Hybrid,6-Speed A/T,Black,Beige,None reported,Yes,9000.0,13,0.08571836754131149,0,7499.571428571428,0
Bentley,Continental GT V8 S,2016,31500.0,Gasoline,521.0HP 4.0L 8 Cylinder Engine Gasoline Fuel,8-Speed A/T,Black,Beige,None reported,Yes,103900.0,10,3.2983079902225327,1,2863.6363636363635,0
Alfa,Romeo Giulia Base,2020,30000.0,Gasoline,280.0HP 2.0L 4 Cylinder Engine Gasoline Fuel,8-Speed A/T,Black,–,None reported,Yes,28900.0,6,0.963301223292557,0,4285.714285714285,0
Lexus,LX 600 F SPORT,2023,490.0,Gasoline,409.0HP 3.4L V6 Cylinder Engine Gasoline Fuel,A/T,Black,Black,None reported,Yes,124999.0,3,254.58044806517313,1,122.5,0
Porsche,Taycan Turbo,2020,18000.0,Gasoline,616.0HP Electric Motor Electric Fuel System,A/T,Silver,Black,None reported,Yes,105000.0,6,5.8330092772623745,1,2571.4285714285716,0
Toyota,Sequoia Limited,2017,67000.0,E85 Flex Fuel,381.0HP 5.7L 8 Cylinder Engine Flex Fuel Capability,6-Speed A/T,Silver,Gray,None reported,Yes,37999.0,9,0.5671407889434487,0,6700.0,0
Kia,K5 EX,2021,8263.0,Gasoline,180.0HP 1.6L 4 Cylinder Engine Gasoline Fuel,A/T,Gray,White,None reported,Yes,29000.0,5,3.5091965150048403,0,1377.1666666666667,0
RAM,1500 Big Horn,2021,35003.0,Gasoline,5.7L V8 16V MPFI OHV,8-Speed Automatic,Bright White Clearcoat,Diesel Gray / Black,None reported,Yes,40999.0,5,1.1712661410124556,0,5833.833333333333,0
Chevrolet,Corvette Base,2008,80000.0,Gasoline,430.0HP 6.2L 8 Cylinder Engine Gasoline Fuel,6-Speed A/T,Red,Beige,None reported,Yes,31000.0,18,0.3874951563105461,0,4210.526315789473,0
Chevrolet,Corvette Stingray w/1LT,2022,6200.0,Gasoline,490.0HP 6.2L 8 Cylinder Engine Gasoline Fuel,Transmission w/Dual Shift Mode,Brown,Black,None reported,Yes,99999.0,4,16.126269956458636,0,1240.0,0
Jaguar,F-TYPE S,2014,74595.0,Gasoline,495.0HP 5.0L 8 Cylinder Engine Gasoline Fuel,8-Speed A/T,Green,Black,At least 1 accident or damage reported,Yes,32450.0,12,0.4350099201029546,0,5738.076923076923,1
Audi,A7 3.0T Prestige,2013,87066.0,Gasoline,310.0HP 3.0L V6 Cylinder Engine Gasoline Fuel,8-Speed A/T,Silver,Black,None reported,Yes,20999.0,13,0.24118207816968543,1,6219.0,0
Audi,Q8 3.0T Prestige,2019,38360.0,Gasoline,3.0L V6 24V GDI DOHC Turbo,8-Speed Automatic,Orca Black Metallic,Black,None reported,Yes,49936.0,7,1.3017387450796383,1,4795.0,0
Kia,Telluride SX,2020,38000.0,Gasoline,291.0HP 3.8L V6 Cylinder Engine Gasoline Fuel,8-Speed A/T,Green,Beige,None reported,Yes,41999.0,6,1.105207757690587,0,5428.571428571428,0
Toyota,Camry Hybrid XLE,2018,69641.0,Hybrid,208.0HP 2.5L 4 Cylinder Engine Gas/Electric Hybrid,CVT Transmission,White,Black,At least 1 accident or damage reported,Yes,23995.0,8,0.34454783033227077,0,7737.888888888889,1
Toyota,GR86 Premium,2022,1275.0,Gasoline,228.0HP 2.4L 4 Cylinder Engine Gasoline Fuel,6-Speed A/T,Blue,Black,None reported,Yes,47999.0,4,37.61677115987461,0,255.0,0
BMW,M3 Base,2001,60000.0,Gasoline,333.0HP 3.2L Straight 6 Cylinder Engine Gasoline Fuel,6-Speed M/T,Black,Gray,None reported,Yes,25000.0,25,0.41665972233796106,1,2307.6923076923076,0
Jeep,Wrangler Rubicon,2014,99450.0,Gasoline,285.0HP 3.6L V6 Cylinder Engine Gasoline Fuel,6-Speed M/T,Gray,Black,None reported,Yes,21000.0,12,0.21115926436134377,0,7650.0,0
Toyota,Tundra Hybrid Capstone,2023,200.0,Hybrid,437.0HP 3.4L V6 Cylinder Engine Gas/Electric Hybrid,10-Speed A/T,Blue,White,None reported,Yes,82500.0,3,410.44776119402985,0,50.0,0
Porsche,Panamera 4 Edition,2016,68000.0,Gasoline,310.0HP 3.6L V6 Cylinder Engine Gasoline Fuel,Transmission w/Dual Shift Mode,Gray,Black,At least 1 accident or damage reported,Yes,32950.0,10,0.48455169776915047,1,6181.818181818182,1
Lexus,GS 350 Base,2010,212000.0,Gasoline,303.0HP 3.5L V6 Cylinder Engine Gasoline Fuel,A/T,Gray,Black,At least 1 accident or damage reported,Yes,9450.0,16,0.04457526143744605,1,12470.588235294117,1
GMC,Sierra 3500 Denali,2019,73091.0,Diesel,445.0HP 6.6L 8 Cylinder Engine Diesel Fuel,A/T,White,Black,At least 1 accident or damage reported,Yes,58500.0,7,0.8003611886389755,0,9136.375,1
Kia,Niro Plug-In Hybrid EX,2023,9400.0,Plug-In Hybrid,180.0HP 1.6L 4 Cylinder Engine Plug-In Electric/Gas,A/T,Black,Black,None reported,Yes,31500.0,3,3.3507073715562172,0,2350.0,0
Porsche,Cayenne Base,2014,117697.0,Gasoline,300.0HP 3.6L V6 Cylinder Engine Gasoline Fuel,8-Speed A/T,Black,Black,At least 1 accident or damage reported,Yes,16975.0,12,0.1442250505531105,1,9053.615384615385,1
Mercedes-Benz,S-Class S 65 AMG,2015,95428.0,Gasoline,621.0HP 6.0L 12 Cylinder Engine Gasoline Fuel,A/T,Silver,Silver,None reported,Yes,55000.0,11,0.576344717014744,1,7952.333333333333,0
Lexus,GX 460 Premium,2017,116300.0,Gasoline,301.0HP 4.6L 8 Cylinder Engine Gasoline Fuel,6-Speed A/T,Gray,Beige,None reported,Yes,31950.0,9,0.27471818814971494,1,11630.0,0
Acura,MDX Sport Hybrid 3.0L w/Technology Package,2019,56778.0,Hybrid,321.0HP 3.0L V6 Cylinder Engine Gas/Electric Hybrid,7-Speed A/T,Black,Black,None reported,Yes,41899.0,7,0.7379312774089012,0,7097.25,0
Audi,Q5 S line Premium Plus,2023,5682.0,Hybrid,2.0 Liter TFSI,Automatic,Chronos Gray,Gray,None reported,Yes,48698.0,3,8.569065634348055,1,1420.5,0
BMW,530 i,2017,37000.0,Gasoline,248.0HP 2.0L 4 Cylinder Engine Gasoline Fuel,A/T,Gray,Black,None reported,Yes,31000.0,9,0.837815194183941,1,3700.0,0
Kia,Forte Koup EX,2015,103748.0,Gasoline,173.0HP 2.0L 4 Cylinder Engine Gasoline Fuel,A/T,Gray,Gray,None reported,Yes,8500.0,11,0.08192850051566762,0,8645.666666666666,0
Toyota,Sequoia Limited,2005,86000.0,Gasoline,282.0HP 4.7L 8 Cylinder Engine Gasoline Fuel,A/T,Silver,–,None reported,Yes,22500.0,21,0.2616248648271532,0,3909.090909090909,0
Land,Rover LR4 HSE,2013,125900.0,Gasoline,375.0HP 5.0L 8 Cylinder Engine Gasoline Fuel,A/T,Black,Beige,None reported,Yes,21000.0,13,0.16679772201968213,1,8992.857142857143,0
Nissan,Titan SV,2023,6200.0,Gasoline,400.0HP 5.6L 8 Cylinder Engine Gasoline Fuel,9-Speed A/T,Black,Gray,None reported,Yes,48000.0,3,7.7406869859700045,0,1550.0,0
Ford,F-250 Lariat,2019,85000.0,Diesel,450.0HP 6.7L 8 Cylinder Engine Diesel Fuel,6-Speed A/T,Black,Black,At least 1 accident or damage reported,Yes,52500.0,7,0.6176397924730297,0,10625.0,1
Mercedes-Benz,AMG GT AMG GT,2017,19324.0,Gasoline,456.0HP 4.0L 8 Cylinder Engine Gasoline Fuel,Transmission w/Dual Shift Mode,Gray,Beige,None reported,Yes,75000.0,9,3.8809831824062098,1,1932.4,0
Cadillac,Escalade Platinum,2018,49273.0,Gasoline,420.0HP 6.2L 8 Cylinder Engine Gasoline Fuel,A/T,Red,Black,None reported,Yes,54000.0,8,1.0959126517027236,0,5474.777777777777,0
Tesla,Model 3 Standard Range Plus,2019,42094.0,Gasoline,Electric Motor Electric Fuel System,A/T,White,White,None reported,Yes,32000.0,7,0.7601852951656967,0,5261.75,0
BMW,M3 Base,2017,44000.0,Gasoline,425.0HP 3.0L Straight 6 Cylinder Engine Gasoline Fuel,7-Speed A/T,Blue,Black,None reported,Yes,55000.0,9,1.2499715915547374,1,4400.0,0
Chevrolet,Cruze LT,2012,148377.0,Gasoline,138.0HP 1.4L 4 Cylinder Engine Gasoline Fuel,6-Speed A/T,Blue,Black,None reported,Yes,5500.0,14,0.03706748978959145,0,9891.8,0
Dodge,Challenger SRT8,2010,70000.0,Gasoline,425.0HP 6.1L 8 Cylinder Engine Gasoline Fuel,6-Speed M/T,Orange,Black,None reported,Yes,22000.0,16,0.3142812245539349,0,4117.64705882353,0
Mercedes-Benz,Sprinter 2500,2016,143290.0,Diesel,161.0HP 2.1L 4 Cylinder Engine Diesel Fuel,A/T,White,Black,None reported,Yes,33490.0,10,0.23372019177757153,1,13026.363636363636,0
Ford,F-350 Platinum,2019,69205.0,Diesel,450.0HP 6.7L 8 Cylinder Engine Diesel Fuel,Transmission w/Dual Shift Mode,White,Black,None reported,Yes,73500.0,7,1.0620466433546225,0,8650.625,0
Chevrolet,Tahoe LTZ,2015,123500.0,Gasoline,355.0HP 5.3L 8 Cylinder Engine Gasoline Fuel,6-Speed A/T,White,Brown,None reported,Yes,25650.0,11,0.2076906259868341,0,10291.666666666666,0
Audi,Q7 3.0T Prestige,2018,70773.0,Gasoline,333.0HP 3.0L V6 Cylinder Engine Gasoline Fuel,A/T,White,Black,None reported,Yes,30950.0,8,0.43730748579987,1,7863.666666666667,0
Jeep,Patriot Latitude,2015,109000.0,Gasoline,158.0HP 2.0L 4 Cylinder Engine Gasoline Fuel,A/T,Gray,Gray,At least 1 accident or damage reported,Yes,7599.0,11,0.06971495674351612,0,9083.333333333334,1
INFINITI,QX70 Base,2014,71097.0,Gasoline,325.0HP 3.7L V6 Cylinder Engine Gasoline Fuel,7-Speed A/T,Black,Black,None reported,Yes,18995.0,12,0.2671664463135391,0,5469.0,0
BMW,X5 xDrive35i,2013,76309.0,Gasoline,300.0HP 3.0L Straight 6 Cylinder Engine Gasoline Fuel,A/T,Silver,Black,None reported,Yes,12000.0,13,0.15725330887170752,1,5450.642857142857,0
Tesla,Model 3,2018,26609.0,Gasoline,Electric,Automatic,Gray,–,None reported,Yes,36998.0,8,1.390379556557685,0,2956.5555555555557,0
Land,Rover Range Rover P400 SE LWB 7 Seat,2023,4126.0,Hybrid,395.0HP 3.0L Straight 6 Cylinder Engine Gasoline/Mild Electric Hybrid,A/T,Black,Beige,None reported,Yes,155000.0,3,37.55754785558517,1,1031.5,0
Nissan,240SX Base,1996,160490.0,–,–,5-Speed M/T,Gray,Black,None reported,Yes,15500.0,30,0.09657862434653657,0,5177.096774193548,0
Cadillac,ATS 2.5L,2014,80400.0,Gasoline,202.0HP 2.5L 4 Cylinder Engine Gasoline Fuel,A/T,Silver,Black,At least 1 accident or damage reported,Yes,15000.0,12,0.18656484372084925,0,6184.615384615385,1
Toyota,RAV4 Base,2010,123620.0,Gasoline,179.0HP 2.5L 4 Cylinder Engine Gasoline Fuel,4-Speed A/T,Black,Black,At least 1 accident or damage reported,Yes,9900.0,16,0.08008348096197249,0,7271.764705882353,1
Acura,TSX Technology,2011,187883.0,Gasoline,201.0HP 2.4L 4 Cylinder Engine Gasoline Fuel,A/T,Red,Beige,None reported,Yes,5500.0,15,0.029273381448127567,0,11742.6875,0
Mercedes-Benz,G-Class G 550 4MATIC,2020,45000.0,Gasoline,416.0HP 4.0L 8 Cylinder Engine Gasoline Fuel,A/T,Black,Black,None reported,Yes,133000.0,6,2.955489878002711,1,6428.571428571428,0
Honda,Civic Sport,2022,25420.0,Gasoline,158.0HP 2.0L 4 Cylinder Engine Gasoline Fuel,CVT Transmission,Red,Gray,None reported,Yes,24500.0,4,0.9637701113252822,0,5084.0,0
BMW,M3 Base,2011,129999.0,Gasoline,414.0HP 4.0L 8 Cylinder Engine Gasoline Fuel,6-Speed M/T,White,Black,None reported,Yes,29999.0,15,0.23076153846153846,1,8124.9375,0
BMW,M3 Base,2008,41048.0,Gasoline,414.0HP 4.0L 8 Cylinder Engine Gasoline Fuel,Transmission w/Dual Shift Mode,Gray,Beige,None reported,Yes,38490.0,18,0.9376598699115691,1,2160.4210526315787,0
Nissan,Cube 1.8 S,2010,72500.0,Gasoline,122.0HP 1.8L 4 Cylinder Engine Gasoline Fuel,6-Speed M/T,Brown,Black,None reported,Yes,6750.0,16,0.09310216410808127,0,4264.705882352941,0
RAM,ProMaster 3500 Tradesman,2014,143390.0,Gasoline,280.0HP 3.6L V6 Cylinder Engine Gasoline Fuel,6-Speed A/T,White,–,None reported,Yes,13000.0,12,0.09066119909896717,0,11030.0,0
Acura,RDX Base,2018,68425.0,Gasoline,279.0HP 3.5L V6 Cylinder Engine Gasoline Fuel,6-Speed A/T,Gray,–,At least 1 accident or damage reported,Yes,23500.0,8,0.34343670534592113,0,7602.777777777777,1
Toyota,4Runner Limited,2018,95000.0,Gasoline,270.0HP 4.0L V6 Cylinder Engine Gasoline Fuel,A/T,Silver,Brown,None reported,Yes,33000.0,8,0.34736476458142546,0,10555.555555555555,0
RAM,1500 Limited,2019,29000.0,Gasoline,395.0HP 5.7L 8 Cylinder Engine Gasoline Fuel,8-Speed A/T,Gray,Black,At least 1 accident or damage reported,Yes,49500.0,7,1.7068376952518878,0,3625.0,1
Chevrolet,Corvette Base,2003,145000.0,Gasoline,350.0HP 5.7L 8 Cylinder Engine Gasoline Fuel,A/T,Blue,Black,None reported,Yes,22000.0,23,0.15172309156488575,0,6041.666666666667,0
Land,Rover Defender 110 SE,2020,29700.0,Hybrid,395.0HP 3.0L Straight 6 Cylinder Engine Gasoline/Mild Electric Hybrid,8-Speed A/T,Green,Black,None reported,Yes,68000.0,6,2.2894852025184336,1,4242.857142857143,0
Jeep,Grand Cherokee Laredo,2011,98658.0,Gasoline,360.0HP 5.7L 8 Cylinder Engine Gasoline Fuel,5-Speed A/T,White,Gray,None reported,Yes,14995.0,15,0.1519881612422587,0,6166.125,0
Volvo,S80 T6,2009,97615.0,Gasoline,281.0HP 3.0L Straight 6 Cylinder Engine Gasoline Fuel,6-Speed A/T,Black,Gray,None reported,Yes,10500.0,17,0.10756433371578429,0,5423.055555555556,0
Porsche,Cayenne S,2014,36000.0,Gasoline,400.0HP 4.8L 8 Cylinder Engine Gasoline Fuel,8-Speed A/T,Black,Beige,None reported,Yes,37000.0,12,1.027749229188078,1,2769.230769230769,0
Mazda,CX-30 Select,2021,61874.0,Gasoline,2.5L I4 16V GDI DOHC,6-Speed Automatic,Jet Black Mica,Black,None reported,Yes,22389.0,5,0.36184242424242424,0,10312.333333333334,0
Chrysler,Town & Country Touring,2012,74582.0,E85 Flex Fuel,283.0HP 3.6L V6 Cylinder Engine Flex Fuel Capability,6-Speed A/T,Black,–,None reported,Yes,8500.0,14,0.11396698979660244,0,4972.133333333333,0
INFINITI,FX37 Base,2013,51500.0,Gasoline,325.0HP 3.7L V6 Cylinder Engine Gasoline Fuel,A/T,Gray,Black,None reported,Yes,23900.0,13,0.46406865886099297,0,3678.5714285714284,0
Toyota,FJ Cruiser Base,2007,193827.0,Gasoline,239.0HP 4.0L V6 Cylinder Engine Gasoline Fuel,A/T,Silver,Black,None reported,Yes,14950.0,19,0.07713023918112966,0,9691.35,0
Chevrolet,Silverado 1500 LT,2019,53433.0,Gasoline,355.0HP 5.3L 8 Cylinder Engine Gasoline Fuel,A/T,Blue,Gray,None reported,Yes,36950.0,7,0.6915072800089831,0,6679.125,0
Mercedes-Benz,C-Class C 63 AMG,2012,103000.0,Gasoline,451.0HP 6.3L 8 Cylinder Engine Gasoline Fuel,7-Speed A/T,Silver,Black,At least 1 accident or damage reported,Yes,40000.0,14,0.3883457442160756,1,6866.666666666667,1
BMW,428 Gran Coupe i xDrive,2016,59000.0,Gasoline,240.0HP 2.0L 4 Cylinder Engine Gasoline Fuel,Transmission w/Dual Shift Mode,Black,Brown,At least 1 accident or damage reported,Yes,20999.0,10,0.35590922187759527,1,5363.636363636364,1
Lexus,GX 460 Premium,2017,82000.0,Gasoline,301.0HP 4.6L 8 Cylinder Engine Gasoline Fuel,A/T,Gray,Brown,None reported,Yes,32900.0,9,0.40121461933391056,1,8200.0,0
Porsche,Panamera Edition,2016,60000.0,Gasoline,310.0HP 3.6L V6 Cylinder Engine Gasoline Fuel,A/T,Gray,Black,None reported,Yes,45000.0,10,0.7499875002083298,1,5454.545454545455,0
Cadillac,Escalade ESV Platinum,2017,93971.0,Gasoline,420.0HP 6.2L 8 Cylinder Engine Gasoline Fuel,A/T,White,Beige,None reported,Yes,47000.0,9,0.5001489805473971,0,9397.1,0
Lexus,IS 350 Base,2015,62600.0,Gasoline,306.0HP 3.5L V6 Cylinder Engine Gasoline Fuel,Transmission w/Dual Shift Mode,Gray,Red,None reported,Yes,27500.0,11,0.4392901071867861,1,5216.666666666667,0
Mercedes-Benz,E-Class E 350 4MATIC,2014,84450.0,Gasoline,302.0HP 3.5L V6 Cylinder Engine Gasoline Fuel,7-Speed A/T,Gray,Beige,None reported,Yes,19000.0,12,0.22498253425063056,1,6496.153846153846,0
Audi,Q5 S line Premium,2022,18099.0,Hybrid,2.0 Liter TFSI,Automatic,Daytona Gray,Gray,None reported,Yes,40798.0,4,2.2540331491712706,1,3619.8,0
Mercedes-Benz,E-Class E 350 4MATIC,2014,76500.0,Gasoline,302.0HP 3.5L V6 Cylinder Engine Gasoline Fuel,7-Speed A/T,Silver,Black,None reported,Yes,17999.0,12,0.23527797022261146,1,5884.615384615385,0
Chevrolet,Camaro 1LT,2017,74000.0,Gasoline,275.0HP 2.0L 4 Cylinder Engine Gasoline Fuel,A/T,Yellow,Black,None reported,Yes,19800.0,9,0.2675639518384887,0,7400.0,0
RAM,1500 Laramie,2022,15607.0,Gasoline,5.7L V8 16V MPFI OHV,8-Speed Automatic,Billet Silver Metallic Clearcoat,Black,None reported,Yes,45999.0,4,2.947142491030241,0,3121.4,0
Chevrolet,Silverado 1500 1LZ,2014,111095.0,E85 Flex Fuel,355.0HP 5.3L 8 Cylinder Engine Flex Fuel Capability,6-Speed A/T,White,Black,At least 1 accident or damage reported,Yes,26000.0,12,0.23403182832865269,0,8545.76923076923,1
Toyota,Camry Solara SLE,2007,37216.0,Gasoline,210.0HP 3.3L V6 Cylinder Engine Gasoline Fuel,A/T,Red,Beige,At least 1 accident or damage reported,Yes,14995.0,19,0.4029072735577827,0,1860.8,1
Jaguar,F-TYPE S,2015,25786.0,Gasoline,380.0HP 3.0L V6 Cylinder Engine Gasoline Fuel,8-Speed A/T,Blue,Gray,None reported,Yes,38500.0,11,1.4930003490130686,0,2148.8333333333335,0
Jeep,Gladiator Sport,2021,15520.0,Gasoline,3.6L V6 24V MPFI DOHC,8-Speed Automatic,Sting Gray Clearcoat,Black,None reported,Yes,40459.0,5,2.606726370723536,0,2586.6666666666665,0
RAM,1500 Big Horn,2021,49583.0,Gasoline,5.7L V8 16V MPFI OHV,8-Speed Automatic,Billet Silver Metallic Clearcoat,Black,None reported,Yes,42816.0,5,0.8635043562439496,0,8263.833333333334,0
Porsche,Cayenne Diesel,2015,97300.0,Diesel,240.0HP 3.0L V6 Cylinder Engine Diesel Fuel,8-Speed A/T,Black,Black,None reported,Yes,29995.0,11,0.30827021305022556,1,8108.333333333333,0
Chevrolet,Camaro Base,2002,89000.0,Gasoline,200.0HP 3.8L V6 Cylinder Engine Gasoline Fuel,A/T,Silver,Black,None reported,Yes,10400.0,24,0.11685261963348727,0,3560.0,0
Porsche,Cayenne S,2015,52111.0,Gasoline,420.0HP 3.6L V6 Cylinder Engine Gasoline Fuel,8-Speed A/T,Black,Black,At least 1 accident or damage reported,Yes,37500.0,11,0.7196039299969297,1,4342.583333333333,1
Dodge,Challenger R/T Scat Pack,2019,75800.0,Gasoline,6.4 Liter,Automatic,Gray,Black,None reported,Yes,35998.0,7,0.4749013865252437,0,9475.0,0
Lexus,ES 350 Base,2010,113500.0,Gasoline,272.0HP 3.5L V6 Cylinder Engine Gasoline Fuel,A/T,Red,Beige,At least 1 accident or damage reported,Yes,11000.0,16,0.0969154456788927,1,6676.470588235294,1
Audi,Q3 2.0T Premium Plus,2015,155382.0,Gasoline,200.0HP 2.0L 4 Cylinder Engine Gasoline Fuel,A/T,Brown,Gray,At least 1 accident or damage reported,Yes,13500.0,11,0.08688209134847441,1,12948.5,1
Mercedes-Benz,E-Class E 550,2016,49643.0,Gasoline,402.0HP 4.7L 8 Cylinder Engine Gasoline Fuel,7-Speed A/T,White,Black,At least 1 accident or damage reported,Yes,33995.0,10,0.6847756022882926,1,4513.0,1
BMW,650 i xDrive,2015,76474.0,Gasoline,445.0HP 4.4L 8 Cylinder Engine Gasoline Fuel,Transmission w/Dual Shift Mode,White,Black,None reported,Yes,32000.0,11,0.41843739784243217,1,6372.833333333333,0
Porsche,Cayman Base,2016,10431.0,Gasoline,275.0HP 2.7L Flat 6 Cylinder Engine Gasoline Fuel,7-Speed A/T,Red,Black,None reported,Yes,50999.0,10,4.888707822085889,1,948.2727272727273,0
INFINITI,FX50 Base,2009,190120.0,Gasoline,390.0HP 5.0L 8 Cylinder Engine Gasoline Fuel,7-Speed A/T,Gray,Black,At least 1 accident or damage reported,Yes,12500.0,17,0.06574760284240036,0,10562.222222222223,1
Ford,F-150 XLT,2020,92000.0,Gasoline,375.0HP 3.5L V6 Cylinder Engine Gasoline Fuel,10-Speed A/T,Gray,Black,None reported,Yes,29999.0,6,0.3260725426897534,0,13142.857142857143,0
Chevrolet,Camaro 2LT,2017,24000.0,Gasoline,335.0HP 3.6L V6 Cylinder Engine Gasoline Fuel,6-Speed M/T,Yellow,Black,None reported,Yes,32000.0,9,1.3332777800924962,0,2400.0,0
RAM,1500 Big Horn,2020,25396.0,Gasoline,5.7L V8 16V MPFI OHV,8-Speed Automatic,Maximum Steel Metallic,Black,None reported,Yes,43250.0,6,1.702957042170335,0,3628.0,0
Chevrolet,Silverado 2500 H/D,2001,167000.0,Gasoline,300.0HP 6.0L 8 Cylinder Engine Gasoline Fuel,4-Speed A/T,White,Gray,At least 1 accident or damage reported,Yes,6500.0,25,0.03892192262321782,0,6423.076923076923,1
RAM,1500 Laramie,2022,18645.0,Gasoline,5.7L V8 16V MPFI OHV,Automatic,Diamond Black,Black,None reported,Yes,49700.0,4,2.665451035074547,0,3729.0,0
Porsche,911 Turbo,2018,28470.0,Gasoline,540.0HP 3.8L Flat 6 Cylinder Engine Gasoline Fuel,Transmission w/Dual Shift Mode,White,Black,At least 1 accident or damage reported,Yes,147500.0,8,5.180710196340136,1,3163.3333333333335,1
Ford,Mustang V6,2016,54000.0,Gasoline,300.0HP 3.7L V6 Cylinder Engine Gasoline Fuel,6-Speed A/T,White,Black,None reported,Yes,23999.0,10,0.44441769596859315,0,4909.090909090909,0
Hyundai,Accent GL,2003,83000.0,Gasoline,104.0HP 1.6L 4 Cylinder Engine Gasoline Fuel,M/T,Blue,Gray,None reported,Yes,2900.0,23,0.034939338080264094,0,3458.3333333333335,0
Audi,Q5 S line Premium Plus,2022,10071.0,Hybrid,2.0 Liter TFSI,Automatic,Mythos Black Metallic,Black,None reported,Yes,40598.0,4,4.0307783955520256,1,2014.2,0
Ford,F-150 XLT,2021,43329.0,Gasoline,3.5L V6 24V PDI DOHC Twin Turbo,10-Speed Automatic,Carbonized Gray Metallic,Black,None reported,Yes,43642.0,5,1.0072005538887607,0,7221.5,0
Lexus,RC F Base,2015,51400.0,Gasoline,467.0HP 5.0L 8 Cylinder Engine Gasoline Fuel,8-Speed A/T,Silver,Gray,None reported,Yes,43000.0,11,0.836559600007782,1,4283.333333333333,0
Chevrolet,Suburban 1500 LT,2015,153800.0,E85 Flex Fuel,355.0HP 5.3L 8 Cylinder Engine Flex Fuel Capability,6-Speed A/T,Silver,Black,At least 1 accident or damage reported,Yes,23000.0,11,0.14954389113204725,0,12816.666666666666,1
Land,Rover Range Rover Sport SVR Carbon Edition,2022,9000.0,Gasoline,575.0HP 5.0L 8 Cylinder Engine Gasoline Fuel,A/T,Green,Gray,None reported,Yes,115000.0,4,12.776358182424175,1,1800.0,0
Dodge,Viper SRT-10,2003,10800.0,Gasoline,500.0HP 8.3L 10 Cylinder Engine Gasoline Fuel,6-Speed M/T,Silver,Black,None reported,Yes,65499.0,23,6.0641607258587165,0,450.0,0
RAM,1500 Laramie,2020,10458.0,Gasoline,5.7L V8 16V MPFI OHV,8-Speed Automatic,Delmonico Red Pearlcoat,Black,None reported,Yes,48815.0,6,4.6672722057558085,0,1494.0,0
BMW,328 i,2014,84709.0,Gasoline,240.0HP 2.0L 4 Cylinder Engine Gasoline Fuel,8-Speed A/T,Silver,Gray,None reported,Yes,13800.0,12,0.16290874749144138,1,6516.076923076923,0
Mercedes-Benz,AMG C 43 AMG C 43 4MATIC,2019,33500.0,Gasoline,385.0HP 3.0L V6 Cylinder Engine Gasoline Fuel,9-Speed A/T,Red,Black,None reported,Yes,45770.0,7,1.3662278737948121,1,4187.5,0
BMW,M4 Base,2015,98000.0,Gasoline,425.0HP 3.0L Straight 6 Cylinder Engine Gasoline Fuel,Transmission w/Dual Shift Mode,Black,Orange,None reported,Yes,32999.0,11,0.3367210538667973,1,8166.666666666667,0
BMW,750 i,2008,94653.0,Gasoline,360.0HP 4.8L 8 Cylinder Engine Gasoline Fuel,A/T,Green,Green,At least 1 accident or damage reported,Yes,7300.0,18,0.0771229953303611,1,4981.736842105263,1
Ford,Expedition Limited,2023,9281.0,Gasoline,440.0HP 3.5L V6 Cylinder Engine Gasoline Fuel,A/T,Black,Black,None reported,Yes,85000.0,3,9.157509157509157,0,2320.25,0
Chevrolet,Traverse Premier,2023,11806.0,Gasoline,310.0HP 3.6L V6 Cylinder Engine Gasoline Fuel,9-Speed A/T,White,Black,None reported,Yes,47000.0,3,3.980689421529601,0,2951.5,0
Mercedes-Benz,E-Class D 2.5 Turbo,1993,70015.0,–,–,4-Speed A/T,Gray,Gray,None reported,Yes,22500.0,33,0.32135511882998175,1,2059.264705882353,0
Cadillac,Escalade Platinum,2020,48613.0,Gasoline,420.0HP 6.2L 8 Cylinder Engine Gasoline Fuel,A/T,Black,Black,At least 1 accident or damage reported,Yes,61500.0,6,1.2650676759781132,0,6944.714285714285,1
RAM,3500 Tradesman,2023,2990.0,Diesel,400.0HP 6.7L Straight 6 Cylinder Engine Diesel Fuel,A/T,White,Black,At least 1 accident or damage reported,Yes,69900.0,3,23.37011033099298,0,747.5,1
Audi,TT 1.8L,2005,124747.0,Gasoline,180.0HP 1.8L 4 Cylinder Engine Gasoline Fuel,Transmission w/Dual Shift Mode,Silver,Black,None reported,Yes,6900.0,21,0.05531150800012826,1,5670.318181818182,0
RAM,1500 Big Horn,2021,24000.0,Hybrid,395.0HP 5.7L 8 Cylinder Engine Gasoline/Mild Electric Hybrid,A/T,Silver,Black,None reported,Yes,42000.0,5,1.7499270863714012,0,4000.0,0
Mazda,CX-7 Sport,2009,113000.0,Gasoline,244.0HP 2.3L 4 Cylinder Engine Gasoline Fuel,6-Speed A/T,Gray,Black,None reported,Yes,5499.0,17,0.04866328616560915,0,6277.777777777777,0
INFINITI,QX60 Base,2017,89106.0,Gasoline,295.0HP 3.5L V6 Cylinder Engine Gasoline Fuel,Transmission w/Dual Shift Mode,White,Beige,None reported,Yes,18000.0,9,0.20200433187067235,0,8910.6,0
Ford,F-250 Platinum,2017,22000.0,E85 Flex Fuel,385.0HP 6.2L 8 Cylinder Engine Flex Fuel Capability,6-Speed A/T,Beige,Black,At least 1 accident or damage reported,Yes,53000.0,9,2.408981409935912,0,2200.0,1
Jeep,Compass Limited,2022,20472.0,Gasoline,2.4L I4 16V MPFI SOHC,9-Speed Automatic,Red,Black,None reported,Yes,28298.0,4,1.3822107165535096,0,4094.4,0
INFINITI,QX80 SENSORY,2023,8600.0,Gasoline,400.0HP 5.6L 8 Cylinder Engine Gasoline Fuel,7-Speed A/T,Black,Brown,None reported,Yes,78990.0,3,9.18381583536798,0,2150.0,0
Chevrolet,Silverado 1500 Limited LT Trail Boss,2022,4753.0,Gasoline,355.0HP 5.3L 8 Cylinder Engine Gasoline Fuel,10-Speed A/T,White,Black,None reported,Yes,57000.0,4,11.989903239377366,0,950.6,0
Hyundai,Genesis Coupe 2.0T,2010,65000.0,Gasoline,210.0HP 2.0L 4 Cylinder Engine Gasoline Fuel,A/T,Gray,Black,None reported,Yes,8900.0,16,0.1369209704466085,0,3823.529411764706,0
Chevrolet,Camaro 1SS,2021,15000.0,Gasoline,455.0HP 6.2L 8 Cylinder Engine Gasoline Fuel,6-Speed M/T,Blue,Gray,None reported,Yes,43500.0,5,2.8998066795546964,0,2500.0,0
Chevrolet,Tahoe Base,1997,229000.0,Diesel,180.0HP 6.5L 8 Cylinder Engine Diesel Fuel,A/T,Green,Beige,At least 1 accident or damage reported,Yes,19500.0,29,0.08515246658311536,0,7633.333333333333,1
Audi,A6 3.0 TDI Premium Plus,2014,42400.0,Diesel,240.0HP 3.0L V6 Cylinder Engine Diesel Fuel,8-Speed A/T,Silver,Black,None reported,Yes,26500.0,12,0.6249852597816089,1,3261.5384615384614,0
Land,Rover Defender S,2023,15840.0,Gasoline,296.0HP 2.0L 4 Cylinder Engine Gasoline Fuel,8-Speed A/T,White,Black,None reported,Yes,69900.0,3,4.412600214632914,1,3960.0,0
Porsche,Cayenne S,2016,76200.0,Gasoline,420.0HP 3.6L V6 Cylinder Engine Gasoline Fuel,Transmission w/Dual Shift Mode,Gray,Beige,None reported,Yes,42000.0,10,0.5511738691093293,1,6927.272727272727,0
Chevrolet,Suburban Premier,2019,105667.0,Gasoline,355.0HP 5.3L 8 Cylinder Engine Gasoline Fuel,6-Speed A/T,Black,Beige,None reported,Yes,39000.0,7,0.36908051633417877,0,13208.375,0
Chevrolet,Suburban Premier,2019,51338.0,Gasoline,355.0HP 5.3L 8 Cylinder Engine Gasoline Fuel,6-Speed A/T,White,Black,None reported,Yes,49900.0,7,0.9719706266191395,0,6417.25,0
Dodge,Dart SE,2016,76857.0,Gasoline,160.0HP 2.0L 4 Cylinder Engine Gasoline Fuel,M/T,Black,Black,At least 1 accident or damage reported,Yes,8100.0,10,0.10538915922870748,0,6987.0,1
Ford,F-250 Lariat,2019,80200.0,E85 Flex Fuel,385.0HP 6.2L 8 Cylinder Engine Flex Fuel Capability,A/T,White,Black,None reported,Yes,42500.0,7,0.5299185795688333,0,10025.0,0
Toyota,Sequoia SR5,2002,244200.0,Gasoline,240.0HP 4.7L 8 Cylinder Engine Gasoline Fuel,A/T,White,–,At least 1 accident or damage reported,Yes,3950.0,24,0.016175199937756193,0,9768.0,1
Ford,Mustang GT,2014,38560.0,Gasoline,420.0HP 5.0L 8 Cylinder Engine Gasoline Fuel,6-Speed M/T,Black,Black,At least 1 accident or damage reported,Yes,28500.0,12,0.7390887165789269,0,2966.153846153846,1
Chevrolet,Corvette Stingray w/2LT,2020,12500.0,Gasoline,490.0HP 6.2L 8 Cylinder Engine Gasoline Fuel,Transmission w/Dual Shift Mode,Yellow,Black,None reported,Yes,84999.0,6,6.799376049916007,0,1785.7142857142858,0
Hyundai,Genesis Coupe 3.8 Base,2016,45303.0,Gasoline,348.0HP 3.8L V6 Cylinder Engine Gasoline Fuel,8-Speed A/T,White,Black,None reported,Yes,20999.0,10,0.463513155571252,0,4118.454545454545,0
Ford,Focus ST Base,2014,110000.0,Gasoline,252.0HP 2.0L 4 Cylinder Engine Gasoline Fuel,6-Speed M/T,Silver,Gray,None reported,Yes,9495.0,12,0.08631739711457169,0,8461.538461538461,0
Cadillac,CTS Luxury,2011,66200.0,Gasoline,270.0HP 3.0L V6 Cylinder Engine Gasoline Fuel,6-Speed A/T,Black,Black,None reported,Yes,16499.0,15,0.24922584250993188,0,4137.5,0
Subaru,Baja Base,2003,71000.0,Gasoline,165.0HP 2.5L 4 Cylinder Engine Gasoline Fuel,5-Speed M/T,Red,Black,None reported,Yes,14900.0,23,0.20985619920846185,0,2958.3333333333335,0
Toyota,Highlander XLE,2019,81301.0,Gasoline,3.5L V6 24V PDI DOHC,8-Speed Automatic,Black,Black,None reported,Yes,30275.0,7,0.3723770632948759,0,10162.625,0
Chevrolet,Corvette Stingray Z51,2019,7033.0,Gasoline,460.0HP 6.2L 8 Cylinder Engine Gasoline Fuel,8-Speed A/T,White,Black,None reported,Yes,63900.0,7,9.08444697185101,0,879.125,0
Dodge,Durango SRT,2020,36000.0,Gasoline,475.0HP 6.4L 8 Cylinder Engine Gasoline Fuel,8-Speed A/T,Gray,Red,None reported,Yes,62000.0,6,1.7221743840448875,0,5142.857142857143,0
Acura,TSX 2.4,2010,116000.0,Gasoline,201.0HP 2.4L 4 Cylinder Engine Gasoline Fuel,6-Speed M/T,Silver,Black,At least 1 accident or damage reported,Yes,9000.0,16,0.07758553805570642,0,6823.529411764706,1
Chevrolet,Camaro 2SS,2018,42780.0,Gasoline,455.0HP 6.2L 8 Cylinder Engine Gasoline Fuel,Transmission w/Dual Shift Mode,Black,Black,At least 1 accident or damage reported,Yes,41100.0,8,0.9607068558472219,0,4753.333333333333,1
BMW,640 Gran Coupe i,2014,39886.0,Gasoline,315.0HP 3.0L Straight 6 Cylinder Engine Gasoline Fuel,Transmission w/Dual Shift Mode,Black,Red,At least 1 accident or damage reported,Yes,26000.0,12,0.6518414521021887,1,3068.153846153846,1
Audi,S5 3.0T Premium Plus,2014,151400.0,Gasoline,333.0HP 3.0L V6 Cylinder Engine Gasoline Fuel,Transmission w/Dual Shift Mode,Gray,Black,None reported,Yes,15400.0,12,0.10171663331153691,1,11646.153846153846,0
Alfa,Romeo Giulia Base,2017,48000.0,Gasoline,280.0HP 2.0L 4 Cylinder Engine Gasoline Fuel,A/T,Red,Black,None reported,Yes,20500.0,9,0.42707443594925104,0,4800.0,0
Toyota,Highlander XLE,2023,8727.0,Gasoline,2.4L I4 16V PDI DOHC Turbo,8-Speed Automatic,Ruby Flare Pearl,Black,None reported,Yes,44596.0,3,5.109532538955087,0,2181.75,0
Rolls-Royce,Ghost Base,2011,79000.0,Gasoline,563.0HP 6.6L 12 Cylinder Engine Gasoline Fuel,8-Speed A/T,Black,White,At least 1 accident or damage reported,Yes,80300.0,15,1.016442829837597,0,4937.5,1
Dodge,Challenger R/T,2020,54000.0,Gasoline,372.0HP 5.7L 8 Cylinder Engine Gasoline Fuel,8-Speed A/T,Gray,Black,None reported,Yes,34000.0,6,0.6296179700375919,0,7714.285714285715,0
Porsche,Cayenne Base,2016,110000.0,Gasoline,300.0HP 3.6L V6 Cylinder Engine Gasoline Fuel,A/T,White,White,At least 1 accident or damage reported,Yes,25900.0,10,0.23545240497813658,1,10000.0,1
Chevrolet,Bolt EV LT,2020,49688.0,Gasoline,200.0HP Electric Motor Electric Fuel System,A/T,Blue,Gray,None reported,Yes,24900.0,6,0.5011169474129082,0,7098.285714285715,0
Mercedes-Benz,Metris Base,2020,14000.0,Gasoline,208.0HP 2.0L 4 Cylinder Engine Gasoline Fuel,7-Speed A/T,Black,Beige,None reported,Yes,48000.0,6,3.428326548103707,1,2000.0,0
Dodge,Charger SRT Hellcat Widebody,2023,5000.0,Gasoline,717.0HP 6.2L 8 Cylinder Engine Gasoline Fuel,Transmission w/Dual Shift Mode,Gray,Black,None reported,Yes,110000.0,3,21.995600879824035,0,1250.0,0
Chevrolet,Silverado 1500 ZR2,2022,11597.0,Gasoline,6.2L V8 16V GDI OHV,Automatic,Silver Ice Metallic,Jet Black,None reported,Yes,68590.0,4,5.913950681151923,0,2319.4,0
Mercedes-Benz,AMG S 63 Base 4MATIC,2017,86101.0,Gasoline,577.0HP 5.5L 8 Cylinder Engine Gasoline Fuel,A/T,Gray,Red,At least 1 accident or damage reported,Yes,72777.0,9,0.8452416900884997,1,8610.1,1
Chevrolet,Silverado 1500 LT,2017,58816.0,Gasoline,5.3L V8 16V GDI OHV,6-Speed Electronically Controlled Automatic with O,Black,Jet Black,None reported,Yes,36590.0,9,0.6220990529948824,0,5881.6,0
Lexus,RC 350 Base,2016,77856.0,Gasoline,3.5L V6 24V PDI DOHC,6-Speed Automatic,Atomic Silver,Black,None reported,Yes,30919.0,10,0.3971254993128428,1,7077.818181818182,0
Lamborghini,Urus Base,2021,20069.0,Gasoline,4.0L V8 32V GDI DOHC Twin Turbo,8-Speed Automatic,Rosso Mars Metallic,Nero Ade,None reported,Yes,229900.0,5,11.454907822620827,0,3344.8333333333335,0
GMC,Acadia SLE-1,2015,115282.0,Gasoline,3.6L V6 24V GDI DOHC,6-Speed Automatic,Crimson Red Tintcoat,Ebony,At least 1 accident or damage reported,Yes,12433.0,11,0.10784764449224951,0,9606.833333333334,1
Porsche,911 GT3,2016,30700.0,Gasoline,475.0HP 3.8L Flat 6 Cylinder Engine Gasoline Fuel,7-Speed A/T,White,Black,None reported,Yes,138999.0,10,4.527507247320934,1,2790.909090909091,0
MINI,Cooper Base,2003,103726.0,Gasoline,115.0HP 1.6L 4 Cylinder Engine Gasoline Fuel,5-Speed M/T,Red,Gray,At least 1 accident or damage reported,Yes,5995.0,23,0.05779594512518438,0,4321.916666666667,1
Mazda,MX-5 Miata Sport,2008,39800.0,Gasoline,158.0HP 2.0L 4 Cylinder Engine Gasoline Fuel,Transmission w/Dual Shift Mode,Blue,Black,None reported,Yes,13250.0,18,0.33290620838672397,0,2094.7368421052633,0
Toyota,4Runner TRD Off Road,2019,79500.0,Gasoline,270.0HP 4.0L V6 Cylinder Engine Gasoline Fuel,A/T,White,Black,None reported,Yes,33333.0,7,0.419277744934026,0,9937.5,0
Toyota,Highlander Limited,2008,165520.0,Gasoline,270.0HP 3.5L V6 Cylinder Engine Gasoline Fuel,A/T,Gray,Gray,At least 1 accident or damage reported,Yes,9000.0,18,0.05437376526241383,0,8711.578947368422,1
BMW,650 Gran Coupe i,2014,92000.0,Gasoline,445.0HP 4.4L 8 Cylinder Engine Gasoline Fuel,Transmission w/Dual Shift Mode,Black,Black,At least 1 accident or damage reported,Yes,24000.0,12,0.2608667297094597,1,7076.923076923077,1
Hyundai,Palisade Calligraphy,2023,1500.0,Gasoline,291.0HP 3.8L V6 Cylinder Engine Gasoline Fuel,Transmission w/Dual Shift Mode,Green,Black,None reported,Yes,55000.0,3,36.64223850766156,0,375.0,0
Pontiac,Solstice GXP,2008,38100.0,Gasoline,260.0HP 2.0L 4 Cylinder Engine Gasoline Fuel,5-Speed M/T,Orange,Black,None reported,Yes,19950.0,18,0.5236083042439831,0,2005.2631578947369,0
Land,Rover Range Rover Evoque SE Premium,2018,42125.0,Gasoline,237.0HP 2.0L 4 Cylinder Engine Gasoline Fuel,Transmission w/Dual Shift Mode,White,Black,None reported,Yes,38999.0,8,0.9257703081232493,1,4680.555555555556,0
Porsche,Cayenne Diesel,2014,86818.0,Diesel,240.0HP 3.0L V6 Cylinder Engine Diesel Fuel,Transmission w/Dual Shift Mode,Silver,Black,None reported,Yes,33500.0,12,0.3858602379663438,1,6678.307692307692,0
BMW,M3 Competition xDrive,2023,3490.0,Gasoline,503.0HP 3.0L Straight 6 Cylinder Engine Gasoline Fuel,8-Speed A/T,Gray,Black,None reported,Yes,95580.0,3,27.378974505872243,1,872.5,0
Toyota,Avalon Limited,2008,111300.0,Gasoline,268.0HP 3.5L V6 Cylinder Engine Gasoline Fuel,Transmission w/Dual Shift Mode,Gold,Beige,None reported,Yes,7900.0,18,0.07097869740613291,0,5857.894736842105,0
BMW,M3 Base,2011,98200.0,Gasoline,414.0HP 4.0L 8 Cylinder Engine Gasoline Fuel,7-Speed A/T,White,Black,None reported,Yes,27000.0,15,0.27494628364273277,1,6137.5,0
Porsche,Panamera Base,2018,42500.0,Gasoline,330.0HP 3.0L V6 Cylinder Engine Gasoline Fuel,8-Speed A/T,Black,Beige,At least 1 accident or damage reported,Yes,53999.0,8,1.2705348109456247,1,4722.222222222223,1
Jeep,Wrangler Sport,2001,171000.0,Gasoline,181.0HP 4.0L Straight 6 Cylinder Engine Gasoline Fuel,5-Speed M/T,White,Black,At least 1 accident or damage reported,Yes,15000.0,25,0.08771878527026157,0,6576.923076923077,1
Honda,Passport TrailSport,2023,11649.0,Gasoline,280.0HP 3.5L V6 Cylinder Engine Gasoline Fuel,9-Speed A/T,Black,Black,None reported,Yes,39999.0,3,3.433390557939914,0,2912.25,0
Mercedes-Benz,SL-Class SL 550,2013,24933.0,Gasoline,429.0HP 4.6L 8 Cylinder Engine Gasoline Fuel,Transmission w/Dual Shift Mode,Silver,Red,At least 1 accident or damage reported,Yes,40250.0,13,1.6142616507580012,1,1780.9285714285713,1
Audi,RS 4 Base,2007,99769.0,Gasoline,420.0HP 4.2L 8 Cylinder Engine Gasoline Fuel,6-Speed M/T,Gray,White,None reported,Yes,29995.0,19,0.30064147539340486,1,4988.45,0
Toyota,Avalon Limited,2022,16156.0,Gasoline,3.5L V6 24V PDI DOHC,8-Speed Automatic,Blueprint,Graphite,None reported,Yes,39390.0,4,2.437952590208578,0,3231.2,0
Mercedes-Benz,E-Class E 350 4MATIC,2008,67250.0,Gasoline,268.0HP 3.5L V6 Cylinder Engine Gasoline Fuel,A/T,White,Beige,None reported,Yes,11900.0,18,0.1769490416499383,1,3539.4736842105262,0
GMC,Yukon Denali,2021,30022.0,Gasoline,420.0HP 6.2L 8 Cylinder Engine Gasoline Fuel,A/T,Blue,Black,At least 1 accident or damage reported,Yes,74500.0,5,2.4814309029743864,0,5003.666666666667,1
Porsche,Panamera 4S,2017,42596.0,Gasoline,440.0HP 2.9L V6 Cylinder Engine Gasoline Fuel,Transmission w/Dual Shift Mode,Black,Black,None reported,Yes,78000.0,9,1.8311148672441722,1,4259.6,0
Ford,Explorer XLT,2021,33705.0,Gasoline,2.3L I4 16V GDI DOHC Turbo,10-Speed Automatic,White,Light Slate,At least 1 accident or damage reported,Yes,36995.0,5,1.0975790660416542,0,5617.5,1
Land,Rover LR4 HSE LUX Landmark Edition,2016,63300.0,Gasoline,340.0HP 3.0L V6 Cylinder Engine Gasoline Fuel,8-Speed A/T,White,Brown,None reported,Yes,31000.0,10,0.48972370104737684,1,5754.545454545455,0
Acura,TLX Type S w/Performance Tire,2023,4700.0,Gasoline,355.0HP 3.0L V6 Cylinder Engine Gasoline Fuel,10-Speed A/T,Red,Black,None reported,Yes,52000.0,3,11.061476281642204,0,1175.0,0
Toyota,Tacoma Base,2020,27256.0,Gasoline,3.5 Liter,6 Speed At/Mt,Midnight Black Metallic,Black/Gun Metal,None reported,Yes,42998.0,6,1.577503026745423,0,3893.714285714286,0
Hummer,H3 Base,2010,107481.0,Gasoline,239.0HP 3.7L 5 Cylinder Engine Gasoline Fuel,A/T,White,Black,None reported,Yes,13500.0,16,0.1256024264528014,0,6322.411764705882,0
Tesla,Model 3 Long Range,2018,61700.0,Gasoline,271.0HP Electric Motor Electric Fuel System,A/T,White,Black,None reported,Yes,25900.0,8,0.4197662922805141,0,6855.555555555556,0
Volvo,850 Turbo,1995,94000.0,–,–,A/T,White,Black,None reported,Yes,4500.0,31,0.04787183115073244,0,2937.5,0
Jeep,Wrangler Unlimited Sahara,2017,128000.0,Gasoline,285.0HP 3.6L V6 Cylinder Engine Gasoline Fuel,5-Speed A/T,Gray,Black,None reported,Yes,26800.0,9,0.20937336427059164,0,12800.0,0
Chevrolet,Camaro 2SS,2018,26000.0,Gasoline,455.0HP 6.2L 8 Cylinder Engine Gasoline Fuel,8-Speed A/T,White,Black,None reported,Yes,39000.0,8,1.4999423099111573,0,2888.8888888888887,0
Audi,S6 4.0T,2015,74000.0,Gasoline,420.0HP 4.0L 8 Cylinder Engine Gasoline Fuel,7-Speed A/T,Blue,Gray,None reported,Yes,29950.0,11,0.40472426048296645,1,6166.666666666667,0
Audi,TT RS Base,2012,54900.0,Gasoline,360.0HP 2.5L 5 Cylinder Engine Gasoline Fuel,6-Speed M/T,White,Brown,None reported,Yes,28900.0,14,0.5264020691790677,1,3660.0,0
INFINITI,QX56 Base,2012,141775.0,Gasoline,400.0HP 5.6L 8 Cylinder Engine Gasoline Fuel,Transmission w/Dual Shift Mode,White,Beige,None reported,Yes,11500.0,14,0.08111386976639205,0,9451.666666666666,0
Volkswagen,New Beetle GLS,2001,63250.0,Gasoline,115.0HP 2.0L 4 Cylinder Engine Gasoline Fuel,4-Speed A/T,Yellow,Yellow,None reported,Yes,12000.0,25,0.18972032062734187,0,2432.6923076923076,0
Audi,Q5 S line Premium Plus,2022,13895.0,Hybrid,2.0 Liter TFSI,Automatic,Daytona Gray,Black,None reported,Yes,44998.0,4,3.2381980426021877,1,2779.0,0
Lamborghini,Aventador LP750-4 Superveloce,2017,10654.0,Gasoline,"6.5L V-12 DOHC, variable valve control, premium unleaded, engine",Automatic,Balloon White,Nero Ade,None reported,Yes,449991.0,9,42.232848427968094,0,1065.4,0
Ford,F-250 XL,2014,35900.0,E85 Flex Fuel,385.0HP 6.2L 8 Cylinder Engine Flex Fuel Capability,Transmission w/Dual Shift Mode,Blue,Gray,At least 1 accident or damage reported,Yes,27900.0,12,0.7771371270995237,0,2761.5384615384614,1
GMC,Yukon XL Denali,2022,48306.0,Gasoline,6.2L V8 16V GDI OHV,10-Speed Automatic,Summit White,Jet Black,At least 1 accident or damage reported,Yes,71999.0,4,1.4904465191380132,0,9661.2,1
Audi,A4 2.0T Premium,2012,125000.0,Gasoline,211.0HP 2.0L 4 Cylinder Engine Gasoline Fuel,8-Speed A/T,Black,Black,None reported,Yes,10500.0,14,0.08399932800537596,1,8333.333333333334,0
Dodge,Challenger SRT 392,2016,37700.0,–,–,8-Speed A/T,Black,Black,At least 1 accident or damage reported,Yes,38000.0,10,1.0079308241160712,0,3427.2727272727275,1
Tesla,Model S P100D,2017,103000.0,Gasoline,Electric Motor Electric Fuel System,1-Speed A/T,Black,White,None reported,Yes,36000.0,9,0.349511169794468,0,10300.0,0
Mazda,CX-30 Premium Package,2021,45303.0,Gasoline,2.5L I4 16V GDI DOHC,6-Speed Automatic,Snowflake White Pearl,White / Brown,None reported,Yes,25382.0,5,0.5602595797280593,0,7550.5,0
Lexus,ES 350 Base,2016,53900.0,Gasoline,268.0HP 3.5L V6 Cylinder Engine Gasoline Fuel,A/T,Red,Beige,None reported,Yes,27500.0,10,0.5101946160553608,1,4900.0,0
Jeep,Wrangler Sahara,2008,54000.0,Gasoline,202.0HP 3.8L V6 Cylinder Engine Gasoline Fuel,A/T,Green,Gray,None reported,Yes,20000.0,18,0.37036351178681876,0,2842.1052631578946,0
Chevrolet,Avalanche 1500 LTZ,2007,129000.0,Gasoline,366.0HP 6.0L 8 Cylinder Engine Gasoline Fuel,A/T,White,Beige,None reported,Yes,17950.0,19,0.13914620816892892,0,6450.0,0
Jeep,Grand Cherokee L Laredo,2022,10232.0,Gasoline,3.6L V6 24V MPFI DOHC,Automatic,Diamond Black,Global Black,None reported,Yes,44646.0,4,4.36294341835239,0,2046.4,0
Acura,MDX w/Advance Package,2023,3708.0,Gasoline,3.5 Liter SOHC,Automatic,White,Espresso,None reported,Yes,58998.0,3,15.906713399838232,0,927.0,0
Nissan,Pathfinder SL,2018,167000.0,Gasoline,284.0HP 3.5L V6 Cylinder Engine Gasoline Fuel,A/T,Black,Beige,None reported,Yes,14500.0,8,0.08682582739025514,0,18555.555555555555,0
Tesla,Model X Long Range,2019,37000.0,Gasoline,518.0HP Electric Motor Electric Fuel System,1-Speed A/T,Gray,Black,None reported,Yes,58000.0,7,1.567525202021567,0,4625.0,0
Subaru,Impreza Premium,2022,10419.0,Gasoline,"2L H-4 gasoline direct injection, DOHC, variable valve control,",Variable,Crystal White Pearl,Black,At least 1 accident or damage reported,Yes,24998.0,4,2.3990403071017274,0,2083.8,1
Audi,A8 4.0T,2014,96238.0,Gasoline,420.0HP 4.0L 8 Cylinder Engine Gasoline Fuel,Transmission w/Dual Shift Mode,Black,Black,At least 1 accident or damage reported,Yes,22500.0,12,0.23379295296085786,1,7402.923076923077,1
Subaru,Ascent Limited 7-Passenger,2022,12700.0,Gasoline,260.0HP 2.4L 4 Cylinder Engine Gasoline Fuel,CVT Transmission,White,Beige,None reported,Yes,38500.0,4,3.0312573813085586,0,2540.0,0
Chevrolet,Avalanche 1500 LT,2007,244000.0,E85 Flex Fuel,320.0HP 5.3L 8 Cylinder Engine Flex Fuel Capability,A/T,Gray,Gray,None reported,Yes,16900.0,19,0.06926201122126549,0,12200.0,0
Porsche,Cayenne S,2015,124000.0,Gasoline,420.0HP 3.6L V6 Cylinder Engine Gasoline Fuel,8-Speed A/T,White,Beige,None reported,Yes,25000.0,11,0.20161127732840864,1,10333.333333333334,0
BMW,335 i,2009,123000.0,Gasoline,300.0HP 3.0L Straight 6 Cylinder Engine Gasoline Fuel,A/T,Purple,Black,None reported,Yes,15000.0,17,0.12195022804692644,1,6833.333333333333,0
GMC,Sierra 1500 Limited Elevation,2022,24900.0,Gasoline,310.0HP 2.7L 4 Cylinder Engine Gasoline Fuel,8-Speed A/T,Black,Black,None reported,Yes,49900.0,4,2.0039355849162686,0,4980.0,0
Ford,Explorer Sport,2016,95500.0,Gasoline,365.0HP 3.5L V6 Cylinder Engine Gasoline Fuel,Transmission w/Dual Shift Mode,Black,Black,None reported,Yes,20000.0,10,0.20942189087025267,0,8681.818181818182,0
Cadillac,Escalade ESV Sport,2021,4283.0,Gasoline,6.2L V8 16V GDI OHV,10-Speed Automatic,Black,Brandy,None reported,Yes,479995.0,5,112.0436507936508,0,713.8333333333334,0
Lexus,LX 570 Three-Row,2021,48300.0,Gasoline,383.0HP 5.7L 8 Cylinder Engine Gasoline Fuel,A/T,White,Red,None reported,Yes,82000.0,5,1.6976874184799486,1,8050.0,0
BMW,M3 Base,2008,94000.0,Gasoline,414.0HP 4.0L 8 Cylinder Engine Gasoline Fuel,6-Speed M/T,Gray,Red,None reported,Yes,25999.0,18,0.27658216401953173,1,4947.368421052632,0
Nissan,Xterra Pro-4X,2011,183000.0,Gasoline,261.0HP 4.0L V6 Cylinder Engine Gasoline Fuel,A/T,Black,Gray,At least 1 accident or damage reported,Yes,12000.0,15,0.06557341216714663,0,11437.5,1
Ford,Fusion Hybrid SE Hybrid,2013,126225.0,Hybrid,188.0HP 2.0L 4 Cylinder Engine Gas/Electric Hybrid,CVT Transmission,Silver,Black,At least 1 accident or damage reported,Yes,11500.0,13,0.09110642815267853,0,9016.07142857143,1
Volkswagen,Golf GTI 2.0T SE 4-Door,2016,87892.0,Gasoline,210.0HP 2.0L 4 Cylinder Engine Gasoline Fuel,6-Speed M/T,Gray,Black,None reported,Yes,16000.0,10,0.1820395253319377,0,7990.181818181818,0
Cadillac,CTS-V Base,2012,45000.0,Gasoline,556.0HP 6.2L 8 Cylinder Engine Gasoline Fuel,6-Speed A/T,Red,Black,None reported,Yes,41500.0,14,0.92220172885047,0,3000.0,0
Aston,Martin Vantage Base,2022,1023.0,Gasoline,503.0HP 4.0L 8 Cylinder Engine Gasoline Fuel,8-Speed A/T,Blue,Brown,None reported,Yes,156900.0,4,153.22265625,0,204.6,0
Lexus,GX 460 Base,2015,106000.0,Gasoline,301.0HP 4.6L 8 Cylinder Engine Gasoline Fuel,A/T,Black,Beige,None reported,Yes,37500.0,11,0.35377024745049573,1,8833.333333333334,0
GMC,Acadia SLT-1,2019,51300.0,Gasoline,193.0HP 2.5L 4 Cylinder Engine Gasoline Fuel,6-Speed A/T,Black,Black,At least 1 accident or damage reported,Yes,25500.0,7,0.4970663339895908,0,6412.5,1
Ford,Bronco Sport Big Bend,2021,30176.0,Gasoline,1.5L I3 12V PDI DOHC Turbo,8-Speed Automatic,Black,Medium Dark Slate,None reported,Yes,28979.0,5,0.9603008914073632,0,5029.333333333333,0
Nissan,Titan SV,2021,27598.0,Gasoline,5.6L V8 32V GDI DOHC,9-Speed Automatic,Black,Black,None reported,Yes,39884.0,5,1.4451248233631653,0,4599.666666666667,0
Volkswagen,Jetta SportWagen SE,2012,107000.0,Gasoline,170.0HP 2.5L 5 Cylinder Engine Gasoline Fuel,A/T,Black,Beige,None reported,Yes,9499.0,14,0.0887748712628854,0,7133.333333333333,0
Land,Rover Range Rover 5.0L V8 Supercharged,2019,17500.0,Gasoline,518.0HP 5.0L 8 Cylinder Engine Gasoline Fuel,8-Speed A/T,Black,Black,None reported,Yes,65000.0,7,3.714073481515342,1,2187.5,0
RAM,2500 Laramie,2017,117878.0,Diesel,350.0HP 6.7L Straight 6 Cylinder Engine Diesel Fuel,Transmission w/Dual Shift Mode,Red,Black,None reported,Yes,42000.0,9,0.35629755936171836,0,11787.8,0
Nissan,Murano SL,2010,138700.0,Gasoline,265.0HP 3.5L V6 Cylinder Engine Gasoline Fuel,CVT Transmission,Gray,Black,At least 1 accident or damage reported,Yes,7000.0,16,0.050468273480364235,0,8158.823529411765,1
Cadillac,Escalade ESV Base,2009,152068.0,E85 Flex Fuel,403.0HP 6.2L 8 Cylinder Engine Flex Fuel Capability,6-Speed A/T,White,Black,At least 1 accident or damage reported,Yes,12350.0,17,0.08121313351176111,0,8448.222222222223,1
BMW,428 i xDrive SULEV,2016,77000.0,Gasoline,240.0HP 2.0L 4 Cylinder Engine Gasoline Fuel,Transmission w/Dual Shift Mode,White,Red,At least 1 accident or damage reported,Yes,26999.0,10,0.3506318099764938,1,7000.0,1
Ford,Focus RS Base,2017,26000.0,Gasoline,350.0HP 2.3L 4 Cylinder Engine Gasoline Fuel,6-Speed M/T,Gray,Black,None reported,Yes,37000.0,9,1.4230221914541747,0,2600.0,0
Lexus,CT 200h Premium,2014,131200.0,Hybrid,134.0HP 1.8L 4 Cylinder Engine Gas/Electric Hybrid,A/T,Brown,Brown,None reported,Yes,14000.0,12,0.10670650376140425,1,10092.307692307691,0
Buick,Enclave Leather,2017,83280.0,Gasoline,3.6L V6 24V GDI DOHC,6-Speed Automatic,Quicksilver Metallic,Ebony,None reported,Yes,20599.0,9,0.2473433316122525,0,8328.0,0
BMW,M3 Base,2015,59000.0,Gasoline,425.0HP 3.0L Straight 6 Cylinder Engine Gasoline Fuel,6-Speed M/T,Gray,Black,None reported,Yes,53500.0,11,0.9067642921306418,1,4916.666666666667,0
Volkswagen,Arteon 2.0T SEL R-Line,2020,15500.0,Gasoline,268.0HP 2.0L 4 Cylinder Engine Gasoline Fuel,8-Speed A/T,Silver,Black,None reported,Yes,30000.0,6,1.9353590090961874,0,2214.285714285714,0
BMW,X6 xDrive35i,2013,90000.0,Gasoline,300.0HP 3.0L Straight 6 Cylinder Engine Gasoline Fuel,8-Speed A/T,White,Red,None reported,Yes,19950.0,13,0.22166420373106965,1,6428.571428571428,0
INFINITI,G35 Base,2006,94000.0,Gasoline,280.0HP 3.5L V6 Cylinder Engine Gasoline Fuel,Transmission w/Dual Shift Mode,White,Gray,At least 1 accident or damage reported,Yes,10995.0,20,0.11696684077828959,0,4476.190476190476,1
Hummer,H2 Base,2008,63750.0,Gasoline,393.0HP 6.2L 8 Cylinder Engine Gasoline Fuel,6-Speed A/T,White,Black,At least 1 accident or damage reported,Yes,55000.0,18,0.8627315649950589,0,3355.2631578947367,1
Mercedes-Benz,C-Class C 300 4MATIC Luxury,2011,95500.0,Gasoline,228.0HP 3.0L V6 Cylinder Engine Gasoline Fuel,A/T,Black,Beige,At least 1 accident or damage reported,Yes,15990.0,15,0.167432801750767,1,5968.75,1
Acura,ILX Premium Package,2019,37900.0,Gasoline,201.0HP 2.4L 4 Cylinder Engine Gasoline Fuel,A/T,White,Black,None reported,Yes,26000.0,7,0.6859977309305824,0,4737.5,0
Porsche,911 GT3,2015,13250.0,Gasoline,475.0HP 3.8L Flat 6 Cylinder Engine Gasoline Fuel,7-Speed A/T,Brown,Gray,None reported,Yes,154900.0,11,11.689683797449248,1,1104.1666666666667,0
RAM,1500 Longhorn,2019,76249.0,Gasoline,5.7L V8 16V MPFI OHV,8-Speed Automatic,Diamond Black,Mountain Brown,At least 1 accident or damage reported,Yes,40995.0,7,0.5376393442622951,0,9531.125,1
BMW,M3 Base,2001,81000.0,Gasoline,333.0HP 3.2L Straight 6 Cylinder Engine Gasoline Fuel,6-Speed M/T,Blue,Gray,None reported,Yes,39000.0,25,0.4814755373390452,1,3115.3846153846152,0
Chevrolet,Suburban LT,2022,37806.0,Gasoline,355.0HP 5.3L 8 Cylinder Engine Gasoline Fuel,10-Speed A/T,Black,Black,None reported,Yes,60894.0,4,1.6106541116724415,0,7561.2,0
Dodge,Ram 2500 ST,2010,151544.0,Gasoline,355.0HP 5.7L 8 Cylinder Engine Gasoline Fuel,5-Speed A/T,Brown,Gray,At least 1 accident or damage reported,Yes,17700.0,16,0.11679699099277442,0,8914.35294117647,1
Chevrolet,Camaro 2SS,2012,60345.0,Gasoline,400.0HP 6.2L 8 Cylinder Engine Gasoline Fuel,6-Speed A/T,Yellow,Black,None reported,Yes,26950.0,14,0.44659132336857454,0,4023.0,0
Dodge,Challenger SE,2010,90305.0,Gasoline,250.0HP 3.5L V6 Cylinder Engine Gasoline Fuel,A/T,Gray,Black,None reported,Yes,12000.0,16,0.13288153611055745,0,5312.058823529412,0
Jeep,Grand Cherokee L Limited,2022,13275.0,Gasoline,3.6L V6 24V MPFI DOHC,8-Speed Automatic,Velvet Red Pearlcoat,Global Black,None reported,Yes,42599.0,4,3.2087225067791505,0,2655.0,0
Chevrolet,Camaro 2SS,2018,8660.0,Gasoline,455.0HP 6.2L 8 Cylinder Engine Gasoline Fuel,8-Speed A/T,White,Black,None reported,Yes,45000.0,8,5.195704883962591,0,962.2222222222222,0
Ford,F-350 Lariat,2021,28220.0,Diesel,475.0HP 6.7L 8 Cylinder Engine Diesel Fuel,10-Speed A/T,Silver,Black,None reported,Yes,73600.0,5,2.6079869600651997,0,4703.333333333333,0
Ford,F-250 King Ranch,2015,97700.0,Diesel,440.0HP 6.7L 8 Cylinder Engine Diesel Fuel,6-Speed A/T,Black,–,None reported,Yes,39950.0,11,0.40890062537742705,0,8141.666666666667,0
Chevrolet,Corvette Stingray w/3LT,2023,4200.0,Gasoline,490.0HP 6.2L 8 Cylinder Engine Gasoline Fuel,A/T,White,Black,None reported,Yes,98000.0,3,23.327779100214233,0,1050.0,0
Bentley,Continental GT V8 First Edition,2020,27404.0,Gasoline,"4L V-8 gasoline direct injection, DOHC, variable valve control,",Automatic,Dark Sapphire,Linen,None reported,Yes,199991.0,6,7.297609925196132,1,3914.8571428571427,0
Lincoln,MKC Reserve,2016,100000.0,Gasoline,240.0HP 2.0L 4 Cylinder Engine Gasoline Fuel,Transmission w/Dual Shift Mode,White,White,None reported,Yes,24000.0,10,0.23999760002399975,0,9090.90909090909,0
Ford,Excursion Limited,2001,333361.0,Diesel,250.0HP 7.3L 8 Cylinder Engine Diesel Fuel,A/T,Black,Beige,At least 1 accident or damage reported,Yes,17000.0,25,0.050995614377163566,0,12821.576923076924,1
Land,Rover Discovery SE,2018,63295.0,Gasoline,340.0HP 3.0L V6 Cylinder Engine Gasoline Fuel,8-Speed A/T,Blue,White,None reported,Yes,29993.0,8,0.4738530080889788,1,7032.777777777777,0
Land,Rover Defender V8,2022,3000.0,Gasoline,518.0HP 5.0L 8 Cylinder Engine Gasoline Fuel,8-Speed A/T,Black,Black,None reported,Yes,96500.0,4,32.15594801732756,1,600.0,0
Chevrolet,Silverado 1500 2LT,2014,102604.0,E85 Flex Fuel,355.0HP 5.3L 8 Cylinder Engine Flex Fuel Capability,6-Speed A/T,Gray,Gray,None reported,Yes,25500.0,12,0.24852590029725646,0,7892.615384615385,0
Mercedes-Benz,AMG G 63 Base,2017,39800.0,Gasoline,563.0HP 5.5L 8 Cylinder Engine Gasoline Fuel,7-Speed A/T,White,Red,None reported,Yes,99000.0,9,2.487374689078164,1,3980.0,0
Ford,F-250 XLT,2019,124000.0,E85 Flex Fuel,385.0HP 6.2L 8 Cylinder Engine Flex Fuel Capability,6-Speed A/T,White,Gray,None reported,Yes,40100.0,7,0.32338448883476745,0,15500.0,0
Tesla,Model 3 Base,2022,12080.0,Gasoline,271.0HP Electric Motor Electric Fuel System,A/T,Black,Black,None reported,Yes,36750.0,4,3.04196672460889,0,2416.0,0
Lexus,LX 570 Three-Row,2018,39300.0,Gasoline,383.0HP 5.7L 8 Cylinder Engine Gasoline Fuel,Transmission w/Dual Shift Mode,Black,Black,None reported,Yes,69500.0,8,1.7684028396224014,1,4366.666666666667,0
INFINITI,QX60 Luxe,2019,51000.0,Gasoline,295.0HP 3.5L V6 Cylinder Engine Gasoline Fuel,CVT Transmission,Gray,–,At least 1 accident or damage reported,Yes,29000.0,7,0.5686163016411443,0,6375.0,1
Rivian,R1S Adventure Package,2023,250.0,Gasoline,835.0HP Electric Motor Electric Fuel System,1-Speed A/T,Green,Black,None reported,Yes,97500.0,3,388.44621513944224,0,62.5,0
Land,Rover Range Rover Sport 3.0L Supercharged HSE,2017,67000.0,Gasoline,340.0HP 3.0L V6 Cylinder Engine Gasoline Fuel,8-Speed A/T,Gray,Beige,None reported,Yes,35999.0,9,0.5372904882016686,1,6700.0,0
INFINITI,QX60 Base,2014,95400.0,Gasoline,265.0HP 3.5L V6 Cylinder Engine Gasoline Fuel,A/T,White,Beige,None reported,Yes,14195.0,12,0.14879298959130408,0,7338.461538461538,0
Hyundai,Sonata GLS,2013,136991.0,Gasoline,198.0HP 2.4L 4 Cylinder Engine Gasoline Fuel,6-Speed A/T,Gray,Gray,None reported,Yes,11000.0,13,0.08029665965895819,0,9785.07142857143,0
Toyota,Tundra Limited,2022,3959.0,Gasoline,389.0HP 3.4L V6 Cylinder Engine Gasoline Fuel,10-Speed A/T,Blue,Gray,None reported,Yes,55000.0,4,13.88888888888889,0,791.8,0
Jeep,Grand Cherokee Limited,2020,47500.0,Gasoline,293.0HP 3.6L V6 Cylinder Engine Gasoline Fuel,A/T,Purple,Black,None reported,Yes,31000.0,6,0.652617839624429,0,6785.714285714285,0
Ford,F-350 Lariat Crew Cab Super Duty DRW,2005,176691.0,Diesel,325.0HP 6.0L 8 Cylinder Engine Diesel Fuel,A/T,White,Beige,At least 1 accident or damage reported,Yes,13000.0,21,0.07357435537545559,0,8031.409090909091,1
Tesla,Model 3 Performance,2021,33000.0,Gasoline,455.0HP Electric Motor Electric Fuel System,1-Speed A/T,Red,White,None reported,Yes,55000.0,5,1.6666161631465712,0,5500.0,0
Mercedes-Benz,CLS-Class CLS 550,2014,34600.0,Gasoline,402.0HP 4.7L 8 Cylinder Engine Gasoline Fuel,Transmission w/Dual Shift Mode,Black,Black,None reported,Yes,27500.0,12,0.7947747174937141,1,2661.5384615384614,0
RAM,2500 SLT,2014,84500.0,Gasoline,410.0HP 6.4L 8 Cylinder Engine Gasoline Fuel,A/T,Black,Gray,None reported,Yes,34000.0,12,0.4023621022236423,0,6500.0,0
Kia,Sorento Hybrid EX,2022,36100.0,Hybrid,227.0HP 1.6L 4 Cylinder Engine Gas/Electric Hybrid,6-Speed A/T,Black,White,None reported,Yes,37500.0,4,1.038752389130495,0,7220.0,0
Hyundai,Genesis 3.8,2015,92225.0,Gasoline,311.0HP 3.8L V6 Cylinder Engine Gasoline Fuel,A/T,Black,Black,At least 1 accident or damage reported,Yes,17000.0,11,0.1843297985383731,0,7685.416666666667,1
Jeep,Compass Latitude,2020,17500.0,Gasoline,180.0HP 2.4L 4 Cylinder Engine Gasoline Fuel,9-Speed A/T,Silver,Black,None reported,Yes,25695.0,6,1.4682018170390263,0,2500.0,0
Ford,Fusion SE,2011,114323.0,Gasoline,175.0HP 2.5L 4 Cylinder Engine Gasoline Fuel,6-Speed A/T,Black,Black,None reported,Yes,6000.0,15,0.05248241838983941,0,7145.1875,0
Toyota,FJ Cruiser Base,2014,92000.0,Gasoline,260.0HP 4.0L V6 Cylinder Engine Gasoline Fuel,A/T,Beige,Black,None reported,Yes,27500.0,12,0.2989097944587559,0,7076.923076923077,0
BMW,430 Gran Coupe i xDrive,2018,29025.0,Gasoline,2.0 Liter DOHC T/C,Automatic,Carbon Black Metallic,Black,None reported,Yes,29998.0,8,1.0334872183559567,1,3225.0,0
Dodge,Durango SRT 392,2021,17000.0,Gasoline,475.0HP 6.4L 8 Cylinder Engine Gasoline Fuel,Transmission w/Dual Shift Mode,Blue,Black,None reported,Yes,65000.0,5,3.8233045114993236,0,2833.3333333333335,0
Hyundai,Santa Fe GLS,2015,96476.0,Gasoline,290.0HP 3.3L V6 Cylinder Engine Gasoline Fuel,6-Speed A/T,White,Gray,None reported,Yes,13000.0,11,0.134747141805819,0,8039.666666666667,0
Volkswagen,Atlas 3.6L SEL Premium,2021,36311.0,Gasoline,3.6L V6 24V GDI DOHC,8-Speed Automatic,Deep Black Pearl Effect,Titan Black / Quarzit,None reported,Yes,39127.0,5,1.0775225820665344,0,6051.833333333333,0
Land,Rover Range Rover Sport 5.0L Supercharged Dynamic,2016,56842.0,Gasoline,510.0HP 5.0L 8 Cylinder Engine Gasoline Fuel,Transmission w/Dual Shift Mode,Silver,Black,None reported,Yes,35000.0,10,0.6157310486779375,1,5167.454545454545,0
Nissan,Murano SV,2021,23677.0,Gasoline,3.5L V6 24V MPFI DOHC,Automatic CVT,Sunset Drift Chromaflair,Graphite,None reported,Yes,29510.0,5,1.246304586536025,0,3946.1666666666665,0
Buick,Envision Essence,2020,27340.0,Gasoline,2.5L I4 16V GDI DOHC,6-Speed Automatic,Summit White,Ebony,None reported,Yes,31700.0,6,1.1594308913353573,0,3905.714285714286,0
Chevrolet,Silverado 1500 RST,2020,26177.0,Gasoline,5.3L V8 16V GDI OHV,Automatic,Shadow Gray Metallic,Jet Black,None reported,Yes,41986.0,6,1.6038658415463367,0,3739.5714285714284,0
Pontiac,Solstice GXP,2009,122348.0,Gasoline,260.0HP 2.0L 4 Cylinder Engine Gasoline Fuel,A/T,Red,Black,At least 1 accident or damage reported,Yes,10000.0,17,0.08173340198939101,0,6797.111111111111,1
BMW,640 Gran Coupe i xDrive,2015,98000.0,Gasoline,315.0HP 3.0L Straight 6 Cylinder Engine Gasoline Fuel,Transmission w/Dual Shift Mode,Black,Beige,None reported,Yes,22500.0,11,0.22958949398475526,1,8166.666666666667,0
Tesla,Model 3 Standard Range Plus,2019,32300.0,Gasoline,Electric Motor Electric Fuel System,A/T,Black,Black,None reported,Yes,29000.0,7,0.8978050215163618,0,4037.5,0
MINI,Countryman Cooper S,2019,18997.0,Gasoline,189.0HP 2.0L 4 Cylinder Engine Gasoline Fuel,Transmission w/Dual Shift Mode,Red,Black,None reported,Yes,26750.0,7,1.4080429518896727,0,2374.625,0
Porsche,Boxster GTS,2016,40350.0,Gasoline,330.0HP 3.4L Flat 6 Cylinder Engine Gasoline Fuel,7-Speed A/T,Gray,Black,None reported,Yes,67995.0,10,1.6850883497311095,1,3668.181818181818,0
Ford,Expedition EL King Ranch,2011,156856.0,E85 Flex Fuel,310.0HP 5.4L 8 Cylinder Engine Flex Fuel Capability,6-Speed A/T,Black,Brown,None reported,Yes,14300.0,15,0.0911658389488515,0,9803.5,0
Bentley,Continental GT GT Speed,2022,1919.0,Gasoline,12 Cylinder Engine,8-SPEED A/T,Granite,Porpoise,None reported,Yes,289991.0,4,151.03697916666667,1,383.8,0
BMW,X5 M Base,2017,61773.0,Gasoline,567.0HP 4.4L 8 Cylinder Engine Gasoline Fuel,Transmission w/Dual Shift Mode,Gray,Black,None reported,Yes,46000.0,9,0.7446498526888334,1,6177.3,0
Ford,Mustang GT Premium,2011,74500.0,Gasoline,412.0HP 5.0L 8 Cylinder Engine Gasoline Fuel,6-Speed M/T,Black,Black,None reported,Yes,22000.0,15,0.2952980496906082,0,4656.25,0
Jeep,Compass Sport,2016,99000.0,Gasoline,172.0HP 2.4L 4 Cylinder Engine Gasoline Fuel,6-Speed A/T,White,Gray,At least 1 accident or damage reported,Yes,5000.0,10,0.0505045403581782,0,9000.0,1
INFINITI,G37 Sport,2008,63496.0,Gasoline,330.0HP 3.7L V6 Cylinder Engine Gasoline Fuel,6-Speed M/T,Black,Black,None reported,Yes,15000.0,18,0.23623163299053498,0,3341.8947368421054,0
Ford,F-150 XLT,2022,18465.0,Gasoline,400.0HP 3.5L V6 Cylinder Engine Gasoline Fuel,10-Speed A/T,Black,Gray,None reported,Yes,47500.0,4,2.5722950287013973,0,3693.0,0
Porsche,911 Carrera 4S,2007,42635.0,Gasoline,355.0HP 3.8L Flat 6 Cylinder Engine Gasoline Fuel,Transmission w/Dual Shift Mode,Blue,Blue,None reported,Yes,72995.0,19,1.712050849047753,1,2131.75,0
INFINITI,G35 Base,2005,99000.0,Gasoline,298.0HP 3.5L V6 Cylinder Engine Gasoline Fuel,6-Speed M/T,Silver,Black,None reported,Yes,18900.0,21,0.1909071625539136,0,4500.0,0
Chrysler,300C Base,2013,87500.0,Gasoline,292.0HP 3.6L V6 Cylinder Engine Gasoline Fuel,8-Speed A/T,White,Beige,None reported,Yes,13750.0,13,0.15714106124501434,0,6250.0,0
Toyota,Camry Solara SLE,2007,138000.0,Gasoline,210.0HP 3.3L V6 Cylinder Engine Gasoline Fuel,5-Speed A/T,White,Beige,None reported,Yes,6800.0,19,0.04927500525358512,0,6900.0,0
Lexus,IS 300 Base,2018,70891.0,Gasoline,260.0HP 3.5L V6 Cylinder Engine Gasoline Fuel,Transmission w/Dual Shift Mode,White,Black,None reported,Yes,28995.0,8,0.4090024262258083,1,7876.777777777777,0
Buick,Enclave Essence,2020,55403.0,Gasoline,310.0HP 3.6L V6 Cylinder Engine Gasoline Fuel,9-Speed A/T,Red,Gray,At least 1 accident or damage reported,Yes,29444.0,6,0.5314417731571728,0,7914.714285714285,1
BMW,M4 Competition xDrive,2022,3213.0,Gasoline,503.0HP 3.0L Straight 6 Cylinder Engine Gasoline Fuel,8-Speed A/T,Black,Red,None reported,Yes,89995.0,4,28.00093341630367,1,642.6,0
Pontiac,GTO Base,2005,142314.0,Gasoline,400.0HP 6.0L 8 Cylinder Engine Gasoline Fuel,6-Speed M/T,Red,Red,At least 1 accident or damage reported,Yes,21999.0,21,0.15457962969469136,0,6468.818181818182,1
Toyota,FJ Cruiser Base,2013,53000.0,Gasoline,260.0HP 4.0L V6 Cylinder Engine Gasoline Fuel,A/T,Blue,Black,None reported,Yes,36740.0,13,0.6931944680289052,0,3785.714285714286,0
Hyundai,Elantra SE,2014,120250.0,Gasoline,145.0HP 1.8L 4 Cylinder Engine Gasoline Fuel,A/T,Blue,Gray,None reported,Yes,7500.0,12,0.06236954370441826,0,9250.0,0
Porsche,Macan S,2015,72329.0,Gasoline,340.0HP 3.0L V6 Cylinder Engine Gasoline Fuel,7-Speed A/T,Silver,Black,None reported,Yes,29500.0,11,0.40785289644684086,1,6027.416666666667,0
Hummer,H3 Base,2007,153692.0,Gasoline,242.0HP 3.7L 5 Cylinder Engine Gasoline Fuel,4-Speed A/T,Beige,Black,None reported,Yes,9995.0,19,0.06503223959451634,0,7684.6,0
Tesla,Model 3 Long Range,2021,32670.0,Gasoline,Electric Motor Electric Fuel System,A/T,White,Black,None reported,Yes,37000.0,5,1.1325028312570782,0,5445.0,0
Ford,Transit-350 Base,2018,235000.0,Gasoline,275.0HP 3.7L V6 Cylinder Engine Gasoline Fuel,A/T,White,Gray,None reported,Yes,18000.0,8,0.07659541874289896,0,26111.11111111111,0
Rivian,R1T Launch Edition,2022,8681.0,Gasoline,835.0HP Electric Motor Electric Fuel System,A/T,Gray,Black,None reported,Yes,82000.0,4,9.444828380557475,0,1736.2,0
Audi,S4 3.0 Prestige,2012,98400.0,Gasoline,333.0HP 3.0L V6 Cylinder Engine Gasoline Fuel,7-Speed A/T,White,White,None reported,Yes,18000.0,14,0.18292497027469232,1,6560.0,0
Toyota,4Runner SR5 Premium,2023,1400.0,Gasoline,270.0HP 4.0L V6 Cylinder Engine Gasoline Fuel,A/T,White,Black,None reported,Yes,46500.0,3,33.190578158458244,0,350.0,0
Tesla,Model 3 Mid Range,2018,32000.0,Gasoline,271.0HP Electric Motor Electric Fuel System,A/T,Black,Black,None reported,Yes,29999.0,8,0.9374394550170307,0,3555.5555555555557,0
Ford,F-250 Base,1997,92800.0,Gasoline,210.0HP 5.8L 8 Cylinder Engine Gasoline Fuel,4-Speed A/T,White,Gray,None reported,Yes,9000.0,29,0.09698171355912114,0,3093.3333333333335,0
Mercedes-Benz,G-Class G 550 4MATIC,2021,75151.0,Gasoline,416.0HP 4.0L 8 Cylinder Engine Gasoline Fuel,A/T,Black,Black,None reported,Yes,130000.0,5,1.7298275494996807,1,12525.166666666666,0
Subaru,Legacy 2.5 GT spec.B,2008,94000.0,Gasoline,243.0HP 2.5L 4 Cylinder Engine Gasoline Fuel,6-Speed M/T,Gray,Blue,None reported,Yes,12500.0,18,0.13297730875203456,0,4947.368421052632,0
Mercedes-Benz,E-Class E 350,2014,67350.0,Gasoline,302.0HP 3.5L V6 Cylinder Engine Gasoline Fuel,7-Speed A/T,Silver,–,At least 1 accident or damage reported,Yes,18700.0,12,0.27764992353491413,1,5180.7692307692305,1
BMW,M3 Base,2001,66500.0,Gasoline,333.0HP 3.2L Straight 6 Cylinder Engine Gasoline Fuel,6-Speed M/T,Red,Black,None reported,Yes,21000.0,25,0.3157847250417287,1,2557.6923076923076,0
Mercedes-Benz,C-Class C 250 Sport,2014,70612.0,Gasoline,201.0HP 1.8L 4 Cylinder Engine Gasoline Fuel,7-Speed A/T,White,Beige,None reported,Yes,14500.0,12,0.2053446249274213,1,5431.692307692308,0
Toyota,Sienna XLE Limited,2007,112630.0,Gasoline,266.0HP 3.5L V6 Cylinder Engine Gasoline Fuel,5-Speed A/T,Silver,Gray,At least 1 accident or damage reported,Yes,11500.0,19,0.10210332856851133,0,5631.5,1
Dodge,Avenger SE,2014,124705.0,E85 Flex Fuel,283.0HP 3.6L V6 Cylinder Engine Flex Fuel Capability,A/T,Black,Black,None reported,Yes,6499.0,12,0.05211457347681747,0,9592.692307692309,0
BMW,M240 i,2018,61000.0,Gasoline,335.0HP 3.0L Straight 6 Cylinder Engine Gasoline Fuel,6-Speed M/T,Blue,Black,At least 1 accident or damage reported,Yes,34000.0,8,0.5573679120014426,1,6777.777777777777,1
RAM,3500 SLT,2017,157272.0,Diesel,350.0HP 6.7L Straight 6 Cylinder Engine Diesel Fuel,6-Speed A/T,White,Gray,At least 1 accident or damage reported,Yes,32999.0,9,0.20981986736439184,0,15727.2,1
Mercedes-Benz,GL-Class GL 450 4MATIC,2015,84000.0,Gasoline,362.0HP 3.0L V6 Cylinder Engine Gasoline Fuel,7-Speed A/T,Blue,Gray,None reported,Yes,20399.0,11,0.24284234711491529,1,7000.0,0
Jeep,Gladiator Rubicon,2020,27981.0,Gasoline,285.0HP 3.6L V6 Cylinder Engine Gasoline Fuel,A/T,Red,Black,None reported,Yes,47500.0,6,1.6975198341791151,0,3997.285714285714,0
Bentley,Continental GT Base,2009,18000.0,Gasoline,552.0HP 6.0L 12 Cylinder Engine Gasoline Fuel,A/T,Blue,Beige,None reported,Yes,63000.0,17,3.499805566357425,1,1000.0,0
Tesla,Model 3 Long Range,2019,27123.0,Gasoline,425.0HP Electric Motor Electric Fuel System,A/T,Red,Black,None reported,Yes,38200.0,7,1.4083468514968294,0,3390.375,0
Chevrolet,Corvette Stingray w/2LT,2021,3053.0,Gasoline,490.0HP 6.2L 8 Cylinder Engine Gasoline Fuel,Transmission w/Dual Shift Mode,Silver,Gray,None reported,Yes,83900.0,5,27.47216764898494,0,508.8333333333333,0
Audi,Q5 3.0T Premium Plus,2015,60251.0,Gasoline,272.0HP 3.0L V6 Cylinder Engine Gasoline Fuel,A/T,Black,Black,At least 1 accident or damage reported,Yes,19000.0,11,0.31534222930359157,1,5020.916666666667,1
Mazda,MX-5 Miata Club,2021,5093.0,Gasoline,181.0HP 2.0L 4 Cylinder Engine Gasoline Fuel,6-Speed M/T,Gray,Black,None reported,Yes,28000.0,5,5.496662740478995,0,848.8333333333334,0
Bentley,Bentayga W12 Signature,2018,31875.0,Gasoline,600.0HP 6.0L 12 Cylinder Engine Gasoline Fuel,8-Speed A/T,White,Black,None reported,Yes,115785.0,8,3.6323566319488014,1,3541.6666666666665,0
Mercedes-Benz,S-Class S500,2005,175722.0,Gasoline,302.0HP 5.0L 8 Cylinder Engine Gasoline Fuel,A/T,White,Beige,None reported,Yes,7000.0,21,0.03983542279610523,1,7987.363636363636,0
BMW,M6 Base,2015,17900.0,Gasoline,560.0HP 4.4L 8 Cylinder Engine Gasoline Fuel,Transmission w/Dual Shift Mode,Black,Black,None reported,Yes,59900.0,11,3.3461817775543268,1,1491.6666666666667,0
GMC,Yukon SLT,2015,142792.0,Gasoline,355.0HP 5.3L 8 Cylinder Engine Gasoline Fuel,6-Speed A/T,White,Brown,None reported,Yes,22999.0,11,0.16106531832792925,0,11899.333333333334,0
BMW,750 iL,2001,53814.0,Gasoline,326.0HP 5.4L 12 Cylinder Engine Gasoline Fuel,5-Speed A/T,Gray,Gray,None reported,Yes,11800.0,25,0.21926972033819567,1,2069.769230769231,0
Toyota,Tundra Limited,2010,89400.0,Gasoline,381.0HP 5.7L 8 Cylinder Engine Gasoline Fuel,A/T,White,Gray,None reported,Yes,26900.0,16,0.30089148890952006,0,5258.823529411765,0
Chrysler,300C Base,2007,86000.0,Gasoline,340.0HP 5.7L 8 Cylinder Engine Gasoline Fuel,5-Speed A/T,Gray,Black,None reported,Yes,15000.0,19,0.17441657655143544,0,4300.0,0
smart,ForTwo Pure,2008,61595.0,Gasoline,70.0HP 1.0L 3 Cylinder Engine Gasoline Fuel,5-Speed A/T,Blue,Gray,None reported,Yes,5000.0,18,0.08117410221442951,0,3241.842105263158,0
Toyota,Tundra SR,2018,74000.0,E85 Flex Fuel,381.0HP 5.7L 8 Cylinder Engine Flex Fuel Capability,6-Speed A/T,Beige,Black,At least 1 accident or damage reported,Yes,38000.0,8,0.5135065742354833,0,8222.222222222223,1
Hummer,H2 Base,2004,130000.0,Gasoline,316.0HP 6.0L 8 Cylinder Engine Gasoline Fuel,4-Speed A/T,Black,Black,At least 1 accident or damage reported,Yes,16500.0,22,0.12692210059922615,0,5652.173913043478,1
BMW,ALPINA B7 Base,2015,86000.0,Gasoline,540.0HP 4.4L 8 Cylinder Engine Gasoline Fuel,8-Speed A/T,Black,White,At least 1 accident or damage reported,Yes,29000.0,11,0.3372053813327752,1,7166.666666666667,1
Land,Rover Range Rover Sport Supercharged,2008,140600.0,Gasoline,390.0HP 4.2L 8 Cylinder Engine Gasoline Fuel,6-Speed A/T,Red,Beige,None reported,Yes,7500.0,18,0.05334243710926665,1,7400.0,0
Audi,A4 2.0T Tech Premium,2018,27532.0,Gasoline,252.0HP 2.0L 4 Cylinder Engine Gasoline Fuel,7-Speed A/T,Gray,Black,None reported,Yes,27900.0,8,1.0133294591944213,1,3059.1111111111113,0
Ford,Focus SE,2017,91000.0,E85 Flex Fuel,160.0HP 2.0L 4 Cylinder Engine Flex Fuel Capability,6-Speed A/T,Gray,Black,None reported,Yes,12500.0,9,0.1373611278996934,0,9100.0,0
Mercedes-Benz,E-Class E 550 4MATIC,2014,63000.0,Gasoline,402.0HP 4.7L 8 Cylinder Engine Gasoline Fuel,7-Speed A/T,Silver,Black,None reported,Yes,28500.0,12,0.45237377184489136,1,4846.153846153846,0
Jeep,Wrangler Unlimited 4xe Sahara,2022,10500.0,Plug-In Hybrid,375.0HP 2.0L 4 Cylinder Engine Plug-In Electric/Gas,8-Speed A/T,Green,Beige,None reported,Yes,49999.0,4,4.761356061327493,0,2100.0,0
Mercedes-Benz,M-Class ML 350 4MATIC,2014,75073.0,E85 Flex Fuel,302.0HP 3.5L V6 Cylinder Engine Flex Fuel Capability,7-Speed A/T,Gray,Black,None reported,Yes,21500.0,12,0.28638410102032663,1,5774.846153846154,0
Jeep,Wrangler Sahara,2008,140000.0,Gasoline,202.0HP 3.8L V6 Cylinder Engine Gasoline Fuel,A/T,Silver,–,At least 1 accident or damage reported,Yes,9000.0,18,0.06428525510532068,0,7368.421052631579,1
Mercedes-Benz,A-Class A 220 4MATIC,2019,30300.0,Gasoline,188.0HP 2.0L 4 Cylinder Engine Gasoline Fuel,7-Speed A/T,Silver,Black,None reported,Yes,30500.0,7,1.0065674400184812,1,3787.5,0
Chevrolet,Malibu 1LT,2009,139000.0,Gasoline,169.0HP 2.4L 4 Cylinder Engine Gasoline Fuel,A/T,White,Black,None reported,Yes,4200.0,17,0.03021560995964058,0,7722.222222222223,0
Hummer,H3 Base,2006,118000.0,Gasoline,220.0HP 3.5L 5 Cylinder Engine Gasoline Fuel,A/T,Gray,Black,None reported,Yes,17900.0,20,0.15169362971500241,0,5619.047619047619,0
BMW,i8 Base,2015,51000.0,Plug-In Hybrid,357.0HP 1.5L 3 Cylinder Engine Plug-In Electric/Gas,Transmission w/Dual Shift Mode,Gray,Brown,None reported,Yes,53000.0,11,1.0391953098958844,1,4250.0,0
Cadillac,XLR Base,2009,69423.0,Gasoline,320.0HP 4.6L 8 Cylinder Engine Gasoline Fuel,A/T,Red,Beige,None reported,Yes,36500.0,17,0.525754782207882,0,3856.8333333333335,0
Lincoln,MKZ Select,2017,52284.0,Gasoline,240.0HP 2.0L 4 Cylinder Engine Gasoline Fuel,6-Speed A/T,Blue,Beige,At least 1 accident or damage reported,Yes,12500.0,9,0.2390743042937745,0,5228.4,1
Chevrolet,Silverado 1500 W/T,2006,111228.0,Gasoline,195.0HP 4.3L V6 Cylinder Engine Gasoline Fuel,A/T,Blue,Gray,At least 1 accident or damage reported,Yes,4000.0,20,0.03596184448300353,0,5296.571428571428,1
Land,Rover Range Rover Sport HSE,2019,52300.0,Gasoline,340.0HP 3.0L V6 Cylinder Engine Gasoline Fuel,Transmission w/Dual Shift Mode,Black,Black,None reported,Yes,49900.0,7,0.9540926559721612,1,6537.5,0
Nissan,Titan SL,2021,95993.0,Gasoline,5.6L V8 32V GDI DOHC,9-Speed Automatic,White,Black,None reported,Yes,32612.0,5,0.3397295664312353,0,15998.833333333334,0
Kia,Telluride SX,2022,26716.0,Gasoline,"LAMBDA II 3.8L V-6 gasoline direct injection, DOHC, D-CVVT varia",Automatic,Dark Moss,Black,None reported,Yes,47541.0,4,1.7794288280869859,0,5343.2,0
Chevrolet,Tahoe RST,2023,39517.0,Gasoline,5.3L V8 16V GDI OHV,10-Speed Automatic,Black,Jet Black,At least 1 accident or damage reported,Yes,67190.0,3,1.7002378662887798,0,9879.25,1
Ford,Mustang GT Premium,2019,31600.0,Gasoline,460.0HP 5.0L 8 Cylinder Engine Gasoline Fuel,6-Speed M/T,Blue,Gray,None reported,Yes,41000.0,7,1.297427296604538,0,3950.0,0
BMW,330 i,2017,83298.0,Gasoline,248.0HP 2.0L 4 Cylinder Engine Gasoline Fuel,A/T,Black,Black,None reported,Yes,18300.0,9,0.21969051249114635,1,8329.8,0
Land,Rover Range Rover Sport 3.0L Supercharged HSE,2017,95212.0,Gasoline,340.0HP 3.0L V6 Cylinder Engine Gasoline Fuel,8-Speed A/T,Brown,Beige,None reported,Yes,31599.0,9,0.33187694957621333,1,9521.2,0
Porsche,911 Carrera,2010,61600.0,Gasoline,345.0HP 3.6L Flat 6 Cylinder Engine Gasoline Fuel,7-Speed A/T,Black,Black,None reported,Yes,51750.0,16,0.8400837648739469,1,3623.529411764706,0
INFINITI,QX56 Base,2011,130921.0,Gasoline,400.0HP 5.6L 8 Cylinder Engine Gasoline Fuel,Transmission Overdrive Switch,White,Beige,None reported,Yes,12000.0,15,0.09165762820610746,0,8182.5625,0
RAM,2500 Tradesman,2020,41000.0,Gasoline,410.0HP 6.4L 8 Cylinder Engine Gasoline Fuel,8-Speed A/T,White,Gray,None reported,Yes,45515.0,6,1.1100948757347382,0,5857.142857142857,0
BMW,840 i xDrive,2024,1500.0,Gasoline,335.0HP 3.0L Straight 6 Cylinder Engine Gasoline Fuel,A/T,Gray,Brown,None reported,Yes,90000.0,2,59.96002664890073,1,500.0,0
MINI,Clubman Cooper S ALL4,2017,79950.0,Gasoline,189.0HP 2.0L 4 Cylinder Engine Gasoline Fuel,A/T,Blue,Black,None reported,Yes,17390.0,9,0.21750822378706958,0,7995.0,0
Cadillac,Escalade ESV Premium Luxury Platinum,2021,31500.0,Gasoline,420.0HP 6.2L 8 Cylinder Engine Gasoline Fuel,A/T,White,Beige,None reported,Yes,95000.0,5,3.015777276911844,0,5250.0,0
Audi,R8 5.2 V10 plus,2017,61000.0,Gasoline,610.0HP 5.2L 10 Cylinder Engine Gasoline Fuel,Transmission w/Dual Shift Mode,Gray,Black,None reported,Yes,140000.0,9,2.295044343535352,1,6100.0,0
RAM,2500 Big Horn,2021,45867.0,Gasoline,6.4L V8 16V MPFI OHV,Automatic,Billet Silver Metallic Clearcoat,Diesel Gray / Black,None reported,Yes,43449.0,5,0.9472617075085027,0,7644.5,0
Porsche,911 Carrera 4,2014,22700.0,Gasoline,350.0HP 3.4L Flat 6 Cylinder Engine Gasoline Fuel,7-Speed M/T,Silver,Black,At least 1 accident or damage reported,Yes,85500.0,12,3.766353905114312,1,1746.1538461538462,1
Bentley,Continental GT Base,2009,43000.0,Gasoline,552.0HP 6.0L 12 Cylinder Engine Gasoline Fuel,A/T,Black,Black,None reported,Yes,48500.0,17,1.127880746959373,1,2388.8888888888887,0
Toyota,Tundra SR5,2015,99000.0,Gasoline,310.0HP 4.6L 8 Cylinder Engine Gasoline Fuel,6-Speed A/T,Gray,Gray,None reported,Yes,27000.0,11,0.2727245179341623,0,8250.0,0
Toyota,4Runner SR5,2006,135000.0,Gasoline,236.0HP 4.0L V6 Cylinder Engine Gasoline Fuel,A/T,White,Gray,None reported,Yes,16900.0,20,0.12518425789438598,0,6428.571428571428,0
Cadillac,CTS 2.0L Turbo Luxury,2019,46000.0,Gasoline,265.0HP 2.0L 4 Cylinder Engine Gasoline Fuel,8-Speed A/T,Black,Beige,At least 1 accident or damage reported,Yes,29000.0,7,0.6304210778026564,0,5750.0,1
Ford,Focus SE,2014,79615.0,Gasoline,2.0L I4 16V GDI DOHC,6-Speed Automatic with Auto-Shift,Black,Charcoal Black,None reported,Yes,10995.0,12,0.13810038183279744,0,6124.2307692307695,0
BMW,M5 Base,2021,13250.0,Gasoline,4.4L V8 32V GDI DOHC Twin Turbo,8-Speed Automatic,Alpine White,Aragon Brown,None reported,Yes,86900.0,5,6.557995622971851,1,2208.3333333333335,0
Land,Rover Range Rover 3.0L V6 Supercharged HSE,2019,41200.0,Gasoline,380.0HP 3.0L V6 Cylinder Engine Gasoline Fuel,Transmission w/Dual Shift Mode,Black,Black,None reported,Yes,60500.0,7,1.4684109608990072,1,5150.0,0
Cadillac,Escalade ESV Luxury,2016,116500.0,Gasoline,420.0HP 6.2L 8 Cylinder Engine Gasoline Fuel,8-Speed A/T,Black,Brown,At least 1 accident or damage reported,Yes,30500.0,10,0.2618003278941812,0,10590.90909090909,1
Acura,NSX Base,1993,75980.0,–,–,A/T,Silver,Black,None reported,Yes,90200.0,33,1.1871388899856543,0,2234.705882352941,0
Chevrolet,Corvette Z06,2018,24059.0,Gasoline,650.0HP 6.2L 8 Cylinder Engine Gasoline Fuel,8-Speed A/T,Gray,Black,None reported,Yes,87150.0,8,3.6221945137157108,0,2673.222222222222,0
Audi,Q5 2.0T Premium Plus,2015,118500.0,E85 Flex Fuel,220.0HP 2.0L 4 Cylinder Engine Flex Fuel Capability,A/T,Silver,Black,At least 1 accident or damage reported,Yes,15400.0,11,0.1299567092260825,1,9875.0,1
BMW,ALPINA B7 ALPINA B7 xDrive,2020,15097.0,Gasoline,4.4 Liter Twin Turbo,Automatic,Frozen Dark Silver Metallic,Black,None reported,Yes,99998.0,6,6.623261359120414,1,2156.714285714286,0
Maserati,Ghibli S Q4,2018,20000.0,Gasoline,424.0HP 3.0L V6 Cylinder Engine Gasoline Fuel,A/T,White,Brown,None reported,Yes,43000.0,8,2.1498925053747313,1,2222.222222222222,0
BMW,228 Gran Coupe i xDrive,2020,10426.0,Gasoline,2.0 Liter Turbo,Automatic,Black Sapphire Metallic,Oyster/Black,None reported,Yes,30798.0,6,2.9536779514721396,1,1489.4285714285713,0
Ford,Expedition Limited,2023,9500.0,Gasoline,400.0HP 3.5L V6 Cylinder Engine Gasoline Fuel,10-Speed A/T,Black,Red,At least 1 accident or damage reported,Yes,63500.0,3,6.683506999263235,0,2375.0,1
Nissan,Frontier SE Crew Cab,2006,134000.0,Gasoline,265.0HP 4.0L V6 Cylinder Engine Gasoline Fuel,A/T,Gray,Gray,At least 1 accident or damage reported,Yes,8500.0,20,0.06343236244505639,0,6380.952380952381,1
Subaru,BRZ Limited,2022,10500.0,Gasoline,228.0HP 2.4L 4 Cylinder Engine Gasoline Fuel,Transmission w/Dual Shift Mode,Gray,–,None reported,Yes,32500.0,4,3.094943338729645,0,2100.0,0
Chevrolet,Malibu LT,2018,53100.0,Gasoline,160.0HP 1.5L 4 Cylinder Engine Gasoline Fuel,6-Speed A/T,Red,Black,None reported,Yes,17500.0,8,0.3295606485753564,0,5900.0,0
Ford,Focus SEL,2017,80134.0,E85 Flex Fuel,2.0L I4 16V GDI DOHC Flexible Fuel,6-Speed Automatic with Auto-Shift,White,Charcoal Black,None reported,Yes,13895.0,9,0.17339489611280964,0,8013.4,0
Nissan,Rogue Sport S,2021,24000.0,Gasoline,141.0HP 2.0L 4 Cylinder Engine Gasoline Fuel,A/T,Gray,Black,None reported,Yes,25500.0,5,1.062455731011208,0,4000.0,0
Volvo,C70 T5,2006,61000.0,Gasoline,218.0HP 2.5L 5 Cylinder Engine Gasoline Fuel,6-Speed M/T,Blue,Beige,None reported,Yes,10299.0,20,0.16883329781478992,0,2904.7619047619046,0
Lincoln,Nautilus Reserve,2021,19700.0,Gasoline,335.0HP 2.7L V6 Cylinder Engine Gasoline Fuel,A/T,White,Beige,None reported,Yes,48000.0,5,2.4364245469773107,0,3283.3333333333335,0
Mercedes-Benz,AMG GT Base,2018,28182.0,Gasoline,469.0HP 4.0L 8 Cylinder Engine Gasoline Fuel,7-Speed A/T,White,Brown,At least 1 accident or damage reported,Yes,84500.0,8,2.998261363233155,1,3131.3333333333335,1
Ford,Mustang EcoBoost Premium,2017,59500.0,Gasoline,310.0HP 2.3L 4 Cylinder Engine Gasoline Fuel,A/T,Black,Black,At least 1 accident or damage reported,Yes,21000.0,9,0.3529352447858019,0,5950.0,1
Ford,Ranger XLT,1999,115402.0,E85 Flex Fuel,152.0HP 3.0L V6 Cylinder Engine Flex Fuel Capability,A/T,Gold,Beige,None reported,Yes,8000.0,27,0.06932228798211484,0,4121.5,0
GMC,Yukon SLT,2018,85500.0,Gasoline,355.0HP 5.3L 8 Cylinder Engine Gasoline Fuel,A/T,Black,Black,At least 1 accident or damage reported,Yes,35899.0,8,0.4198664343107098,0,9500.0,1
RAM,2500 Big Horn,2020,51000.0,Gasoline,410.0HP 6.4L 8 Cylinder Engine Gasoline Fuel,6-Speed A/T,Red,Black,None reported,Yes,44900.0,6,0.8803748946099096,0,7285.714285714285,0
Tesla,Model Y Performance,2021,17500.0,Gasoline,455.0HP Electric Motor Electric Fuel System,A/T,Gray,White,None reported,Yes,45000.0,5,2.571281641049083,0,2916.6666666666665,0
Lexus,ES 350 Base,2011,132000.0,Gasoline,272.0HP 3.5L V6 Cylinder Engine Gasoline Fuel,A/T,Black,Beige,None reported,Yes,9999.0,15,0.07574942614071105,1,8250.0,0
Jeep,Wrangler Rubicon Hard Rock,2016,67882.0,Gasoline,3.6 Liter,Automatic,White,Black,None reported,Yes,32798.0,10,0.4831548399451998,0,6171.090909090909,0
Volvo,XC90 T6 Momentum,2018,62000.0,Gasoline,316.0HP 2.0L 4 Cylinder Engine Gasoline Fuel,8-Speed A/T,Silver,Black,None reported,Yes,30500.0,8,0.4919275495556523,0,6888.888888888889,0
Porsche,911 R,2016,12454.0,Gasoline,500.0HP 4.0L Flat 6 Cylinder Engine Gasoline Fuel,6-Speed M/T,Purple,Black,None reported,Yes,210000.0,10,16.86069851465275,1,1132.1818181818182,0
BMW,M6 Gran Coupe Base,2017,27965.0,Gasoline,560.0HP 4.4L 8 Cylinder Engine Gasoline Fuel,7-Speed A/T,Green,Black,None reported,Yes,58000.0,9,2.073946935564614,1,2796.5,0
Cadillac,Escalade ESV Platinum Edition,2013,119000.0,E85 Flex Fuel,403.0HP 6.2L 8 Cylinder Engine Flex Fuel Capability,A/T,Black,Black,None reported,Yes,20500.0,13,0.17226745993731146,0,8500.0,0
BMW,X5 xDrive35i,2018,48000.0,Gasoline,300.0HP 3.0L Straight 6 Cylinder Engine Gasoline Fuel,8-Speed A/T,Black,Black,None reported,Yes,32000.0,8,0.6666527780671236,1,5333.333333333333,0
BMW,X5 xDrive40i,2020,5541.0,Gasoline,3.0 Liter Turbo,Automatic,White,Black,None reported,Yes,56598.0,6,10.212558643089137,1,791.5714285714286,0
Mitsubishi,Outlander SEL,2018,29000.0,Gasoline,166.0HP 2.4L 4 Cylinder Engine Gasoline Fuel,A/T,Red,Beige,None reported,Yes,19500.0,8,0.6723906072204406,0,3222.222222222222,0
Dodge,Ram 1500 ST,2010,131100.0,E85 Flex Fuel,310.0HP 4.7L 8 Cylinder Engine Flex Fuel Capability,A/T,White,Gray,At least 1 accident or damage reported,Yes,12995.0,16,0.09912205093782656,0,7711.764705882353,1
Subaru,Impreza 2.0i,2015,102242.0,Gasoline,"2L H-4 DOHC, variable valve control, regular unleaded, engine wi",Manual,Quartz Blue Pearl,Black,At least 1 accident or damage reported,Yes,11498.0,11,0.11245757655780836,0,8520.166666666666,1
Mercedes-Benz,Maybach S S 600,2016,18069.0,Gasoline,523.0HP 6.0L 12 Cylinder Engine Gasoline Fuel,7-Speed A/T,Black,Black,None reported,Yes,79999.0,10,4.427172108467072,1,1642.6363636363637,0
Kia,Sportage LX,2023,13000.0,Gasoline,187.0HP 2.5L 4 Cylinder Engine Gasoline Fuel,A/T,White,Black,None reported,Yes,31900.0,3,2.453657410968387,0,3250.0,0
Porsche,911 Turbo Cabriolet,2008,51000.0,Gasoline,480.0HP 3.6L Flat 6 Cylinder Engine Gasoline Fuel,Transmission w/Dual Shift Mode,Silver,Black,At least 1 accident or damage reported,Yes,69500.0,18,1.3627183780710181,1,2684.2105263157896,1
Hummer,H3 Base,2007,137333.0,Gasoline,242.0HP 3.7L 5 Cylinder Engine Gasoline Fuel,4-Speed A/T,Blue,Black,At least 1 accident or damage reported,Yes,10000.0,19,0.07281518050883248,0,6866.65,1
Buick,LaCrosse Leather,2014,125559.0,Gasoline,304.0HP 3.6L V6 Cylinder Engine Gasoline Fuel,A/T,White,Beige,At least 1 accident or damage reported,Yes,11200.0,12,0.08920038228735266,0,9658.384615384615,1
Chevrolet,Silverado 1500 High Country,2020,88161.0,Gasoline,6.2L V8 16V GDI OHV,Automatic,Iridescent Pearl Tricoat,Jet Black,At least 1 accident or damage reported,Yes,48889.0,6,0.5545359678773167,0,12594.42857142857,1
Toyota,4Runner SR5,2016,101900.0,Gasoline,270.0HP 4.0L V6 Cylinder Engine Gasoline Fuel,5-Speed A/T,Black,Black,None reported,Yes,29000.0,10,0.2845899451428347,0,9263.636363636364,0
Cadillac,Escalade ESV Luxury,2015,159500.0,Gasoline,420.0HP 6.2L 8 Cylinder Engine Gasoline Fuel,6-Speed A/T,Black,Black,At least 1 accident or damage reported,Yes,18800.0,11,0.1178675995761782,0,13291.666666666666,1
Subaru,Legacy 2.5i Premium,2015,68860.0,Gasoline,175.0HP 2.5L 4 Cylinder Engine Gasoline Fuel,CVT Transmission,Silver,Beige,At least 1 accident or damage reported,Yes,15000.0,11,0.21783012154920783,0,5738.333333333333,1
Tesla,Model 3 Long Range,2018,43000.0,Gasoline,271.0HP Electric Motor Electric Fuel System,1-Speed A/T,Red,Black,At least 1 accident or damage reported,Yes,30499.0,8,0.7092625752889468,0,4777.777777777777,1
Ford,Expedition EL XLT,2017,182000.0,Gasoline,365.0HP 3.5L V6 Cylinder Engine Gasoline Fuel,A/T,Black,Black,At least 1 accident or damage reported,Yes,16500.0,9,0.09065884253383223,0,18200.0,1
Tesla,Model Y Long Range,2022,21404.0,Gasoline,425.0HP Electric Motor Electric Fuel System,A/T,White,White,None reported,Yes,49500.0,4,2.312543798177996,0,4280.8,0
Ford,Expedition EL Limited,2017,81000.0,Gasoline,365.0HP 3.5L V6 Cylinder Engine Gasoline Fuel,Transmission w/Dual Shift Mode,Black,Black,None reported,Yes,27000.0,9,0.33332921815780053,0,8100.0,0
Chevrolet,Silverado 1500 LTZ,2021,62257.0,Gasoline,5.3L V8 16V GDI OHV,8-Speed Automatic,Satin Steel Metallic,Gideon,None reported,Yes,42590.0,5,0.6840887918018568,0,10376.166666666666,0
BMW,X5 xDrive40e,2016,91798.0,Hybrid,Electric,Automatic,Alpine White,Black,None reported,Yes,22998.0,10,0.2505256048540834,1,8345.272727272728,0
BMW,335 is,2011,82000.0,Gasoline,320.0HP 3.0L Straight 6 Cylinder Engine Gasoline Fuel,7-Speed A/T,Gray,Black,At least 1 accident or damage reported,Yes,20000.0,15,0.2438994646406751,1,5125.0,1
Ford,F-150 XLT,2012,207100.0,Gasoline,365.0HP 3.5L V6 Cylinder Engine Gasoline Fuel,6-Speed A/T,Black,Gray,At least 1 accident or damage reported,Yes,15000.0,14,0.07242842864109782,0,13806.666666666666,1
Land,Rover Range Rover Sport P400 SE Dynamic,2023,450.0,Hybrid,395.0HP 3.0L Straight 6 Cylinder Engine Gasoline/Mild Electric Hybrid,8-Speed A/T,Blue,Black,None reported,Yes,124000.0,3,274.94456762749445,1,112.5,0
Porsche,Panamera Edition,2016,77945.0,Gasoline,310.0HP 3.6L V6 Cylinder Engine Gasoline Fuel,A/T,Blue,Beige,At least 1 accident or damage reported,Yes,30000.0,10,0.38488184127472863,1,7085.909090909091,1
Kia,Sorento Plug-In Hybrid SX,2022,15583.0,Hybrid,1.6L I4 16V GDI DOHC Turbo Hybrid,6-Speed Automatic,Aurora Black,Gray,None reported,Yes,40599.0,4,2.6051719712525667,0,3116.6,0
BMW,M240 i,2017,37100.0,Gasoline,335.0HP 3.0L Straight 6 Cylinder Engine Gasoline Fuel,8-Speed A/T,White,Black,At least 1 accident or damage reported,Yes,26125.0,9,0.7041589175493922,1,3710.0,1
Maserati,Quattroporte Base,2006,51000.0,Gasoline,394.0HP 4.2L 8 Cylinder Engine Gasoline Fuel,Transmission w/Dual Shift Mode,Blue,Beige,At least 1 accident or damage reported,Yes,18000.0,20,0.35293425619105506,1,2428.5714285714284,1
Ford,F-150 XLT,2017,94000.0,Gasoline,325.0HP 2.7L V6 Cylinder Engine Gasoline Fuel,6-Speed A/T,White,Black,None reported,Yes,26000.0,9,0.2765928022042319,0,9400.0,0
Land,Rover Discovery S,2003,121886.0,Gasoline,217.0HP 4.6L 8 Cylinder Engine Gasoline Fuel,A/T,White,Beige,At least 1 accident or damage reported,Yes,6000.0,23,0.04922592237072042,1,5078.583333333333,1
Ford,F-250 XLT Crew Cab Super Duty,2008,157500.0,Gasoline,300.0HP 5.4L 8 Cylinder Engine Gasoline Fuel,5-Speed A/T,Green,Gray,At least 1 accident or damage reported,Yes,15000.0,18,0.09523749055561552,0,8289.473684210527,1
Ford,Taurus SHO,2014,138415.0,Gasoline,365.0HP 3.5L V6 Cylinder Engine Gasoline Fuel,A/T,Silver,Black,At least 1 accident or damage reported,Yes,15500.0,12,0.11198127384117443,0,10647.307692307691,1
Land,Rover Range Rover Sport HSE,2012,110000.0,Gasoline,375.0HP 5.0L 8 Cylinder Engine Gasoline Fuel,A/T,Silver,Black,None reported,Yes,10200.0,14,0.09272642975972946,1,7333.333333333333,0
Cadillac,Escalade Sport,2023,8532.0,Diesel,3.0L I6 24V DDI DOHC Turbo Diesel,10-Speed Automatic with Overdrive,Black Raven,Jet Black,None reported,Yes,109900.0,3,12.87940935192781,0,2133.0,0
GMC,Sierra 1500 SLT,2021,12941.0,Gasoline,355.0HP 5.3L 8 Cylinder Engine Gasoline Fuel,A/T,White,Black,At least 1 accident or damage reported,Yes,51500.0,5,3.979292226858291,0,2156.8333333333335,1
BMW,335 i xDrive,2009,69764.0,Gasoline,300.0HP 3.0L Straight 6 Cylinder Engine Gasoline Fuel,6-Speed M/T,Black,Black,None reported,Yes,19500.0,17,0.27950978284239947,1,3875.777777777778,0
Porsche,911 Carrera 4S,2003,90000.0,Gasoline,315.0HP 3.6L Flat 6 Cylinder Engine Gasoline Fuel,6-Speed M/T,Silver,Black,None reported,Yes,24000.0,23,0.2666637037366251,1,3750.0,0
Audi,Q5 S line Premium,2022,8193.0,Hybrid,2.0 Liter TFSI,Automatic,Florett Silver,Black,None reported,Yes,42598.0,4,5.198681962411521,1,1638.6,0
Lexus,RX 350 F Sport Performance,2020,43277.0,Gasoline,3.5L V6 24V PDI DOHC,8-Speed Automatic,Caviar,Black,None reported,Yes,43599.0,6,1.0074171634548732,1,6182.428571428572,0
Audi,S4 3.0T Premium Plus,2018,26500.0,Gasoline,354.0HP 3.0L V6 Cylinder Engine Gasoline Fuel,8-Speed A/T,Gray,Black,At least 1 accident or damage reported,Yes,38000.0,8,1.4339081544092676,1,2944.4444444444443,1
Chevrolet,Silverado 1500 LT,2019,36021.0,Gasoline,2.7L I4 16V GDI DOHC Turbo,Automatic,Cajun Red Tintcoat,Jet Black,None reported,Yes,35670.0,7,0.9902281938815168,0,4502.625,0
Chevrolet,Colorado Z71,2019,25462.0,Gasoline,3.6L V6 24V GDI DOHC,Automatic,Shadow Gray Metallic,Jet Black,None reported,Yes,36139.0,7,1.4192750265090524,0,3182.75,0
Audi,A5 2.0T Prestige,2018,35850.0,Gasoline,252.0HP 2.0L 4 Cylinder Engine Gasoline Fuel,7-Speed A/T,White,Black,None reported,Yes,33000.0,8,0.920476416278486,1,3983.3333333333335,0
Mazda,Mazda3 s Sport,2008,77700.0,Gasoline,156.0HP 2.3L 4 Cylinder Engine Gasoline Fuel,5-Speed M/T,Red,Black,None reported,Yes,6300.0,18,0.08108003757995393,0,4089.4736842105262,0
Jaguar,E-PACE 300 Sport,2021,23600.0,Hybrid,296.0HP 2.0L 4 Cylinder Engine Gasoline/Mild Electric Hybrid,9-Speed A/T,Black,Black,None reported,Yes,42999.0,5,1.8219143256641668,0,3933.3333333333335,0
Ferrari,GTC4Lusso T,2019,8870.0,Gasoline,3.9L V8 32V GDI DOHC Twin Turbo,7-Speed DCT Automatic,Nero Daytona,–,None reported,Yes,215000.0,7,24.23627550445271,0,1108.75,0
Toyota,Celica GT,2001,122000.0,Gasoline,140.0HP 1.8L 4 Cylinder Engine Gasoline Fuel,5-Speed M/T,Blue,Gray,None reported,Yes,7800.0,25,0.06393390218112967,0,4692.307692307692,0
Ford,Excursion Limited 4WD,2003,245000.0,Diesel,325.0HP 6.0L 8 Cylinder Engine Diesel Fuel,A/T,Black,Beige,At least 1 accident or damage reported,Yes,17999.0,23,0.07346500626528055,0,10208.333333333334,1
Porsche,718 Spyder Base,2022,4700.0,Gasoline,414.0HP 4.0L Flat 6 Cylinder Engine Gasoline Fuel,6-Speed M/T,White,Black,None reported,Yes,134000.0,4,28.504573495001065,1,940.0,0
Subaru,WRX STI Base,2016,84100.0,Gasoline,305.0HP 2.5L 4 Cylinder Engine Gasoline Fuel,M/T,Gray,Black,None reported,Yes,34000.0,10,0.4042758112269771,0,7645.454545454545,0
Audi,A6 45 Premium Plus,2021,33000.0,Hybrid,248.0HP 2.0L 4 Cylinder Engine Gasoline/Mild Electric Hybrid,A/T,Black,Black,None reported,Yes,40000.0,5,1.2120844822884156,1,5500.0,0
Tesla,Model S P100D,2018,10065.0,Gasoline,Electric,1-Speed Automatic,Red Multi,White,None reported,Yes,59999.0,8,5.960560302006756,0,1118.3333333333333,0
Mercedes-Benz,AMG GT R,2018,3811.0,Gasoline,577.0HP 4.0L 8 Cylinder Engine Gasoline Fuel,7-Speed A/T,Black,Black,None reported,Yes,148500.0,8,38.95592864637985,1,423.44444444444446,0
Acura,RDX PMC Edition,2021,44457.0,Gasoline,2.0 Liter Turbo,2,Majestic Black Pearl,Ebony,None reported,Yes,40598.0,5,0.9131764811732421,0,7409.5,0
Audi,S4 3.0T Premium Plus,2013,139355.0,Gasoline,333.0HP 3.0L V6 Cylinder Engine Gasoline Fuel,7-Speed A/T,Black,Black,None reported,Yes,20900.0,13,0.14997560205516805,1,9953.92857142857,0
Lotus,Evora Base,2010,9100.0,Gasoline,276.0HP 3.5L V6 Cylinder Engine Gasoline Fuel,6-Speed M/T,Black,White,None reported,Yes,55000.0,16,6.043291945940006,0,535.2941176470588,0
Mercedes-Benz,S-Class S 560 4MATIC,2019,10500.0,Gasoline,463.0HP 4.0L 8 Cylinder Engine Gasoline Fuel,9-Speed A/T,Silver,Brown,None reported,Yes,77900.0,7,7.418341110370441,1,1312.5,0
Chevrolet,Silverado 1500 RST,2023,5006.0,Gasoline,5.3L V8 16V GDI OHV,10-Speed Automatic,Dark Ash Metallic,Black,None reported,Yes,59590.0,3,11.901338126622727,0,1251.5,0
Hyundai,Genesis Coupe 2.0T R-Spec,2013,55000.0,Gasoline,260.0HP 2.0L 4 Cylinder Engine Gasoline Fuel,6-Speed M/T,White,Red,None reported,Yes,18000.0,13,0.3272667769676915,0,3928.5714285714284,0
BMW,M3 Competition,2021,33500.0,Gasoline,503.0HP 3.0L Straight 6 Cylinder Engine Gasoline Fuel,8-Speed A/T,Gray,Black,None reported,Yes,71000.0,5,2.119339721202352,1,5583.333333333333,0
BMW,435 i,2014,126500.0,Gasoline,300.0HP 3.0L Straight 6 Cylinder Engine Gasoline Fuel,A/T,White,Black,None reported,Yes,15000.0,12,0.1185761377380416,1,9730.76923076923,0
Land,Rover Range Rover Evoque HSE Dynamic,2016,79000.0,Gasoline,240.0HP 2.0L 4 Cylinder Engine Gasoline Fuel,9-Speed A/T,Red,Red,None reported,Yes,24000.0,10,0.30379362286553335,1,7181.818181818182,0
Porsche,911 Targa 4 GTS,2018,19000.0,Gasoline,450.0HP 3.0L Flat 6 Cylinder Engine Gasoline Fuel,7-Speed A/T,Gray,Black,None reported,Yes,145000.0,8,7.6311773064575545,1,2111.1111111111113,0
RAM,3500 Tradesman,2021,57000.0,Diesel,400.0HP 6.7L Straight 6 Cylinder Engine Diesel Fuel,6-Speed A/T,Blue,Gray,None reported,Yes,52000.0,5,0.912264697110577,0,9500.0,0
BMW,X5 xDrive40i,2020,4880.0,Gasoline,3.0 Liter Turbo,Automatic,White,Black,None reported,Yes,57998.0,6,11.88240114730588,1,697.1428571428571,0
Acura,NSX Base,2018,6523.0,Hybrid,3.5L V6 24V PDI DOHC Twin Turbo Hybrid,9-Speed Automatic with Auto-Shift,White,Ebony,None reported,Yes,143900.0,8,22.0570202329859,0,724.7777777777778,0
Mercedes-Benz,SL-Class SL500 Roadster,2005,127000.0,Gasoline,302.0HP 5.0L 8 Cylinder Engine Gasoline Fuel,7-Speed A/T,White,Beige,None reported,Yes,14000.0,21,0.11023535247753954,1,5772.727272727273,0
Lexus,SC 430 Base,2002,89500.0,Gasoline,300.0HP 4.3L 8 Cylinder Engine Gasoline Fuel,A/T,Black,Black,None reported,Yes,15999.0,24,0.17875777924269,1,3580.0,0
Chevrolet,Silverado 1500 Base,2000,97000.0,Gasoline,200.0HP 4.3L V6 Cylinder Engine Gasoline Fuel,A/T,White,Gray,None reported,Yes,27500.0,26,0.28350223193575325,0,3592.5925925925926,0
Buick,Enclave Avenir,2021,31181.0,Gasoline,3.6L V6 24V GDI DOHC,9-Speed Automatic,Rich Garnet Metallic,Chestnut,At least 1 accident or damage reported,Yes,42442.0,5,1.3611057661471362,0,5196.833333333333,1
Lexus,NX 300h Base,2020,16425.0,Hybrid,2.5L I4 16V MPFI DOHC Hybrid,Automatic CVT,Gray,Black,At least 1 accident or damage reported,Yes,33200.0,6,2.0211859247534396,1,2346.4285714285716,1
Lexus,RX 350 RX 350 F SPORT Handling,2022,11238.0,Gasoline,3.5 Liter DOHC,Automatic,Atomic Silver,Black,None reported,Yes,54798.0,4,4.875700685114334,1,2247.6,0
Chevrolet,Avalanche 1500 LS,2005,97146.0,E85 Flex Fuel,295.0HP 5.3L 8 Cylinder Engine Flex Fuel Capability,Transmission Overdrive Switch,Black,Gray,At least 1 accident or damage reported,Yes,7999.0,21,0.08233913553686681,0,4415.727272727273,1
Mercedes-Benz,SL-Class SL400,2015,36670.0,Gasoline,3.0 Liter,Automatic,White,Tan,None reported,Yes,39998.0,11,1.0907256415150937,1,3055.8333333333335,0
Chevrolet,Suburban Premier,2019,44800.0,Gasoline,420.0HP 6.2L 8 Cylinder Engine Gasoline Fuel,6-Speed A/T,Black,Black,None reported,Yes,52500.0,7,1.171848842659762,0,5600.0,0
Ford,Transit-350 Base,2015,150000.0,Gasoline,310.0HP 3.5L V6 Cylinder Engine Gasoline Fuel,A/T,Black,Gray,At least 1 accident or damage reported,Yes,17100.0,11,0.11399924000506663,0,12500.0,1
INFINITI,QX60 Luxe,2020,38400.0,Gasoline,295.0HP 3.5L V6 Cylinder Engine Gasoline Fuel,A/T,Blue,Beige,None reported,Yes,32100.0,6,0.8359157313611625,0,5485.714285714285,0
Bentley,Continental GTC Base,2008,7960.0,Gasoline,552.0HP 6.0L 12 Cylinder Engine Gasoline Fuel,6-Speed A/T,White,White,None reported,Yes,81500.0,18,10.23740736088431,1,418.94736842105266,0
Nissan,350Z Enthusiast,2007,117000.0,Gasoline,306.0HP 3.5L V6 Cylinder Engine Gasoline Fuel,A/T,Silver,Black,At least 1 accident or damage reported,Yes,9975.0,19,0.08525568157537115,0,5850.0,1
Rivian,R1S Adventure Package,2023,159.0,Gasoline,533.0HP Electric Motor Electric Fuel System,A/T,White,Black,None reported,Yes,95500.0,3,596.875,0,39.75,0
McLaren,570S Base,2017,30200.0,Gasoline,562.0HP 3.8L 8 Cylinder Engine Gasoline Fuel,Transmission w/Dual Shift Mode,Orange,Black,None reported,Yes,139000.0,9,4.602496606072647,0,3020.0,0
Nissan,Altima 2.5 SL,2012,91545.0,Gasoline,175.0HP 2.5L 4 Cylinder Engine Gasoline Fuel,CVT Transmission,Silver,Black,None reported,Yes,8999.0,14,0.09830030804185874,0,6103.0,0
Land,Rover Range Rover 5.0L Supercharged,2015,110000.0,E85 Flex Fuel,510.0HP 5.0L 8 Cylinder Engine Flex Fuel Capability,A/T,Black,–,At least 1 accident or damage reported,Yes,26499.0,11,0.2408978100199089,1,9166.666666666666,1
BMW,X5 xDrive35i,2017,105100.0,Gasoline,300.0HP 3.0L Straight 6 Cylinder Engine Gasoline Fuel,8-Speed A/T,Gray,Black,At least 1 accident or damage reported,Yes,23300.0,9,0.2216915157800592,1,10510.0,1
INFINITI,QX56 Base,2012,110000.0,Gasoline,400.0HP 5.6L 8 Cylinder Engine Gasoline Fuel,Transmission w/Dual Shift Mode,White,Beige,None reported,Yes,15600.0,14,0.14181689257370386,0,7333.333333333333,0
Ford,F-150 XLT,2019,81778.0,Gasoline,3.5L V6 24V PDI DOHC Twin Turbo,Automatic,Black,Medium Earth Gray,None reported,Yes,32769.0,7,0.4007018916836841,0,10222.25,0
Lexus,RX 450h Base,2010,168422.0,Hybrid,245.0HP 3.5L V6 Cylinder Engine Gas/Electric Hybrid,A/T,Black,Beige,At least 1 accident or damage reported,Yes,10900.0,16,0.06471800169810536,1,9907.176470588236,1
Maserati,Ghibli S Q4 GranSport,2018,80500.0,Gasoline,424.0HP 3.0L V6 Cylinder Engine Gasoline Fuel,8-Speed A/T,Black,Black,None reported,Yes,34900.0,8,0.43353498714301686,1,8944.444444444445,0
Volvo,XC90 T6 Momentum,2018,81200.0,Gasoline,316.0HP 2.0L 4 Cylinder Engine Gasoline Fuel,8-Speed A/T,Black,Black,At least 1 accident or damage reported,Yes,28825.0,8,0.35498331301338654,0,9022.222222222223,1
Lamborghini,Huracan EVO Base,2020,6246.0,Gasoline,5.2L V10 40V GDI DOHC,7-Speed Automatic with Auto-Shift,Nero Noctis,Nero Ade,None reported,Yes,267950.0,6,42.89258844245238,0,892.2857142857143,0
Jeep,Wrangler Unlimited Rubicon,2017,20172.0,Gasoline,285.0HP 3.6L V6 Cylinder Engine Gasoline Fuel,Transmission w/Dual Shift Mode,Gray,Black,None reported,Yes,47500.0,9,2.354632429484955,0,2017.2,0
Hummer,H2 Base,2005,145000.0,Gasoline,325.0HP 6.0L 8 Cylinder Engine Gasoline Fuel,4-Speed A/T,Green,Black,None reported,Yes,22500.0,21,0.1551713436459059,0,6590.909090909091,0
Ford,Flex Limited,2009,162000.0,Gasoline,262.0HP 3.5L V6 Cylinder Engine Gasoline Fuel,6-Speed A/T,Gray,Black,At least 1 accident or damage reported,Yes,7500.0,17,0.04629601051845359,0,9000.0,1
Porsche,718 Cayman GT4,2020,13554.0,Gasoline,414.0HP 4.0L Flat 6 Cylinder Engine Gasoline Fuel,6-Speed M/T,Blue,Black,None reported,Yes,124995.0,6,9.221320545924014,1,1936.2857142857142,0
Toyota,Camry XLE,2007,59700.0,Gasoline,268.0HP 3.5L V6 Cylinder Engine Gasoline Fuel,6-Speed A/T,Green,Gray,None reported,Yes,9500.0,19,0.15912631279208053,0,2985.0,0
Mercedes-Benz,A-Class A 220 4MATIC,2020,30930.0,Gasoline,2.0L I4 16V GDI DOHC Turbo,7-Speed Automatic with Auto-Shift,Midnight Black,Black,None reported,Yes,28900.0,6,0.934337719440044,1,4418.571428571428,0
BMW,335 i,2009,51983.0,Gasoline,300.0HP 3.0L Straight 6 Cylinder Engine Gasoline Fuel,6-Speed M/T,Gray,White,None reported,Yes,19999.0,17,0.3847145275469375,1,2887.9444444444443,0
Chevrolet,Camaro 2SS,2022,22000.0,Gasoline,455.0HP 6.2L 8 Cylinder Engine Gasoline Fuel,6-Speed M/T,Blue,Black,None reported,Yes,50000.0,4,2.272623971637653,0,4400.0,0
Volkswagen,ID.4 Pro S,2023,16800.0,Gasoline,295.0HP Electric Motor Electric Fuel System,1-Speed A/T,Gray,Black,None reported,Yes,45000.0,3,2.678411999285757,0,4200.0,0
Chevrolet,Silverado 2500 High Country,2022,16000.0,Diesel,445.0HP 6.6L 8 Cylinder Engine Diesel Fuel,A/T,Black,Black,At least 1 accident or damage reported,Yes,73995.0,4,4.624398475095306,0,3200.0,1
Nissan,Altima 2.5 SV,2020,22295.0,Gasoline,2.5L I4 16V GDI DOHC,Automatic CVT,Scarlet Ember,Gray,None reported,Yes,23599.0,6,1.0584409759598135,0,3185.0,0
Bentley,Continental GT V8,2020,33000.0,Gasoline,542.0HP 4.0L 8 Cylinder Engine Gasoline Fuel,A/T,Beige,Beige,None reported,Yes,188500.0,6,5.711948122784158,1,4714.285714285715,0
Toyota,Sequoia Platinum,2023,1025.0,Hybrid,437.0HP 3.4L V6 Cylinder Engine Gas/Electric Hybrid,10-Speed A/T,Black,Black,None reported,Yes,85000.0,3,82.84600389863547,0,256.25,0
Acura,TL Technology,2013,89190.0,Gasoline,305.0HP 3.7L V6 Cylinder Engine Gasoline Fuel,6-Speed A/T,Gray,White,At least 1 accident or damage reported,Yes,15499.0,13,0.17377313854536894,0,6370.714285714285,1
Toyota,Highlander Limited,2020,53550.0,Gasoline,3.5L V6 24V PDI DOHC,8-Speed Automatic,Blue,Gray,None reported,Yes,39687.0,6,0.7411066086534331,0,7650.0,0
Ford,Edge SEL,2021,56946.0,Gasoline,2.0L I4 16V GDI DOHC Turbo,8-Speed Automatic,Silver,Ebony,None reported,Yes,26299.0,5,0.461815372188175,0,9491.0,0
Jaguar,F-TYPE R,2016,11684.0,Gasoline,550.0HP 5.0L 8 Cylinder Engine Gasoline Fuel,8-Speed A/T,Black,Black,None reported,Yes,54900.0,10,4.698331193838254,0,1062.1818181818182,0
GMC,Yukon XL Denali,2018,45617.0,Gasoline,420.0HP 6.2L 8 Cylinder Engine Gasoline Fuel,A/T,White,Gray,None reported,Yes,51000.0,8,1.1179797448375641,0,5068.555555555556,0
Chevrolet,Suburban LT,2018,75466.0,Gasoline,355.0HP 5.3L 8 Cylinder Engine Gasoline Fuel,6-Speed A/T,Gray,Black,None reported,Yes,34500.0,8,0.45715345780274824,0,8385.111111111111,0
Maserati,Levante GTS,2021,19513.0,Gasoline,3.8L V8 32V GDI DOHC Twin Turbo,8-Speed Automatic,Black,Red / Black,At least 1 accident or damage reported,Yes,84645.0,5,4.337655016910936,1,3252.1666666666665,1
Subaru,Outback Limited,2021,15636.0,Gasoline,2.5L H4 16V GDI DOHC,Automatic CVT,Crystal Black Silica,Black,None reported,Yes,33531.0,5,2.1443371490695147,0,2606.0,0
Mercedes-Benz,S-Class S 450,2018,69600.0,Gasoline,362.0HP 3.0L V6 Cylinder Engine Gasoline Fuel,9-Speed A/T,Black,Black,None reported,Yes,40888.0,8,0.5874628238100027,1,7733.333333333333,0
Mercedes-Benz,GL-Class GL 450,2011,138050.0,Gasoline,335.0HP 4.7L 8 Cylinder Engine Gasoline Fuel,A/T,White,Beige,None reported,Yes,16500.0,15,0.11952104656974596,1,8628.125,0
Ford,F-250 Lariat,2017,132269.0,E85 Flex Fuel,385.0HP 6.2L 8 Cylinder Engine Flex Fuel Capability,A/T,Gray,Black,None reported,Yes,35900.0,9,0.2714145308837983,0,13226.9,0
Hyundai,Palisade Limited,2020,45815.0,Gasoline,291.0HP 3.8L V6 Cylinder Engine Gasoline Fuel,Transmission w/Dual Shift Mode,Silver,Black,None reported,Yes,37700.0,6,0.8228566439671731,0,6545.0,0
Ford,F-150 XLT,2021,25352.0,Gasoline,3.5L V6 24V PDI DOHC Twin Turbo,10-Speed Automatic,Gray,Black,None reported,Yes,48459.0,5,1.9113714353330966,0,4225.333333333333,0
Mercedes-Benz,R-Class R 350 4MATIC,2008,120000.0,Gasoline,268.0HP 3.5L V6 Cylinder Engine Gasoline Fuel,7-Speed A/T,Silver,Black,None reported,Yes,8995.0,18,0.07495770868576095,1,6315.789473684211,0
Chevrolet,Camaro 2SS,2018,75151.0,Gasoline,455.0HP 6.2L 8 Cylinder Engine Gasoline Fuel,6-Speed M/T,Gray,Black,At least 1 accident or damage reported,Yes,45000.0,8,0.5987864594421971,0,8350.111111111111,1
Jeep,Wrangler Sport,2016,74139.0,Gasoline,285.0HP 3.6L V6 Cylinder Engine Gasoline Fuel,6-Speed M/T,Red,Black,None reported,Yes,23000.0,10,0.31022390072835176,0,6739.909090909091,0
Chevrolet,1500 Cheyenne,1994,170443.0,–,–,A/T,Red,–,At least 1 accident or damage reported,Yes,6000.0,32,0.035202177841402456,0,5164.939393939394,1
Jaguar,XJ6 Vanden Plas,1995,70000.0,–,–,A/T,Gold,–,None reported,Yes,19000.0,31,0.27142469393294383,0,2187.5,0
BMW,550 i xDrive,2012,68500.0,Gasoline,400.0HP 4.4L 8 Cylinder Engine Gasoline Fuel,Transmission w/Dual Shift Mode,Black,Black,None reported,Yes,17800.0,14,0.2598502211646545,1,4566.666666666667,0
Lexus,GX 460 Luxury,2020,37366.0,Gasoline,4.6L V8 32V MPFI DOHC,6-Speed Automatic,White,–,None reported,Yes,51890.0,6,1.38865844194075,1,5338.0,0
Tesla,Model S Long Range,2021,35315.0,Gasoline,670.0HP Electric Motor Electric Fuel System,1-Speed A/T,White,Black,None reported,Yes,66900.0,5,1.8943255181787293,0,5885.833333333333,0
Volkswagen,Jetta 1.4T SE,2017,61000.0,Gasoline,150.0HP 1.4L 4 Cylinder Engine Gasoline Fuel,A/T,White,Black,None reported,Yes,15995.0,9,0.26220881624891396,0,6100.0,0
Jeep,Grand Cherokee Limited,2022,12050.0,Gasoline,3.6L V6 24V MPFI DOHC,8-Speed Automatic,Bright White Clearcoat,Global Black,None reported,Yes,41599.0,4,3.4519127043398887,0,2410.0,0
Jaguar,XK8 Base,2001,150000.0,Gasoline,290.0HP 4.0L 8 Cylinder Engine Gasoline Fuel,5-Speed A/T,Green,White,At least 1 accident or damage reported,Yes,9875.0,25,0.06583289444737035,0,5769.2307692307695,1
Porsche,Macan S,2016,46200.0,Gasoline,340.0HP 3.0L V6 Cylinder Engine Gasoline Fuel,Transmission w/Dual Shift Mode,Gray,Gray,At least 1 accident or damage reported,Yes,41500.0,10,0.8982489556503106,1,4200.0,1
Mercedes-Benz,E-Class E 350,2014,88000.0,Gasoline,302.0HP 3.5L V6 Cylinder Engine Gasoline Fuel,A/T,Silver,Black,None reported,Yes,15500.0,12,0.1761343621095215,1,6769.2307692307695,0
Mercedes-Benz,GL-Class GL 450 4MATIC,2015,47000.0,Gasoline,362.0HP 3.0L V6 Cylinder Engine Gasoline Fuel,7-Speed A/T,Silver,Black,None reported,Yes,30089.0,11,0.6401778685559881,1,3916.6666666666665,0
Land,Rover Range Rover 3.0L Supercharged HSE,2017,50340.0,Gasoline,380.0HP 3.0L V6 Cylinder Engine Gasoline Fuel,8-Speed A/T,White,Beige,At least 1 accident or damage reported,Yes,47000.0,9,0.9336326254941301,1,5034.0,1
Mercedes-Benz,E-Class E 350 4MATIC,2010,67800.0,Gasoline,268.0HP 3.5L V6 Cylinder Engine Gasoline Fuel,7-Speed A/T,Black,Black,None reported,Yes,13999.0,16,0.20647188094570876,1,3988.235294117647,0
Dodge,Dakota Sport,2002,150000.0,Gasoline,175.0HP 3.9L V6 Cylinder Engine Gasoline Fuel,5-Speed M/T,Black,Gray,At least 1 accident or damage reported,Yes,5500.0,24,0.036666422223851844,0,6000.0,1
Chevrolet,Camaro ZL1,2018,13500.0,Gasoline,650.0HP 6.2L 8 Cylinder Engine Gasoline Fuel,6-Speed M/T,Black,Black,At least 1 accident or damage reported,Yes,54000.0,8,3.999703725649952,0,1500.0,1
Hummer,H3 Base,2007,101750.0,Gasoline,242.0HP 3.7L 5 Cylinder Engine Gasoline Fuel,A/T,White,Black,None reported,Yes,12900.0,19,0.12678008078544684,0,5087.5,0
Honda,Odyssey EX-L,2022,18385.0,Gasoline,280.0HP 3.5L V6 Cylinder Engine Gasoline Fuel,10-Speed A/T,Red,Beige,None reported,Yes,37950.0,4,2.0640704884150987,0,3677.0,0
Nissan,350Z Touring,2008,123500.0,Gasoline,306.0HP 3.5L V6 Cylinder Engine Gasoline Fuel,5-Speed A/T,Gray,Beige,At least 1 accident or damage reported,Yes,13500.0,18,0.10931085578254428,0,6500.0,1
GMC,Savana 2500 Work Van,2017,117000.0,E85 Flex Fuel,342.0HP 6.0L 8 Cylinder Engine Flex Fuel Capability,6-Speed A/T,Silver,Silver,None reported,Yes,38000.0,9,0.32478354885855676,0,11700.0,0
Mercedes-Benz,E-Class E 350 4MATIC,2010,86121.0,Gasoline,268.0HP 3.5L V6 Cylinder Engine Gasoline Fuel,7-Speed A/T,Gray,Black,None reported,Yes,13600.0,16,0.15791551519936833,1,5065.941176470588,0
Lexus,GX 460 Premium,2020,22466.0,Gasoline,301.0HP 4.6L 8 Cylinder Engine Gasoline Fuel,6-Speed A/T,White,Black,None reported,Yes,45900.0,6,2.0429963947122447,1,3209.4285714285716,0
Nissan,Titan XD SV,2017,80000.0,Gasoline,390.0HP 5.6L 8 Cylinder Engine Gasoline Fuel,7-Speed A/T,Silver,Black,None reported,Yes,23800.0,9,0.2974962812964838,0,8000.0,0
Chrysler,300 Touring,2020,23152.0,Gasoline,292.0HP 3.6L V6 Cylinder Engine Gasoline Fuel,8-Speed A/T,White,White,None reported,Yes,28250.0,6,1.2201442577635728,0,3307.4285714285716,0
Dodge,Charger R/T,2006,91300.0,Gasoline,350.0HP 5.7L 8 Cylinder Engine Gasoline Fuel,5-Speed A/T,Yellow,–,None reported,Yes,9200.0,20,0.10076559950055311,0,4347.619047619048,0
Nissan,Pathfinder SL,2020,45000.0,Gasoline,284.0HP 3.5L V6 Cylinder Engine Gasoline Fuel,CVT Transmission,Black,Black,None reported,Yes,28999.0,6,0.6444079020466212,0,6428.571428571428,0
Rivian,R1S Launch Edition,2023,1885.0,Gasoline,835.0HP Electric Motor Electric Fuel System,1-Speed A/T,Green,White,None reported,Yes,93500.0,3,49.57582184517497,0,471.25,0
Ford,Explorer Platinum,2018,73049.0,Gasoline,3.5L V6 24V GDI DOHC Twin Turbo,6-Speed Automatic,Gray,Ebony Black,At least 1 accident or damage reported,Yes,30510.0,8,0.41765913757700207,0,8116.555555555556,1
Nissan,Titan SV,2021,7250.0,Gasoline,400.0HP 5.6L 8 Cylinder Engine Gasoline Fuel,9-Speed A/T,Black,Black,None reported,Yes,38000.0,5,5.240656461177768,0,1208.3333333333333,0
Jaguar,E-PACE S,2019,44000.0,Gasoline,246.0HP 2.0L 4 Cylinder Engine Gasoline Fuel,A/T,Black,Black,None reported,Yes,29000.0,7,0.6590759300924979,0,5500.0,0
Ford,F-150 FX4,2014,85500.0,Gasoline,411.0HP 6.2L 8 Cylinder Engine Gasoline Fuel,Transmission w/Dual Shift Mode,Black,Black,None reported,Yes,26900.0,12,0.31461620331925944,0,6576.923076923077,0
GMC,Acadia Denali,2021,18083.0,Gasoline,3.6L V6 24V GDI DOHC,9-Speed Automatic,Ebony Twilight Metallic,Jet Black,None reported,Yes,43999.0,5,2.433034726830347,0,3013.8333333333335,0
Lamborghini,Murcielago Base,2005,22703.0,Gasoline,571.0HP 6.2L 12 Cylinder Engine Gasoline Fuel,M/T,Black,Black,None reported,Yes,220000.0,21,9.689922480620154,0,1031.9545454545455,0
Chevrolet,Camaro 1LT,2011,111000.0,Gasoline,312.0HP 3.6L V6 Cylinder Engine Gasoline Fuel,A/T,Blue,Black,None reported,Yes,10900.0,15,0.09819731353771588,0,6937.5,0
GMC,Acadia SLT-2,2013,115000.0,Gasoline,288.0HP 3.6L V6 Cylinder Engine Gasoline Fuel,6-Speed A/T,White,Brown,None reported,Yes,14000.0,13,0.12173807184285354,0,8214.285714285714,0
Chevrolet,Malibu Premier,2021,33400.0,Gasoline,250.0HP 2.0L 4 Cylinder Engine Gasoline Fuel,A/T,White,Black,None reported,Yes,28000.0,5,0.8382982545432771,0,5566.666666666667,0
Toyota,Sequoia SR5,2007,136000.0,Gasoline,273.0HP 4.7L 8 Cylinder Engine Gasoline Fuel,A/T,Black,Beige,None reported,Yes,12500.0,19,0.09191108888905229,0,6800.0,0
Lexus,IS 350 F Sport,2021,26800.0,Gasoline,311.0HP 3.5L V6 Cylinder Engine Gasoline Fuel,8-Speed A/T,Black,Red,None reported,Yes,44000.0,5,1.6417297862020075,1,4466.666666666667,0
Tesla,Model Y Performance,2022,30000.0,Gasoline,455.0HP Electric Motor Electric Fuel System,A/T,White,White,None reported,Yes,51999.0,4,1.733242225259158,0,6000.0,0
Dodge,Challenger SRT8,2008,251634.0,Gasoline,425.0HP 6.1L 8 Cylinder Engine Gasoline Fuel,A/T,Silver,Black,None reported,Yes,10500.0,18,0.04172710473503288,0,13243.894736842105,0
Chrysler,300 Touring,2005,119000.0,Gasoline,250.0HP 3.5L V6 Cylinder Engine Gasoline Fuel,A/T,Blue,Beige,None reported,Yes,3500.0,21,0.029411517550272687,0,5409.090909090909,0
Cadillac,Escalade Sport Platinum,2021,28121.0,Gasoline,6.2L V8 16V GDI OHV,10-Speed Automatic,Black Raven,Jet Black,None reported,Yes,89000.0,5,3.1647820211933717,0,4686.833333333333,0
Chrysler,Town & Country Touring,2009,111000.0,Gasoline,197.0HP 3.8L V6 Cylinder Engine Gasoline Fuel,A/T,Blue,Gray,None reported,Yes,7900.0,17,0.07117052999522527,0,6166.666666666667,0
Mazda,CX-5 Touring,2016,116500.0,Gasoline,2.5L I4 16V GDI DOHC,6-Speed Automatic,Blue Reflex Mica,Black,None reported,Yes,14311.0,10,0.12284014729487301,0,10590.90909090909,0
Acura,TL 3.2,2005,199296.0,Gasoline,270.0HP 3.2L V6 Cylinder Engine Gasoline Fuel,A/T,Black,Gray,None reported,Yes,4900.0,21,0.024586421270766746,0,9058.90909090909,0
Chevrolet,Corvette Z06 w/2LZ,2023,202.0,Gasoline,670.0HP 5.5L 8 Cylinder Engine Gasoline Fuel,Transmission w/Dual Shift Mode,White,Red,None reported,Yes,179000.0,3,881.7733990147783,0,50.5,0
Tesla,Model Y Performance,2021,11200.0,Gasoline,455.0HP Electric Motor Electric Fuel System,1-Speed A/T,White,Black,None reported,Yes,47500.0,5,4.240692795286135,0,1866.6666666666667,0
Volvo,XC40 T5 Momentum,2020,56536.0,Gasoline,2.0L I4 16V GDI DOHC Turbo,8-Speed Automatic,White,Charcoal,None reported,Yes,26599.0,6,0.47047066522808073,0,8076.571428571428,0
Chevrolet,Camaro 2SS,2016,49600.0,Gasoline,455.0HP 6.2L 8 Cylinder Engine Gasoline Fuel,8-Speed A/T,Blue,Black,None reported,Yes,32500.0,10,0.655228725227314,0,4509.090909090909,0
Acura,TLX Type S PMC Edition,2023,13600.0,Gasoline,355.0HP 3.0L V6 Cylinder Engine Gasoline Fuel,10-Speed A/T,Blue,White,None reported,Yes,65000.0,3,4.779060363208588,0,3400.0,0
Volkswagen,Eos 2.0T,2007,59700.0,Gasoline,200.0HP 2.0L 4 Cylinder Engine Gasoline Fuel,6-Speed A/T,Blue,White,None reported,Yes,10000.0,19,0.16750138188640057,0,2985.0,0
Dodge,Charger R/T Scat Pack,2018,19000.0,Gasoline,485.0HP 6.4L 8 Cylinder Engine Gasoline Fuel,Transmission w/Dual Shift Mode,Purple,Gray,None reported,Yes,44888.0,8,2.3624019788432187,0,2111.1111111111113,0
Chevrolet,Corvette Z06,2002,17300.0,Gasoline,405.0HP 5.7L 8 Cylinder Engine Gasoline Fuel,6-Speed M/T,Black,Black,None reported,Yes,33999.0,24,1.9651465233223513,0,692.0,0
Mercedes-Benz,CLA-Class CLA 250,2014,91140.0,Gasoline,208.0HP 2.0L 4 Cylinder Engine Gasoline Fuel,7-Speed A/T,Gray,Black,None reported,Yes,13500.0,12,0.1481221404197891,1,7010.7692307692305,0
BMW,M5 Base,2015,33000.0,Gasoline,560.0HP 4.4L 8 Cylinder Engine Gasoline Fuel,7-Speed A/T,Gray,Black,None reported,Yes,65000.0,11,1.9696372837186753,1,2750.0,0
Jeep,Wrangler Unlimited Sport,2019,52775.0,Gasoline,285.0HP 3.6L V6 Cylinder Engine Gasoline Fuel,8-Speed A/T,Gray,Black,None reported,Yes,39799.0,7,0.7541117174473245,0,6596.875,0
Mitsubishi,Lancer Sportback ES,2011,113000.0,Gasoline,148.0HP 2.0L 4 Cylinder Engine Gasoline Fuel,5-Speed M/T,White,Black,None reported,Yes,5800.0,15,0.051326979407261886,0,7062.5,0
Porsche,Macan Base,2022,13000.0,Gasoline,261.0HP 2.0L 4 Cylinder Engine Gasoline Fuel,A/T,Black,Beige,None reported,Yes,60000.0,4,4.615029613106684,1,2600.0,0
Mercedes-Benz,CLK-Class CLK 350,2009,77925.0,Gasoline,268.0HP 3.5L V6 Cylinder Engine Gasoline Fuel,Transmission w/Dual Shift Mode,Silver,Black,None reported,Yes,16500.0,17,0.21173934245309653,1,4329.166666666667,0
Dodge,Challenger SRT8,2011,106500.0,–,–,5-Speed A/T,White,White,At least 1 accident or damage reported,Yes,22500.0,15,0.21126562191904302,0,6656.25,1
Mazda,Mazda3 Grand Touring,2018,15175.0,Gasoline,2.5L I4 16V GDI DOHC,6-Speed Automatic,Snowflake White Pearl Metallic,Parchment,At least 1 accident or damage reported,Yes,19212.0,8,1.2659462308908804,0,1686.111111111111,1
Audi,A3 2.0T Premium,2017,137000.0,Gasoline,186.0HP 2.0L 4 Cylinder Engine Gasoline Fuel,7-Speed A/T,White,Gray,None reported,Yes,10995.0,9,0.0802548886504478,1,13700.0,0
BMW,528 i,2015,111000.0,Gasoline,240.0HP 2.0L 4 Cylinder Engine Gasoline Fuel,8-Speed A/T,Gray,–,At least 1 accident or damage reported,Yes,15000.0,11,0.13513391771245303,1,9250.0,1
Land,Rover Range Rover 3.0L V6 Supercharged HSE,2019,49208.0,Gasoline,380.0HP 3.0L V6 Cylinder Engine Gasoline Fuel,Transmission w/Dual Shift Mode,Black,Black,None reported,Yes,62425.0,7,1.2685687577475666,1,6151.0,0
Audi,S5 3.0T Prestige,2018,44000.0,Gasoline,354.0HP 3.0L V6 Cylinder Engine Gasoline Fuel,8-Speed A/T,Gray,Black,None reported,Yes,39000.0,8,0.8863434921933593,1,4888.888888888889,0
Porsche,718 Boxster Base,2017,26000.0,Gasoline,300.0HP 2.0L 4 Cylinder Engine Gasoline Fuel,A/T,Gray,Black,None reported,Yes,45500.0,9,1.74993269489635,1,2600.0,0
Chevrolet,Corvette Stingray w/2LT,2020,1800.0,Gasoline,490.0HP 6.2L 8 Cylinder Engine Gasoline Fuel,8-Speed A/T,Blue,Black,None reported,Yes,76000.0,6,42.1987784564131,0,257.14285714285717,0
Lamborghini,Urus Pearl Capsule,2021,3771.0,Gasoline,"4L V-8 gasoline direct injection, DOHC, variable valve control,",Automatic,Grigio Nimbus,Bianco Polar,None reported,Yes,259991.0,5,68.92656415694591,0,628.5,0
Maserati,Quattroporte S,2012,50000.0,Gasoline,425.0HP 4.7L 8 Cylinder Engine Gasoline Fuel,6-Speed A/T,White,Black,None reported,Yes,26497.0,14,0.5299294014119718,1,3333.3333333333335,0
Subaru,Impreza 2.0i,2018,93000.0,Gasoline,152.0HP 2.0L 4 Cylinder Engine Gasoline Fuel,CVT Transmission,Silver,Black,At least 1 accident or damage reported,Yes,16000.0,8,0.17204116084773283,0,10333.333333333334,1
Mercedes-Benz,AMG GT C,2020,15000.0,Gasoline,550.0HP 4.0L 8 Cylinder Engine Gasoline Fuel,7-Speed A/T,Gray,Black,None reported,Yes,129000.0,6,8.59942670488634,1,2142.8571428571427,0
Mazda,Mazda6 i Touring,2016,119500.0,Gasoline,184.0HP 2.5L 4 Cylinder Engine Gasoline Fuel,Transmission w/Dual Shift Mode,Silver,Black,None reported,Yes,15000.0,10,0.12552196215931247,0,10863.636363636364,0
Porsche,Macan S,2016,50000.0,Gasoline,340.0HP 3.0L V6 Cylinder Engine Gasoline Fuel,7-Speed A/T,Blue,Red,None reported,Yes,36000.0,10,0.7199856002879942,1,4545.454545454545,0
Porsche,Panamera 4,2011,85000.0,Gasoline,300.0HP 3.6L V6 Cylinder Engine Gasoline Fuel,A/T,Gray,Beige,None reported,Yes,21500.0,15,0.25293820072705026,1,5312.5,0
Genesis,G70 3.3T Advanced,2019,48000.0,Gasoline,365.0HP 3.3L V6 Cylinder Engine Gasoline Fuel,8-Speed A/T,Black,Black,None reported,Yes,29999.0,7,0.6249661465386138,0,6000.0,0
Jeep,Wrangler Sport,2021,11756.0,Gasoline,"2L I-4 gasoline direct injection, DOHC, intercooled turbo, engin",Automatic,Granite Crystal Metallic Clearcoat,Black,At least 1 accident or damage reported,Yes,33400.0,5,2.8408607638002894,0,1959.3333333333333,1
Audi,Q5 2.0T Premium Plus,2018,50400.0,Gasoline,252.0HP 2.0L 4 Cylinder Engine Gasoline Fuel,Transmission w/Dual Shift Mode,White,Beige,None reported,Yes,28500.0,8,0.5654649709331164,1,5600.0,0
BMW,335 i xDrive,2012,153600.0,Gasoline,300.0HP 3.0L Straight 6 Cylinder Engine Gasoline Fuel,6-Speed M/T,Black,Black,None reported,Yes,17500.0,14,0.11393154992480518,1,10240.0,0
Land,Rover Range Rover P530 SE,2023,1869.0,Gasoline,4.4L V8 32V GDI DOHC Twin Turbo,Automatic,Eiger Grey,Deep Garnet,None reported,Yes,164725.0,3,88.08823529411765,1,467.25,0
Dodge,Durango SRT 392,2022,31917.0,Gasoline,475.0HP 6.4L 8 Cylinder Engine Gasoline Fuel,8-Speed A/T,Gray,Black,None reported,Yes,64683.0,4,2.026536750422959,0,6383.4,0
BMW,M3 Base,2016,56235.0,Gasoline,425.0HP 3.0L Straight 6 Cylinder Engine Gasoline Fuel,6-Speed M/T,Orange,Orange,None reported,Yes,50500.0,10,0.8980012803186571,1,5112.272727272727,0
Ford,Fiesta ST,2019,28724.0,Gasoline,197.0HP 1.6L 4 Cylinder Engine Gasoline Fuel,6-Speed M/T,Gray,Black,At least 1 accident or damage reported,Yes,18300.0,7,0.6370757180156658,0,3590.5,1
Lincoln,MKS Base,2015,124400.0,Gasoline,305.0HP 3.7L V6 Cylinder Engine Gasoline Fuel,6-Speed A/T,White,Black,At least 1 accident or damage reported,Yes,9500.0,11,0.07636594561136968,0,10366.666666666666,1
Chevrolet,Tahoe Premier,2020,137000.0,Gasoline,355.0HP 5.3L 8 Cylinder Engine Gasoline Fuel,6-Speed A/T,Black,Black,None reported,Yes,46000.0,6,0.33576397252574797,0,19571.428571428572,0
Ferrari,F430 Berlinetta,2005,38686.0,Gasoline,483.0HP 4.3L 8 Cylinder Engine Gasoline Fuel,Transmission w/Dual Shift Mode,White,Red,None reported,Yes,99999.0,21,2.584821774756378,0,1758.4545454545455,0
Ford,F-250 Platinum,2022,6600.0,Gasoline,430.0HP 7.3L 8 Cylinder Engine Gasoline Fuel,10-Speed A/T,Blue,Black,At least 1 accident or damage reported,Yes,72900.0,4,11.043781245265869,0,1320.0,1
Mercedes-Benz,SLK-Class SLK280 Roadster,2007,67200.0,Gasoline,228.0HP 3.0L V6 Cylinder Engine Gasoline Fuel,A/T,Silver,Black,None reported,Yes,11500.0,19,0.17112840582729424,1,3360.0,0
Porsche,Macan,2021,16554.0,Gasoline,2.0 Liter,Automatic,White,Beige,None reported,Yes,51698.0,5,3.122802778616732,1,2759.0,0
BMW,X5 PHEV xDrive45e,2023,15736.0,Plug-In Hybrid,389.0HP 3.0L Straight 6 Cylinder Engine Plug-In Electric/Gas,8-Speed A/T,Blue,Brown,None reported,Yes,67900.0,3,4.3146724280358395,1,3934.0,0
Mercedes-Benz,E-Class E500,2005,153460.0,Gasoline,302.0HP 5.0L 8 Cylinder Engine Gasoline Fuel,A/T,Gold,Gold,At least 1 accident or damage reported,Yes,5800.0,21,0.03779461882823649,1,6975.454545454545,1
Acura,TL 3.7,2012,70000.0,Gasoline,305.0HP 3.7L V6 Cylinder Engine Gasoline Fuel,A/T,Black,Black,At least 1 accident or damage reported,Yes,15051.0,14,0.2150112141255125,0,4666.666666666667,1
Hyundai,Equus Signature,2011,143898.0,Gasoline,378.0HP 4.6L 8 Cylinder Engine Gasoline Fuel,6-Speed A/T,Gray,Brown,None reported,Yes,9950.0,15,0.0691457202621283,0,8993.625,0
Mercedes-Benz,SL-Class SL500 Roadster,2003,26190.0,Gasoline,302.0HP 5.0L 8 Cylinder Engine Gasoline Fuel,A/T,Gold,Beige,None reported,Yes,22000.0,23,0.8399832003359933,1,1091.25,0
Toyota,Land Cruiser Base,2000,209193.0,Gasoline,230.0HP 4.7L 8 Cylinder Engine Gasoline Fuel,A/T,Black,Beige,None reported,Yes,15900.0,26,0.07600600399629052,0,7747.888888888889,0
RAM,2500 Big Horn,2018,27839.0,Gasoline,6.4L V8 16V MPFI OHV,6-Speed Automatic,Granite Crystal Clearcoat Metallic,Diesel Gray / Black,None reported,Yes,41688.0,8,1.4974137931034484,0,3093.222222222222,0
Chevrolet,Silverado 2500 WT,2018,141195.0,E85 Flex Fuel,6.0L V8 16V MPFI OHV Flexible Fuel,6-Speed Automatic,Summit White,Dark Ash,None reported,Yes,28499.0,8,0.2018399954672937,0,15688.333333333334,0
Porsche,Macan S,2022,20250.0,Gasoline,375.0HP 2.9L V6 Cylinder Engine Gasoline Fuel,7-Speed A/T,White,Beige,None reported,Yes,68500.0,4,3.3825490099254356,1,4050.0,0
Jeep,Grand Cherokee L Limited,2022,18333.0,Gasoline,3.6L V6 24V MPFI DOHC,8-Speed Automatic,Velvet Red Pearlcoat,Global Black,None reported,Yes,41599.0,4,2.26895385622341,0,3666.6,0
Mercedes-Benz,E-Class E 350,2014,35000.0,Gasoline,302.0HP 3.5L V6 Cylinder Engine Gasoline Fuel,7-Speed A/T,Red,Beige,None reported,Yes,29998.0,12,0.8570612268220908,1,2692.3076923076924,0
Dodge,Magnum Base,2006,133255.0,Gasoline,250.0HP 3.5L V6 Cylinder Engine Gasoline Fuel,A/T,Silver,Gray,None reported,Yes,4000.0,20,0.030017410097856755,0,6345.476190476191,0
Porsche,Macan Turbo,2021,14526.0,Gasoline,2.9 Liter Turbo,Automatic,Black,–,None reported,Yes,79998.0,5,5.506849315068493,1,2421.0,0
Mercedes-Benz,E-Class E 550,2014,43690.0,Gasoline,402.0HP 4.7L 8 Cylinder Engine Gasoline Fuel,A/T,Black,Black,None reported,Yes,23500.0,12,0.5378682108443387,1,3360.769230769231,0
Porsche,Macan S,2020,29136.0,Gasoline,3.0 Liter Turbo,Automatic,White,Red,None reported,Yes,58598.0,6,2.011119881937056,1,4162.285714285715,0
Cadillac,XT5 Luxury,2017,72060.0,Gasoline,3.6L V6 24V GDI DOHC,8-Speed Automatic,Stellar Black Metallic,Shara Beige,None reported,Yes,24590.0,9,0.34123867279110753,0,7206.0,0
Toyota,Tundra Platinum,2023,8800.0,Gasoline,389.0HP 3.4L V6 Cylinder Engine Gasoline Fuel,A/T,Silver,Black,None reported,Yes,68500.0,3,7.783206453812067,0,2200.0,0
Nissan,Versa 1.6 SL,2015,85768.0,Gasoline,109.0HP 1.6L 4 Cylinder Engine Gasoline Fuel,CVT Transmission,White,Black,At least 1 accident or damage reported,Yes,8250.0,11,0.09618859961058192,0,7147.333333333333,1
Mercedes-Benz,AMG GT 53 Base,2022,2235.0,Hybrid,429.0HP 3.0L Straight 6 Cylinder Engine Gasoline/Mild Electric Hybrid,Transmission w/Dual Shift Mode,Gray,Red,None reported,Yes,110000.0,4,49.19499105545617,1,447.0,0
Buick,Enclave Avenir,2019,121521.0,Gasoline,3.6L V6 24V GDI DOHC,9-Speed Automatic,Dark Slate Metallic,Ebony / Ebony Accents,None reported,Yes,26772.0,7,0.2203057882523329,0,15190.125,0
Porsche,911 GT3,2015,23700.0,Gasoline,475.0HP 3.8L Flat 6 Cylinder Engine Gasoline Fuel,Transmission w/Dual Shift Mode,Black,Black,None reported,Yes,144940.0,11,6.115353782540821,1,1975.0,0
BMW,328 i,2013,124000.0,Gasoline,230.0HP 3.0L Straight 6 Cylinder Engine Gasoline Fuel,A/T,White,Beige,None reported,Yes,11900.0,13,0.09596696800832251,1,8857.142857142857,0
Acura,ILX Premium Package,2018,32260.0,Gasoline,201.0HP 2.4L 4 Cylinder Engine Gasoline Fuel,A/T,Black,Black,None reported,Yes,20999.0,8,0.6509097672111838,0,3584.4444444444443,0
Lexus,GX 460 Base,2015,92000.0,Gasoline,301.0HP 4.6L 8 Cylinder Engine Gasoline Fuel,6-Speed A/T,Black,Black,None reported,Yes,28000.0,11,0.3043445179943696,1,7666.666666666667,0
Toyota,Land Cruiser Base,2010,269885.0,Gasoline,381.0HP 5.7L 8 Cylinder Engine Gasoline Fuel,6-Speed A/T,Black,Beige,At least 1 accident or damage reported,Yes,22500.0,16,0.08336853338076076,0,15875.588235294117,1
Chevrolet,Corvette Base,2008,51855.0,Gasoline,430.0HP 6.2L 8 Cylinder Engine Gasoline Fuel,6-Speed A/T,Red,Red,None reported,Yes,35900.0,18,0.6923017587164455,0,2729.2105263157896,0
Mazda,Mazda6 i Touring,2015,124000.0,Gasoline,184.0HP 2.5L 4 Cylinder Engine Gasoline Fuel,6-Speed M/T,White,Beige,At least 1 accident or damage reported,Yes,12900.0,11,0.10403141910145886,0,10333.333333333334,1
Jaguar,F-TYPE R,2015,26000.0,Gasoline,550.0HP 5.0L 8 Cylinder Engine Gasoline Fuel,8-Speed A/T,Blue,Red,None reported,Yes,52500.0,11,2.0191531094957886,0,2166.6666666666665,0
Audi,A3 2.0T Premium,2018,36500.0,Gasoline,220.0HP 2.0L 4 Cylinder Engine Gasoline Fuel,6-Speed A/T,Gray,Silver,At least 1 accident or damage reported,Yes,25500.0,8,0.6986109969589874,1,4055.5555555555557,1
Chevrolet,Camaro 2SS,2022,1400.0,Gasoline,455.0HP 6.2L 8 Cylinder Engine Gasoline Fuel,10-Speed A/T,Black,Black,None reported,Yes,54900.0,4,39.186295503211994,0,280.0,0
Jeep,Wrangler Unlimited Sport S,2018,17000.0,Gasoline,285.0HP 3.6L V6 Cylinder Engine Gasoline Fuel,A/T,Black,Black,None reported,Yes,38500.0,8,2.264572672195753,0,1888.888888888889,0
Honda,Civic Sport,2021,42750.0,Gasoline,1.5L I4 16V GDI DOHC Turbo,Automatic CVT,Black,Black,None reported,Yes,25698.0,5,0.6011087459942458,0,7125.0,0
Porsche,Cayman Base,2011,67998.0,Gasoline,265.0HP 2.9L Flat 6 Cylinder Engine Gasoline Fuel,6-Speed M/T,White,Beige,None reported,Yes,30000.0,15,0.44118295857292017,1,4249.875,0
Ford,Mustang GT,2008,64500.0,Gasoline,300.0HP 4.6L 8 Cylinder Engine Gasoline Fuel,5-Speed M/T,Black,Red,At least 1 accident or damage reported,Yes,16000.0,18,0.24805816964078076,0,3394.7368421052633,1
Toyota,FJ Cruiser Base,2007,102000.0,Gasoline,239.0HP 4.0L V6 Cylinder Engine Gasoline Fuel,6-Speed M/T,Blue,Black,None reported,Yes,24900.0,19,0.24411525377202184,0,5100.0,0
Land,Rover Discovery SE,2004,145000.0,Gasoline,217.0HP 4.6L 8 Cylinder Engine Gasoline Fuel,A/T,Green,Beige,None reported,Yes,15500.0,22,0.10689581451162405,1,6304.347826086957,0
Porsche,718 Boxster S,2018,50000.0,Gasoline,350.0HP 2.5L 4 Cylinder Engine Gasoline Fuel,A/T,Blue,Black,At least 1 accident or damage reported,Yes,55000.0,8,1.0999780004399913,1,5555.555555555556,1
Chevrolet,Corvette Base,2004,37622.0,Gasoline,350.0HP 5.7L 8 Cylinder Engine Gasoline Fuel,A/T,Blue,Beige,None reported,Yes,25500.0,22,0.6777768917949127,0,1635.7391304347825,0
Toyota,Avalon Limited,2006,89987.0,Gasoline,268.0HP 3.5L V6 Cylinder Engine Gasoline Fuel,5-Speed A/T,Green,Beige,None reported,Yes,9499.0,20,0.10555851891363292,0,4285.0952380952385,0
INFINITI,QX80 Base,2015,136390.0,Gasoline,5.6L V8 32V GDI DOHC,7-Speed Automatic,Black Obsidian,Black,None reported,Yes,20470.0,11,0.15008321663452867,0,11365.833333333334,0
Cadillac,DeVille Base,1994,90000.0,–,–,A/T,Green,Beige,At least 1 accident or damage reported,Yes,2990.0,32,0.03322185309052122,0,2727.2727272727275,1
Chevrolet,Camaro 2SS,2015,27000.0,Gasoline,426.0HP 6.2L 8 Cylinder Engine Gasoline Fuel,Transmission w/Dual Shift Mode,Black,Beige,None reported,Yes,33000.0,11,1.222176956409022,0,2250.0,0
Jeep,Liberty Renegade,2004,144770.0,Gasoline,210.0HP 3.7L V6 Cylinder Engine Gasoline Fuel,4-Speed A/T,Beige,Beige,At least 1 accident or damage reported,Yes,6500.0,22,0.04489849486430293,0,6294.347826086957,1
Toyota,4Runner Trail,2011,157000.0,Gasoline,270.0HP 4.0L V6 Cylinder Engine Gasoline Fuel,Transmission w/Dual Shift Mode,Black,Beige,None reported,Yes,23500.0,15,0.14968057528295997,0,9812.5,0
BMW,328 i xDrive,2010,132000.0,Gasoline,230.0HP 3.0L Straight 6 Cylinder Engine Gasoline Fuel,Transmission w/Dual Shift Mode,Silver,Black,At least 1 accident or damage reported,Yes,8500.0,16,0.06439345156476087,1,7764.705882352941,1
Ford,Excursion Limited Ultimate,2002,137000.0,Diesel,250.0HP 7.3L 8 Cylinder Engine Diesel Fuel,4-Speed A/T,Gold,Gold,None reported,Yes,15000.0,24,0.10948825191056999,0,5480.0,0
Lexus,IS 300 Base,2018,50992.0,Gasoline,260.0HP 3.5L V6 Cylinder Engine Gasoline Fuel,A/T,White,Gray,At least 1 accident or damage reported,Yes,28000.0,8,0.5490949738199361,1,5665.777777777777,1
Cadillac,CTS Performance,2010,105760.0,Gasoline,270.0HP 3.0L V6 Cylinder Engine Gasoline Fuel,6-Speed A/T,Black,Black,None reported,Yes,12900.0,16,0.12197312809069506,0,6221.176470588235,0
Lexus,LC 500 Base,2018,29800.0,Gasoline,471.0HP 5.0L 8 Cylinder Engine Gasoline Fuel,10-Speed A/T,Black,Black,None reported,Yes,68495.0,8,2.2984128049394315,1,3311.1111111111113,0
BMW,540 i xDrive,2019,21000.0,Gasoline,335.0HP 3.0L Straight 6 Cylinder Engine Gasoline Fuel,Transmission w/Dual Shift Mode,Blue,Black,At least 1 accident or damage reported,Yes,42000.0,7,1.9999047664396934,1,2625.0,1
Chevrolet,Corvette Base,1998,152195.0,Gasoline,340.0HP 5.7L 8 Cylinder Engine Gasoline Fuel,A/T,Black,Black,None reported,Yes,9900.0,28,0.06504770164787511,0,5248.103448275862,0
Hummer,H2 Base,2006,169900.0,Gasoline,325.0HP 6.0L 8 Cylinder Engine Gasoline Fuel,A/T,Orange,Black,At least 1 accident or damage reported,Yes,16900.0,20,0.09946969117309493,0,8090.476190476191,1
Volvo,XC90 3.2,2008,196000.0,Gasoline,235.0HP 3.2L Straight 6 Cylinder Engine Gasoline Fuel,A/T,Black,Beige,None reported,Yes,6499.0,18,0.03315799409186688,0,10315.78947368421,0
Jeep,Wrangler Unlimited Sahara,2009,180036.0,Gasoline,202.0HP 3.8L V6 Cylinder Engine Gasoline Fuel,A/T,Black,Black,At least 1 accident or damage reported,Yes,9100.0,17,0.05054516571593617,0,10002.0,1
Land,Rover Discovery HSE LUXURY,2017,57918.0,Gasoline,340.0HP 3.0L V6 Cylinder Engine Gasoline Fuel,Transmission w/Dual Shift Mode,Gray,Gray,None reported,Yes,33500.0,9,0.5783939639841849,1,5791.8,0
BMW,340 i,2017,98600.0,Gasoline,320.0HP 3.0L Straight 6 Cylinder Engine Gasoline Fuel,8-Speed A/T,Silver,Black,None reported,Yes,26500.0,9,0.2687599517246275,1,9860.0,0
Ford,F-250 Lariat,2018,120000.0,Diesel,450.0HP 6.7L 8 Cylinder Engine Diesel Fuel,6-Speed A/T,Silver,Black,At least 1 accident or damage reported,Yes,55000.0,8,0.4583295139207173,0,13333.333333333334,1
BMW,M3 Competition,2022,14269.0,Gasoline,503.0HP 3.0L Straight 6 Cylinder Engine Gasoline Fuel,8-Speed A/T,Gray,Orange,None reported,Yes,80000.0,4,5.606166783461808,1,2853.8,0
Lexus,LC 500 Base,2022,6875.0,Gasoline,471.0HP 5.0L 8 Cylinder Engine Gasoline Fuel,A/T,White,Black,None reported,Yes,89000.0,4,12.943571844095404,1,1375.0,0
Honda,CR-V Touring,2019,55100.0,Gasoline,1.5L I4 16V GDI DOHC Turbo,Automatic CVT,White,Gray,None reported,Yes,28324.0,7,0.514037857752128,0,6887.5,0
Porsche,Panamera S,2012,49000.0,Gasoline,400.0HP 4.8L 8 Cylinder Engine Gasoline Fuel,7-Speed A/T,White,Black,None reported,Yes,41500.0,14,0.8469214913981348,1,3266.6666666666665,0
BMW,750 i,2009,74600.0,Gasoline,400.0HP 4.4L 8 Cylinder Engine Gasoline Fuel,A/T,White,Brown,None reported,Yes,15000.0,17,0.20106969075481562,1,4144.444444444444,0
Audi,A7 3.0T Premium,2019,45900.0,Hybrid,335.0HP 3.0L V6 Cylinder Engine Gasoline/Mild Electric Hybrid,Transmission w/Dual Shift Mode,Black,Black,At least 1 accident or damage reported,Yes,41500.0,7,0.9041197359534651,1,5737.5,1
Chrysler,200 Limited,2015,95271.0,E85 Flex Fuel,184.0HP 2.4L 4 Cylinder Engine Flex Fuel Capability,A/T,Black,Black,None reported,Yes,12468.0,11,0.13086741120161222,0,7939.25,0
Ford,F-150 XL,2021,88883.0,Gasoline,2.7L V6 24V PDI DOHC Twin Turbo,10-Speed Automatic,Agate Black Metallic,Black,None reported,Yes,33172.0,5,0.3732055263039467,0,14813.833333333334,0
Dodge,Grand Caravan R/T,2013,43000.0,E85 Flex Fuel,283.0HP 3.6L V6 Cylinder Engine Flex Fuel Capability,6-Speed A/T,Red,Black,None reported,Yes,35000.0,13,0.8139345596614033,0,3071.4285714285716,0
Ford,Focus SE,2018,33700.0,E85 Flex Fuel,160.0HP 2.0L 4 Cylinder Engine Flex Fuel Capability,A/T,Gray,Black,At least 1 accident or damage reported,Yes,12000.0,8,0.356072520103261,0,3744.4444444444443,1
RAM,2500 Big Horn,2016,95115.0,Diesel,6.7L I6 24V DDI OHV Turbo Diesel,6-Speed Automatic,Bright White Clearcoat,Diesel Gray / Black,None reported,Yes,43640.0,10,0.45880819210227514,0,8646.818181818182,0
Lotus,Elise Base,2005,25250.0,Gasoline,190.0HP 1.8L 4 Cylinder Engine Gasoline Fuel,M/T,Red,Black,None reported,Yes,44000.0,21,1.742505247316938,0,1147.7272727272727,0
Chevrolet,Corvette Base,2007,20200.0,Gasoline,400.0HP 6.0L 8 Cylinder Engine Gasoline Fuel,6-Speed A/T,Red,Red,None reported,Yes,27500.0,19,1.3613187465967032,0,1010.0,0
Audi,allroad 2.0T Prestige,2013,104457.0,Gasoline,211.0HP 2.0L 4 Cylinder Engine Gasoline Fuel,8-Speed A/T,Silver,Black,None reported,Yes,17900.0,13,0.17136073828715848,1,7461.214285714285,0
McLaren,570S Spider,2018,8984.0,Gasoline,3.8L V8 32V MPFI DOHC Twin Turbo,7-Speed Automatic with Auto-Shift,Vega Blue,Black,None reported,Yes,171900.0,8,19.131886477462437,0,998.2222222222222,0
Chevrolet,Express 2500 Work Van,2017,76000.0,Gasoline,285.0HP 4.8L 8 Cylinder Engine Gasoline Fuel,A/T,Silver,–,None reported,Yes,41400.0,9,0.5447296746095446,0,7600.0,0
Chevrolet,Traverse High Country,2020,56247.0,Gasoline,3.6L V6 24V GDI DOHC,9-Speed Automatic,Stone Gray Metallic,Jet Black,None reported,Yes,39244.0,6,0.6976959180770872,0,8035.285714285715,0
Jeep,Wrangler S,1994,50750.0,–,–,5-Speed M/T,Blue,Gray,None reported,Yes,15000.0,32,0.2955606786073181,0,1537.878787878788,0
Acura,ILX Technology Plus Package,2016,61000.0,Gasoline,201.0HP 2.4L 4 Cylinder Engine Gasoline Fuel,A/T,Black,Black,At least 1 accident or damage reported,Yes,21000.0,10,0.34425665153030277,0,5545.454545454545,1
Chevrolet,Camaro 1LT,2019,9111.0,Gasoline,3.6L V6 GDI DOHC,8-Speed Automatic,Summit White,Jet Black,None reported,Yes,27599.0,7,3.0288630377524144,0,1138.875,0
Lexus,ES 350 Base,2015,100900.0,Gasoline,3.5 Liter,Automatic,Matador Red Mica,Parchment,None reported,Yes,21998.0,11,0.21801567873460123,1,8408.333333333334,0
Ford,F-150 XLT,2021,24207.0,Gasoline,2.7L V6 24V PDI DOHC Twin Turbo,10-Speed Automatic,Black,–,None reported,Yes,43430.0,5,1.794035029742234,0,4034.5,0
Tesla,Model Y Long Range,2022,9411.0,Gasoline,Dual Motor - Standard,Automatic,Silver,Black,None reported,Yes,47998.0,4,5.099660008499788,0,1882.2,0
Chevrolet,Corvette Z06,2006,21000.0,Gasoline,505.0HP 7.0L 8 Cylinder Engine Gasoline Fuel,6-Speed M/T,Silver,Black,None reported,Yes,47500.0,20,2.2617970572829864,0,1000.0,0
Cadillac,CTS 3.6L Premium Luxury,2019,136150.0,Gasoline,335.0HP 3.6L V6 Cylinder Engine Gasoline Fuel,Transmission w/Dual Shift Mode,Silver,Black,At least 1 accident or damage reported,Yes,22500.0,7,0.16525769182745628,0,17018.75,1
BMW,M3 Base,2009,78414.0,Gasoline,420.0HP 4.0L 8 Cylinder Engine Gasoline Fuel,7-Speed A/T,Silver,Gray,At least 1 accident or damage reported,Yes,28750.0,17,0.36663903589874386,1,4356.333333333333,1
Mazda,Mazda3 FWD w/Preferred Package,2019,60800.0,Gasoline,186.0HP 2.5L 4 Cylinder Engine Gasoline Fuel,6-Speed A/T,Red,Beige,None reported,Yes,19900.0,7,0.3272972484005197,0,7600.0,0
Ford,Maverick XLT,2022,16400.0,Hybrid,191.0HP 2.5L 4 Cylinder Engine Gas/Electric Hybrid,CVT Transmission,Gray,Gray,None reported,Yes,34000.0,4,2.0730443265654532,0,3280.0,0
Toyota,Highlander Hybrid Limited,2018,62200.0,Hybrid,306.0HP 3.5L V6 Cylinder Engine Gas/Electric Hybrid,CVT Transmission,Brown,Beige,None reported,Yes,35707.0,8,0.574058294882719,0,6911.111111111111,0
BMW,X6 xDrive40i,2021,72903.0,Hybrid,3.0 Liter Turbo,SCHEDULED FOR OR IN PRODUCTION,Black Sapphire Metallic,Black,At least 1 accident or damage reported,Yes,53998.0,5,0.740672665423022,1,12150.5,1
Lincoln,Town Car Signature,2003,142215.0,Gasoline,239.0HP 4.6L 8 Cylinder Engine Gasoline Fuel,4-Speed A/T,Gray,Beige,None reported,Yes,5000.0,23,0.0351577881532317,0,5925.625,0
Mercedes-Benz,SL-Class SL550 Roadster,2007,150000.0,Gasoline,382.0HP 5.5L 8 Cylinder Engine Gasoline Fuel,A/T,Black,Black,None reported,Yes,8000.0,19,0.05333297778014813,1,7500.0,0
Ford,Mustang GT,1998,49170.0,Gasoline,225.0HP 4.6L 8 Cylinder Engine Gasoline Fuel,A/T,Silver,Black,None reported,Yes,12500.0,28,0.25421488275609605,0,1695.5172413793102,0
Chevrolet,Suburban 1500 LT,2015,167500.0,Gasoline,355.0HP 5.3L 8 Cylinder Engine Gasoline Fuel,6-Speed A/T,Silver,Black,None reported,Yes,18000.0,11,0.1074620450027164,0,13958.333333333334,0
Ford,Fusion SE,2016,110450.0,Gasoline,231.0HP 2.0L 4 Cylinder Engine Gasoline Fuel,6-Speed A/T,Silver,Brown,None reported,Yes,11000.0,10,0.09959167413604222,0,10040.90909090909,0
Audi,S4 3.0T Premium Plus,2014,106000.0,Gasoline,333.0HP 3.0L V6 Cylinder Engine Gasoline Fuel,6-Speed M/T,Gray,Black,At least 1 accident or damage reported,Yes,23000.0,12,0.21697908510297073,1,8153.846153846154,1
Chevrolet,Suburban Premier,2017,92728.0,Gasoline,355.0HP 5.3L 8 Cylinder Engine Gasoline Fuel,6-Speed A/T,White,Black,None reported,Yes,34900.0,9,0.37636553828899266,0,9272.8,0
Ford,Bronco Big Bend,2022,17000.0,Gasoline,275.0HP 2.3L 4 Cylinder Engine Gasoline Fuel,A/T,Gray,–,None reported,Yes,44000.0,4,2.5880830539380035,0,3400.0,0
Ford,F-250 XL,2016,75200.0,E85 Flex Fuel,385.0HP 6.2L 8 Cylinder Engine Flex Fuel Capability,6-Speed A/T,White,Gray,None reported,Yes,22000.0,10,0.292549301206101,0,6836.363636363636,0
Dodge,Challenger SRT Hellcat,2015,1800.0,Gasoline,707.0HP 6.2L 8 Cylinder Engine Gasoline Fuel,A/T,Green,Black,None reported,Yes,64990.0,11,36.08550805108273,0,150.0,0
Toyota,Tacoma TRD Sport,2019,36283.0,Gasoline,3.5 Liter,Automatic,Barcelona Red,Black,None reported,Yes,39598.0,7,1.0913350237019073,0,4535.375,0
Audi,Q5 S line Premium Plus,2023,6682.0,Hybrid,2.0 Liter TFSI,Automatic,Mythos Black Metallic,Rock Gray,None reported,Yes,47798.0,3,7.1521771659434386,1,1670.5,0
Jeep,Wrangler Sport,2018,23399.0,Gasoline,2.0L I4 16V GDI DOHC Turbo,8-Speed Automatic,Black Clearcoat,Black,None reported,Yes,28999.0,8,1.2392735042735044,0,2599.8888888888887,0
Genesis,G80 3.8,2017,29720.0,Gasoline,311.0HP 3.8L V6 Cylinder Engine Gasoline Fuel,8-Speed A/T,Brown,Beige,None reported,Yes,29500.0,9,0.9925641802092796,0,2972.0,0
Mercedes-Benz,SL-Class SL63 AMG Roadster,2009,56000.0,Gasoline,518.0HP 6.3L 8 Cylinder Engine Gasoline Fuel,A/T,Black,Black,None reported,Yes,44850.0,17,0.800878555740076,1,3111.1111111111113,0
Lexus,LX 570 Three-Row,2020,59419.0,Gasoline,383.0HP 5.7L 8 Cylinder Engine Gasoline Fuel,A/T,Silver,Beige,None reported,Yes,73000.0,6,1.2285425782564794,1,8488.42857142857,0
Kia,Stinger GT2,2018,69100.0,Gasoline,365.0HP 3.3L V6 Cylinder Engine Gasoline Fuel,8-Speed A/T,Red,Black,None reported,Yes,32500.0,8,0.470326044485608,0,7677.777777777777,0
Nissan,GT-R Premium,2021,22185.0,Gasoline,3.8L V6 24V MPFI DOHC Twin Turbo,6-Speed Automatic with Auto-Shift,Bayside Blue,Gray,None reported,Yes,131999.0,5,5.949652934282881,0,3697.5,0
Chevrolet,Trailblazer SS,2008,29586.0,Gasoline,390.0HP 6.0L 8 Cylinder Engine Gasoline Fuel,A/T,White,Black,None reported,Yes,47900.0,18,1.6189542704566195,0,1557.157894736842,0
Chevrolet,Silverado 2500 WT,2021,63866.0,Gasoline,6.6L V8 16V GDI OHV,Automatic,Silver Ice Metallic,Jet Black,None reported,Yes,41885.0,5,0.655815992609642,0,10644.333333333334,0
Chevrolet,Suburban LTZ,2016,135484.0,Gasoline,5.3L V8 16V GDI OHV,6-Speed Automatic,Tungsten Metallic,Cocoa / Dune,None reported,Yes,29748.0,10,0.21956674170572388,0,12316.727272727272,0
Mercedes-Benz,E-Class E 350,2014,78500.0,Gasoline,302.0HP 3.5L V6 Cylinder Engine Gasoline Fuel,7-Speed A/T,Silver,Black,At least 1 accident or damage reported,Yes,17900.0,12,0.22802257296085401,1,6038.461538461538,1
BMW,M3 Base,2012,7982.0,Gasoline,414.0HP 4.0L 8 Cylinder Engine Gasoline Fuel,7-Speed A/T,Silver,Red,None reported,Yes,51900.0,14,6.501315295001879,1,532.1333333333333,0
Bentley,Continental GT V8,2022,1795.0,Gasoline,"4L V-8 gasoline direct injection, DOHC, variable valve control,",Automatic,Onyx Black,Beluga,None reported,Yes,269991.0,4,150.32906458797328,1,359.0,0
Volkswagen,Golf R Base,2022,1067.0,Gasoline,315.0HP 2.0L 4 Cylinder Engine Gasoline Fuel,7-Speed A/T,White,Blue,None reported,Yes,48000.0,4,44.943820224719104,0,213.4,0
Ford,Explorer Limited,2017,152000.0,Gasoline,290.0HP 3.5L V6 Cylinder Engine Gasoline Fuel,6-Speed A/T,Gray,Black,None reported,Yes,15499.0,9,0.10196643443135242,0,15200.0,0
Honda,Odyssey LX,2011,185000.0,Gasoline,248.0HP 3.5L V6 Cylinder Engine Gasoline Fuel,A/T,Purple,–,None reported,Yes,8900.0,15,0.04810784806568613,0,11562.5,0
Dodge,Ram 2500 SLT Mega Cab,2007,97724.0,Diesel,350.0HP 6.7L Straight 6 Cylinder Engine Diesel Fuel,A/T,Red,Gray,None reported,Yes,19998.0,19,0.20463545663852648,0,4886.2,0
Honda,Civic Sport,2020,22227.0,Gasoline,2.0L I4 16V MPFI DOHC,Automatic CVT,Red,Black,None reported,Yes,25980.0,6,1.1687961130106173,0,3175.285714285714,0
Honda,Civic LX,2016,111000.0,Gasoline,158.0HP 2.0L 4 Cylinder Engine Gasoline Fuel,A/T,Blue,Black,None reported,Yes,13000.0,10,0.1171160620174593,0,10090.90909090909,0
Ford,F-250 XLT,2019,32268.0,E85 Flex Fuel,385.0HP 6.2L 8 Cylinder Engine Flex Fuel Capability,6-Speed A/T,White,Gray,None reported,Yes,46500.0,7,1.4410114971024823,0,4033.5,0
Nissan,Pathfinder SV,2019,122009.0,Gasoline,3.5 Liter,Automatic,Gray,Black,None reported,Yes,18998.0,7,0.1557085484796328,0,15251.125,0
Land,Rover Range Rover HSE SWB,2020,57785.0,Hybrid,395.0HP 3.0L Straight 6 Cylinder Engine Gasoline/Mild Electric Hybrid,A/T,Black,Black,None reported,Yes,63995.0,6,1.107448170837227,1,8255.0,0
BMW,M3 Base,2002,204884.0,Gasoline,333.0HP 3.2L Straight 6 Cylinder Engine Gasoline Fuel,6-Speed M/T,Silver,Black,At least 1 accident or damage reported,Yes,21500.0,24,0.10493691583083194,1,8195.36,1
Hummer,H2 Base,2003,179400.0,Gasoline,316.0HP 6.0L 8 Cylinder Engine Gasoline Fuel,A/T,White,Brown,At least 1 accident or damage reported,Yes,15000.0,23,0.08361157407149347,0,7475.0,1
Mazda,RX-8 R3,2009,57000.0,Gasoline,232.0HP 1.3L Rotary engine Gasoline Fuel,6-Speed M/T,Red,Black,None reported,Yes,14000.0,17,0.24560972614515536,0,3166.6666666666665,0
Lexus,LX 570 Three-Row,2021,25997.0,Gasoline,383.0HP 5.7L 8 Cylinder Engine Gasoline Fuel,A/T,Green,Brown,None reported,Yes,87000.0,5,3.3464112624048004,1,4332.833333333333,0
Chevrolet,Suburban Z71,2022,36555.0,Gasoline,5.3L V8 16V GDI OHV,Automatic,Summit White,Jet Black,None reported,Yes,64288.0,4,1.7586169165116534,0,7311.0,0
Mercedes-Benz,S-Class S 580 4MATIC,2023,989.0,Gasoline,4.0L V8 32V GDI DOHC Twin Turbo,9-Speed Automatic,Black,Black,None reported,Yes,122950.0,3,124.1919191919192,1,247.25,0
Chevrolet,Corvette Base,2007,28514.0,Gasoline,400.0HP 6.0L 8 Cylinder Engine Gasoline Fuel,Transmission w/Dual Shift Mode,Red,Gray,None reported,Yes,32000.0,19,1.122216377345257,0,1425.7,0
Ford,Mustang GT Premium,2019,10400.0,Gasoline,460.0HP 5.0L 8 Cylinder Engine Gasoline Fuel,10-Speed A/T,Red,Gray,None reported,Yes,40000.0,7,3.8457840592250747,0,1300.0,0
Chevrolet,Equinox Premier w/2LZ,2020,51133.0,Gasoline,2.0L I4 16V GDI DOHC Turbo,9-Speed Automatic,Iridescent Pearl Tricoat,Jet Black,At least 1 accident or damage reported,Yes,25800.0,6,0.5045566550631674,0,7304.714285714285,1
Chevrolet,Camaro Z28,1999,58800.0,Gasoline,305.0HP 5.7L 8 Cylinder Engine Gasoline Fuel,A/T,White,White,None reported,Yes,15000.0,27,0.2550977024200269,0,2100.0,0
Land,Rover Discovery HSE,2018,85000.0,Gasoline,340.0HP 3.0L V6 Cylinder Engine Gasoline Fuel,8-Speed A/T,Gray,Black,None reported,Yes,33000.0,8,0.388230726697333,1,9444.444444444445,0
Jeep,Wrangler SE,2000,95200.0,Gasoline,120.0HP 2.5L 4 Cylinder Engine Gasoline Fuel,5-Speed M/T,Black,Black,None reported,Yes,11999.0,26,0.1260385920315963,0,3525.925925925926,0
Toyota,Highlander XLE,2015,68575.0,Gasoline,270.0HP 3.5L V6 Cylinder Engine Gasoline Fuel,A/T,Silver,Gray,At least 1 accident or damage reported,Yes,26000.0,11,0.37914139057396173,0,5714.583333333333,1
Chevrolet,Corvette Grand Sport,2011,12300.0,Gasoline,430.0HP 6.2L 8 Cylinder Engine Gasoline Fuel,6-Speed A/T,Red,Black,None reported,Yes,45000.0,15,3.658239167547354,0,768.75,0
Chevrolet,Corvette Stingray,2018,13900.0,Gasoline,455.0HP 6.2L 8 Cylinder Engine Gasoline Fuel,8-Speed A/T,White,Red,None reported,Yes,54490.0,8,3.9198618804402563,0,1544.4444444444443,0
Mercedes-Benz,SLK-Class SLK230 Kompressor,2001,58800.0,Gasoline,190.0HP 2.3L 4 Cylinder Engine Gasoline Fuel,A/T,Silver,Black,None reported,Yes,9000.0,25,0.15305862145201612,1,2261.5384615384614,0
Nissan,Juke NISMO RS,2016,30700.0,Gasoline,215.0HP 1.6L 4 Cylinder Engine Gasoline Fuel,6-Speed M/T,Black,Black,At least 1 accident or damage reported,Yes,21500.0,10,0.7003029217289339,0,2790.909090909091,1
Porsche,911 Carrera C2S,2005,104000.0,Gasoline,355.0HP 3.8L Flat 6 Cylinder Engine Gasoline Fuel,6-Speed M/T,Silver,Black,None reported,Yes,44800.0,21,0.4307650887972231,1,4727.272727272727,0
Chevrolet,Colorado LT,2019,139116.0,Gasoline,3.6L V6 24V GDI DOHC,Automatic,Red,Jet Black,At least 1 accident or damage reported,Yes,24899.0,7,0.17897884514473428,0,17389.5,1
Porsche,Macan S,2019,36700.0,Gasoline,348.0HP 3.0L V6 Cylinder Engine Gasoline Fuel,7-Speed A/T,Blue,Blue,At least 1 accident or damage reported,Yes,48990.0,7,1.3348410125064711,1,4587.5,1
Mercedes-Benz,GLE 350 Base 4MATIC,2022,24500.0,Gasoline,255.0HP 2.0L 4 Cylinder Engine Gasoline Fuel,9-Speed A/T,White,Beige,None reported,Yes,82150.0,4,3.35292437043386,1,4900.0,0
Toyota,Land Cruiser Base,2017,65000.0,Gasoline,381.0HP 5.7L 8 Cylinder Engine Gasoline Fuel,A/T,Black,Brown,At least 1 accident or damage reported,Yes,65000.0,9,0.9999846156212981,0,6500.0,1
BMW,X6 xDrive40i,2021,27654.0,Hybrid,3.0 Liter Turbo,Automatic,Mineral White,Black,None reported,Yes,61998.0,5,2.241836919182788,1,4609.0,0
Rivian,R1S Adventure Package,2023,542.0,Gasoline,835.0HP Electric Motor Electric Fuel System,A/T,Black,Black,None reported,Yes,92500.0,3,170.34990791896868,0,135.5,0
Toyota,Highlander Platinum,2020,41000.0,Gasoline,295.0HP 3.5L V6 Cylinder Engine Gasoline Fuel,8-Speed A/T,Blue,Black,None reported,Yes,38700.0,6,0.9438794175751811,0,5857.142857142857,0
Mercedes-Benz,SL-Class SL 63 AMG,2011,47400.0,Gasoline,518.0HP 6.3L 8 Cylinder Engine Gasoline Fuel,7-Speed A/T,White,Black,At least 1 accident or damage reported,Yes,41000.0,15,0.8649606548385055,1,2962.5,1
Ford,Thunderbird Deluxe,2002,40110.0,Gasoline,252.0HP 3.9L 8 Cylinder Engine Gasoline Fuel,A/T,Yellow,Black,None reported,Yes,18500.0,24,0.4612201141831418,0,1604.4,0
RAM,2500 Big Horn,2014,124700.0,Gasoline,410.0HP 6.4L 8 Cylinder Engine Gasoline Fuel,6-Speed A/T,Silver,–,None reported,Yes,30000.0,12,0.24057545649192869,0,9592.307692307691,0
Ford,F-350 XLT,2013,31000.0,E85 Flex Fuel,316.0HP 6.2L 8 Cylinder Engine Flex Fuel Capability,A/T,Black,Gray,At least 1 accident or damage reported,Yes,35000.0,13,1.1289958388439083,0,2214.285714285714,1
Toyota,RAV4 Prime XSE,2022,7100.0,Plug-In Hybrid,302.0HP 2.5L 4 Cylinder Engine Plug-In Electric/Gas,A/T,Gray,Black,None reported,Yes,49000.0,4,6.9004365582312355,0,1420.0,0
Jeep,Grand Cherokee Limited,2018,91677.0,Gasoline,3.6L V6 24V MPFI DOHC,8-Speed Automatic,Granite Crystal Clearcoat Metallic,Black,None reported,Yes,26816.0,8,0.2925020179323284,0,10186.333333333334,0
Ford,Focus SE,2009,107500.0,Gasoline,132.0HP 2.0L 4 Cylinder Engine Gasoline Fuel,A/T,White,Black,None reported,Yes,9500.0,17,0.08837127096492126,0,5972.222222222223,0
Porsche,911 Carrera 4 GTS,2023,1518.0,Gasoline,473.0HP 3.0L Flat 6 Cylinder Engine Gasoline Fuel,8-Speed A/T,Beige,Brown,None reported,Yes,194965.0,3,128.3508887425938,1,379.5,0
Chevrolet,Corvette Stingray w/2LT,2023,5200.0,Gasoline,490.0HP 6.2L 8 Cylinder Engine Gasoline Fuel,8-Speed A/T,White,Red,None reported,Yes,88900.0,3,17.092866756393,0,1300.0,0
Ford,F-150 XLT SuperCab,1999,48054.0,Gasoline,220.0HP 4.6L 8 Cylinder Engine Gasoline Fuel,A/T,White,Gray,None reported,Yes,9500.0,27,0.19769014670689836,0,1716.2142857142858,0
Porsche,Macan Base,2018,87500.0,Gasoline,252.0HP 2.0L 4 Cylinder Engine Gasoline Fuel,Transmission w/Dual Shift Mode,Blue,Beige,None reported,Yes,28000.0,8,0.3199963428989383,1,9722.222222222223,0
Acura,ZDX Base,2012,106335.0,Gasoline,300.0HP 3.7L V6 Cylinder Engine Gasoline Fuel,6-Speed A/T,White,Gray,None reported,Yes,19000.0,14,0.17867890460427324,0,7089.0,0
Chevrolet,Suburban Premier,2017,133598.0,Gasoline,5.3L V8 16V GDI OHV,6-Speed Automatic,Siren Red Tintcoat,Jet Black,At least 1 accident or damage reported,Yes,29999.0,9,0.22454509390040345,0,13359.8,1
Chevrolet,Traverse Premier,2018,68455.0,Gasoline,3.6L V6 24V GDI DOHC,9-Speed Automatic,Silver Ice Metallic,Jet Black,None reported,Yes,30989.0,8,0.4526849363094542,0,7606.111111111111,0
Mercedes-Benz,E-Class E 400,2018,28690.0,Gasoline,329.0HP 3.0L V6 Cylinder Engine Gasoline Fuel,A/T,White,Beige,None reported,Yes,38880.0,8,1.3551287860304626,1,3187.777777777778,0
BMW,M3 Base,2012,83000.0,Gasoline,414.0HP 4.0L 8 Cylinder Engine Gasoline Fuel,7-Speed A/T,Black,Red,At least 1 accident or damage reported,Yes,31000.0,14,0.3734894760304093,1,5533.333333333333,1
Ford,F-250 XLT,2019,38600.0,Diesel,450.0HP 6.7L 8 Cylinder Engine Diesel Fuel,6-Speed A/T,Blue,–,None reported,Yes,54500.0,7,1.41188052123002,0,4825.0,0
Toyota,Highlander SE,2019,92000.0,Gasoline,295.0HP 3.5L V6 Cylinder Engine Gasoline Fuel,A/T,Red,Beige,At least 1 accident or damage reported,Yes,30000.0,7,0.3260834121368246,0,11500.0,1
Saturn,Sky Red Line,2009,134000.0,Gasoline,260.0HP 2.0L 4 Cylinder Engine Gasoline Fuel,5-Speed M/T,Blue,Black,At least 1 accident or damage reported,Yes,9500.0,17,0.07089499332094537,0,7444.444444444444,1
Lexus,LS 460 Base,2012,103000.0,Gasoline,380.0HP 4.6L 8 Cylinder Engine Gasoline Fuel,A/T,White,Beige,None reported,Yes,20500.0,14,0.19902719391073873,1,6866.666666666667,0
Honda,CR-V LX,2004,176261.0,Gasoline,160.0HP 2.4L 4 Cylinder Engine Gasoline Fuel,M/T,Gray,Gray,None reported,Yes,3750.0,22,0.02127514722401879,0,7663.521739130435,0
Ford,Mustang GT Premium,2010,58500.0,Gasoline,315.0HP 4.6L 8 Cylinder Engine Gasoline Fuel,5-Speed M/T,White,Red,At least 1 accident or damage reported,Yes,20000.0,16,0.3418744978718313,0,3441.176470588235,1
Ford,F-250 Limited,2018,64000.0,Diesel,450.0HP 6.7L 8 Cylinder Engine Diesel Fuel,A/T,Red,Beige,None reported,Yes,64000.0,8,0.9999843752441369,0,7111.111111111111,0
Porsche,Boxster Black Edition,2016,24881.0,Gasoline,265.0HP 2.7L Flat 6 Cylinder Engine Gasoline Fuel,Transmission w/Dual Shift Mode,Black,Black,At least 1 accident or damage reported,Yes,49999.0,10,2.0094445784100956,1,2261.909090909091,1
Chevrolet,Corvette Base,1998,134000.0,Gasoline,340.0HP 5.7L 8 Cylinder Engine Gasoline Fuel,A/T,Red,Beige,None reported,Yes,11500.0,28,0.08582025507272334,0,4620.689655172414,0
Ford,Explorer XLT,2013,82900.0,Gasoline,290.0HP 3.5L V6 Cylinder Engine Gasoline Fuel,6-Speed A/T,White,Gray,At least 1 accident or damage reported,Yes,16000.0,13,0.19300129069613153,0,5921.428571428572,1
BMW,Z4 3.0si,2008,59257.0,Gasoline,255.0HP 3.0L Straight 6 Cylinder Engine Gasoline Fuel,6-Speed M/T,Gray,Black,None reported,Yes,18200.0,18,0.3071315265449391,1,3118.7894736842104,0
Lexus,RX 350 F Sport,2016,81400.0,Gasoline,295.0HP 3.5L V6 Cylinder Engine Gasoline Fuel,8-Speed A/T,Gray,Red,At least 1 accident or damage reported,Yes,26000.0,10,0.3194063954988268,1,7400.0,1
Hyundai,Accent SEL,2022,5100.0,Gasoline,120.0HP 1.6L 4 Cylinder Engine Gasoline Fuel,A/T,Blue,Black,None reported,Yes,19500.0,4,3.822779847088806,0,1020.0,0
Ford,Expedition Max XLT,2020,67072.0,Gasoline,375.0HP 3.5L V6 Cylinder Engine Gasoline Fuel,A/T,Purple,Black,None reported,Yes,38500.0,6,0.5740014610946282,0,9581.714285714286,0
BMW,328 i xDrive,2016,65000.0,Gasoline,240.0HP 2.0L 4 Cylinder Engine Gasoline Fuel,Transmission w/Dual Shift Mode,Silver,Black,None reported,Yes,19500.0,10,0.2999953846863894,1,5909.090909090909,0
Ford,Fusion SE,2014,80800.0,Gasoline,175.0HP 2.5L 4 Cylinder Engine Gasoline Fuel,A/T,Blue,Beige,None reported,Yes,10000.0,12,0.12376084454400317,0,6215.384615384615,0
Ford,F-150 XLT,2020,53401.0,Gasoline,375.0HP 3.5L V6 Cylinder Engine Gasoline Fuel,10-Speed A/T,Gray,Black,None reported,Yes,39500.0,6,0.7396726714355267,0,7628.714285714285,0
Ford,F-150 Platinum,2021,15555.0,Gasoline,5.0L 8 Cylinder,10-Speed Automatic,Blue,Black,None reported,Yes,62890.0,5,4.042813062483929,0,2592.5,0
Dodge,Ram 1500 SLT Mega Cab,2006,201509.0,Gasoline,345.0HP 5.7L 8 Cylinder Engine Gasoline Fuel,5-Speed A/T,Gray,Gray,At least 1 accident or damage reported,Yes,11000.0,20,0.054587861644583395,0,9595.666666666666,1
Honda,Civic EX,2013,107000.0,Gasoline,140.0HP 1.8L 4 Cylinder Engine Gasoline Fuel,A/T,Silver,Black,None reported,Yes,14000.0,13,0.1308398986925356,0,7642.857142857143,0
Land,Rover Range Rover Velar P250 S R-Dynamic,2020,30500.0,Gasoline,247.0HP 2.0L 4 Cylinder Engine Gasoline Fuel,A/T,Silver,Beige,None reported,Yes,44000.0,6,1.4425756532572702,1,4357.142857142857,0
Toyota,Tacoma Base,2011,36000.0,Gasoline,159.0HP 2.7L 4 Cylinder Engine Gasoline Fuel,5-Speed M/T,Gray,Gray,None reported,Yes,20000.0,15,0.5555401238854476,0,2250.0,0
Ford,F-250 XLT,2019,38514.0,E85 Flex Fuel,385.0HP 6.2L 8 Cylinder Engine Flex Fuel Capability,A/T,Black,Gray,At least 1 accident or damage reported,Yes,45998.0,7,1.1942879397637285,0,4814.25,1
Mercedes-Benz,Sprinter 2500 Standard Roof,2022,4590.0,Gasoline,188.0HP 2.0L 4 Cylinder Engine Gasoline Fuel,A/T,White,Black,None reported,Yes,64000.0,4,13.940318013504683,1,918.0,0
RAM,2500 Big Horn,2019,97000.0,Diesel,370.0HP 6.7L Straight 6 Cylinder Engine Diesel Fuel,A/T,White,Gray,At least 1 accident or damage reported,Yes,45000.0,7,0.46391274316759623,0,12125.0,1
BMW,328 i xDrive,2011,110000.0,Gasoline,230.0HP 3.0L Straight 6 Cylinder Engine Gasoline Fuel,6-Speed A/T,Black,Beige,At least 1 accident or damage reported,Yes,6000.0,15,0.0545449586821938,1,6875.0,1
Ford,Explorer XLT,2017,53000.0,E85 Flex Fuel,290.0HP 3.5L V6 Cylinder Engine Flex Fuel Capability,6-Speed A/T,Red,Gray,At least 1 accident or damage reported,Yes,25000.0,9,0.47168921341106773,0,5300.0,1
Chevrolet,Suburban LTZ,2016,110000.0,E85 Flex Fuel,355.0HP 5.3L 8 Cylinder Engine Flex Fuel Capability,A/T,Brown,Brown,None reported,Yes,30999.0,10,0.28180652903155423,0,10000.0,0
Mazda,MX-5 Miata Sport,2006,218000.0,Gasoline,170.0HP 2.0L 4 Cylinder Engine Gasoline Fuel,6-Speed M/T,Black,Black,At least 1 accident or damage reported,Yes,4999.0,20,0.022931087472075815,0,10380.952380952382,1
INFINITI,G35 Base,2003,106500.0,Gasoline,280.0HP 3.5L V6 Cylinder Engine Gasoline Fuel,6-Speed M/T,Red,Beige,None reported,Yes,9500.0,23,0.08920104036581816,0,4437.5,0
Chevrolet,Express 2500 Work Van,2012,140500.0,E85 Flex Fuel,324.0HP 6.0L 8 Cylinder Engine Flex Fuel Capability,A/T,White,Gray,None reported,Yes,11800.0,14,0.08398516736535683,0,9366.666666666666,0
Ford,Explorer Eddie Bauer,2010,144200.0,Gasoline,210.0HP 4.0L V6 Cylinder Engine Gasoline Fuel,5-Speed A/T,Black,Beige,None reported,Yes,9999.0,16,0.06934071192294089,0,8482.35294117647,0
Chevrolet,Suburban RST,2022,21400.0,Diesel,277.0HP 3.0L Straight 6 Cylinder Engine Diesel Fuel,10-Speed A/T,Gray,Black,None reported,Yes,69000.0,4,3.224148404280174,0,4280.0,0
Mercedes-Benz,GL-Class GL 550 4MATIC,2015,130000.0,Gasoline,429.0HP 4.7L 8 Cylinder Engine Gasoline Fuel,7-Speed A/T,Blue,Black,None reported,Yes,24500.0,11,0.18846008876854795,1,10833.333333333334,0
Ford,Focus SE,2012,108045.0,Gasoline,160.0HP 2.0L 4 Cylinder Engine Gasoline Fuel,6-Speed A/T,Blue,Gray,None reported,Yes,6500.0,14,0.06015956166817837,0,7203.0,0
Subaru,Crosstrek Premium,2022,10000.0,Gasoline,152.0HP 2.0L 4 Cylinder Engine Gasoline Fuel,CVT Transmission,White,Black,None reported,Yes,28000.0,4,2.7997200279972003,0,2000.0,0
Hyundai,Genesis Coupe 3.8 Track,2011,75000.0,Gasoline,306.0HP 3.8L V6 Cylinder Engine Gasoline Fuel,Transmission w/Dual Shift Mode,Red,Black,At least 1 accident or damage reported,Yes,12000.0,15,0.15999786669511074,0,4687.5,1
Chrysler,Town & Country LX,2009,73500.0,Gasoline,170.0HP 3.3L V6 Cylinder Engine Gasoline Fuel,A/T,Silver,Gray,At least 1 accident or damage reported,Yes,7858.0,17,0.1069101100665297,0,4083.3333333333335,1
Porsche,Panamera Turbo,2018,29850.0,Gasoline,550.0HP 4.0L 8 Cylinder Engine Gasoline Fuel,8-Speed A/T,Silver,Red,None reported,Yes,89750.0,8,3.0065994439047268,1,3316.6666666666665,0
Honda,Pilot EX-L,2016,135350.0,Gasoline,280.0HP 3.5L V6 Cylinder Engine Gasoline Fuel,6-Speed A/T,White,Beige,At least 1 accident or damage reported,Yes,19900.0,10,0.14702514203810832,0,12304.545454545454,1
Mercedes-Benz,GLC 300 GLC 300,2022,16983.0,Gasoline,2.0 Liter Turbo,Automatic,Black,Black,None reported,Yes,40998.0,4,2.413918982571832,1,3396.6,0
Audi,A8 L 55,2019,35580.0,Hybrid,335.0HP 3.0L V6 Cylinder Engine Gasoline/Mild Electric Hybrid,8-Speed A/T,Black,Black,None reported,Yes,49500.0,7,1.3911919282763272,1,4447.5,0
Ford,Edge SE,2020,71200.0,Gasoline,250.0HP 2.0L 4 Cylinder Engine Gasoline Fuel,8-Speed A/T,White,Beige,None reported,Yes,18900.0,6,0.2654457100321625,0,10171.42857142857,0
Dodge,Durango GT,2022,24778.0,Gasoline,3.6L V6 24V MPFI DOHC,8-Speed Automatic,Octane Red Pearlcoat,Black,At least 1 accident or damage reported,Yes,36599.0,4,1.4770168287662941,0,4955.6,1
BMW,328 i,2015,109330.0,Gasoline,240.0HP 2.0L 4 Cylinder Engine Gasoline Fuel,A/T,Black,Beige,None reported,Yes,13349.0,11,0.12209711792629721,1,9110.833333333334,0
Alfa,Romeo Stelvio Ti,2023,6645.0,Gasoline,2.0L I4 16V GDI SOHC Turbo,8-Speed Automatic,Alfa White,Black,None reported,Yes,43900.0,3,6.605476978633765,0,1661.25,0
Mercedes-Benz,GL-Class GL 450 4MATIC,2007,90400.0,Gasoline,335.0HP 4.7L 8 Cylinder Engine Gasoline Fuel,7-Speed A/T,Silver,Beige,None reported,Yes,10199.0,19,0.11281954845632239,1,4520.0,0
Ford,Ranger XLT SuperCab,2002,192100.0,Gasoline,207.0HP 4.0L V6 Cylinder Engine Gasoline Fuel,5-Speed A/T,Gold,Beige,At least 1 accident or damage reported,Yes,6450.0,24,0.03357608757892983,0,7684.0,1
BMW,M3 CS,2018,32000.0,Gasoline,453.0HP 3.0L Straight 6 Cylinder Engine Gasoline Fuel,Transmission w/Dual Shift Mode,White,Black,None reported,Yes,70000.0,8,2.1874316427611635,1,3555.5555555555557,0
Volkswagen,Golf GTI 2.0T Autobahn,2022,6400.0,Gasoline,241.0HP 2.0L 4 Cylinder Engine Gasoline Fuel,A/T,Green,Black,None reported,Yes,41500.0,4,6.483361974691454,0,1280.0,0
Toyota,4Runner SR5 Premium,2021,36180.0,Gasoline,270.0HP 4.0L V6 Cylinder Engine Gasoline Fuel,A/T,Black,–,None reported,Yes,36990.0,5,1.0223598021060778,0,6030.0,0
GMC,Yukon SLT,2014,142400.0,E85 Flex Fuel,320.0HP 5.3L 8 Cylinder Engine Flex Fuel Capability,A/T,Black,Black,At least 1 accident or damage reported,Yes,13500.0,12,0.09480270503718373,0,10953.846153846154,1
Cadillac,ATS 2.0L Turbo Luxury,2016,83000.0,Gasoline,272.0HP 2.0L 4 Cylinder Engine Gasoline Fuel,8-Speed A/T,Red,Beige,None reported,Yes,16500.0,10,0.1987927856290888,0,7545.454545454545,0
Nissan,Xterra S,2012,80000.0,Gasoline,261.0HP 4.0L V6 Cylinder Engine Gasoline Fuel,A/T,Black,Gray,None reported,Yes,14800.0,14,0.18499768752890589,0,5333.333333333333,0
Ford,Bronco Badlands,2021,32437.0,Gasoline,315.0HP 2.7L V6 Cylinder Engine Gasoline Fuel,10-Speed A/T,Gray,Black,None reported,Yes,51000.0,5,1.5722301004994144,0,5406.166666666667,0
BMW,328 i,2011,67500.0,Gasoline,230.0HP 3.0L Straight 6 Cylinder Engine Gasoline Fuel,6-Speed A/T,White,Beige,None reported,Yes,18000.0,15,0.26666271610790954,1,4218.75,0
Toyota,4Runner Limited,2021,25882.0,Gasoline,"4L V-6 DOHC, VVT-i variable valve control, engine with 270HP",Automatic,Midnight Black Metallic,–,None reported,Yes,43837.0,5,1.693659931228992,0,4313.666666666667,0
Porsche,911 Turbo,2018,12088.0,Gasoline,540.0HP 3.8L Flat 6 Cylinder Engine Gasoline Fuel,A/T,Gray,Black,None reported,Yes,169000.0,8,13.979650922326082,1,1343.111111111111,0
Toyota,Tundra SR5 Double Cab,2005,170000.0,Gasoline,282.0HP 4.7L 8 Cylinder Engine Gasoline Fuel,A/T,Silver,Beige,At least 1 accident or damage reported,Yes,11200.0,21,0.06588196540020352,0,7727.272727272727,1
Ford,F-250 Lariat,2023,3763.0,Diesel,475.0HP 6.7L 8 Cylinder Engine Diesel Fuel,10-Speed A/T,Red,Black,None reported,Yes,92000.0,3,24.442082890541975,0,940.75,0
Land,Rover Range Rover Velar P380 S,2018,46000.0,Gasoline,380.0HP 3.0L V6 Cylinder Engine Gasoline Fuel,A/T,Red,Beige,None reported,Yes,40000.0,8,0.8695463142105606,1,5111.111111111111,0
Ford,F-250 XLT Crew Cab Super Duty,2008,190321.0,Diesel,350.0HP 6.4L 8 Cylinder Engine Diesel Fuel,A/T,White,Beige,None reported,Yes,15900.0,18,0.08354262775716943,0,10016.894736842105,0
Porsche,Macan S,2018,40950.0,Gasoline,340.0HP 3.0L V6 Cylinder Engine Gasoline Fuel,7-Speed A/T,Black,Black,None reported,Yes,39750.0,8,0.9706722668555102,1,4550.0,0
Mercedes-Benz,C-Class C 63 AMG,2014,42000.0,Gasoline,451.0HP 6.2L 8 Cylinder Engine Gasoline Fuel,7-Speed A/T,Gray,Black,None reported,Yes,45000.0,12,1.071403061831861,1,3230.769230769231,0
Nissan,Pathfinder S,2014,135000.0,Gasoline,260.0HP 3.5L V6 Cylinder Engine Gasoline Fuel,A/T,White,Brown,None reported,Yes,8500.0,12,0.06296249657409946,0,10384.615384615385,0
Jeep,Gladiator Overland,2020,20655.0,Gasoline,3.6L V6 24V MPFI DOHC,8-Speed Automatic,Firecracker Red Clearcoat,Black,None reported,Yes,42850.0,6,2.074457784663052,0,2950.714285714286,0
Porsche,911 Carrera S,2023,1877.0,Gasoline,443.0HP 3.0L Flat 6 Cylinder Engine Gasoline Fuel,8-Speed A/T,Red,Red,None reported,Yes,185950.0,3,99.01490947816826,1,469.25,0
Ford,F-250 XLT,2019,33000.0,Diesel,450.0HP 6.7L 8 Cylinder Engine Diesel Fuel,6-Speed A/T,Black,Gray,None reported,Yes,59000.0,7,1.7878246113754128,0,4125.0,0
Ford,Fusion SE,2016,68000.0,Gasoline,175.0HP 2.5L 4 Cylinder Engine Gasoline Fuel,A/T,Black,Black,None reported,Yes,12500.0,10,0.1838208261643211,0,6181.818181818182,0
Honda,Accord Sport,2013,405000.0,Gasoline,185.0HP 2.4L 4 Cylinder Engine Gasoline Fuel,CVT Transmission,Black,Black,None reported,Yes,6000.0,13,0.01481477823511547,0,28928.571428571428,0
BMW,330 i xDrive,2018,117000.0,Gasoline,248.0HP 2.0L 4 Cylinder Engine Gasoline Fuel,8-Speed A/T,Black,Beige,None reported,Yes,17000.0,8,0.14529790343672278,1,13000.0,0
Acura,MDX Sport,2007,183455.0,Gasoline,300.0HP 3.7L V6 Cylinder Engine Gasoline Fuel,5-Speed A/T,White,Beige,At least 1 accident or damage reported,Yes,7700.0,19,0.04197191697191697,0,9172.75,1
Chevrolet,Suburban Premier,2021,51890.0,Gasoline,5.3L V8 16V GDI OHV,10-Speed Automatic,Shadow Gray Metallic,Jet Black,None reported,Yes,59980.0,5,1.1558844500973193,0,8648.333333333334,0
Chevrolet,Suburban High Country,2021,59528.0,Gasoline,6.2L V8 16V GDI OHV,10-Speed Automatic,Satin Steel Metallic,Jet Black,None reported,Yes,68995.0,5,1.1590149338977642,0,9921.333333333334,0
Cadillac,CTS-V Base,2006,123000.0,Gasoline,400.0HP 6.0L 8 Cylinder Engine Gasoline Fuel,6-Speed M/T,Black,Black,None reported,Yes,15000.0,20,0.12195022804692644,0,5857.142857142857,0
Kia,Niro EV EX,2022,20000.0,Gasoline,201.0HP Electric Motor Electric Fuel System,1-Speed A/T,Silver,Black,None reported,Yes,29998.0,4,1.4998250087495626,0,4000.0,0
BMW,X3 xDrive30i,2021,38352.0,Gasoline,2.0L I4 16V GDI DOHC Turbo,8-Speed Automatic,Phytonic Blue Metallic,Canberra Beige,None reported,Yes,37400.0,5,0.9751518786014132,1,6392.0,0
Porsche,Taycan Base,2021,13344.0,Gasoline,321.0HP Electric Motor Electric Fuel System,2-Speed A/T,Black,Beige,At least 1 accident or damage reported,Yes,83499.0,5,6.256950168602473,1,2224.0,1
Honda,S2000 CR,2008,44300.0,Gasoline,237.0HP 2.2L 4 Cylinder Engine Gasoline Fuel,M/T,Yellow,Black,None reported,Yes,62000.0,18,1.3995169409268413,0,2331.5789473684213,0
Lexus,HS 250h Premium,2010,123500.0,Hybrid,147.0HP 2.4L 4 Cylinder Engine Gas/Electric Hybrid,A/T,Red,Black,At least 1 accident or damage reported,Yes,9500.0,16,0.07692245406919782,1,7264.705882352941,1
Lincoln,Navigator Base,2013,134000.0,E85 Flex Fuel,310.0HP 5.4L 8 Cylinder Engine Flex Fuel Capability,6-Speed A/T,Red,Black,None reported,Yes,21500.0,13,0.1604465638316132,0,9571.42857142857,0
Ford,F-150 XLT,2020,57000.0,Gasoline,375.0HP 3.5L V6 Cylinder Engine Gasoline Fuel,10-Speed A/T,Gray,Gray,At least 1 accident or damage reported,Yes,37500.0,6,0.6578831950316661,0,8142.857142857143,1
Kia,K5 GT-Line,2021,100312.0,Gasoline,1.6L I4 16V GDI DOHC Turbo,8-Speed Automatic,Wolf Gray,Black,None reported,Yes,19980.0,5,0.19917657731301028,0,16718.666666666668,0
Bentley,Continental GT W12,2021,16146.0,Gasoline,"6L W-12 port/direct injection, DOHC, variable valve control, twi",Automatic,Fountain Blue,Linen,None reported,Yes,239991.0,5,14.862884746392519,1,2691.0,0
Tesla,Model S Performance,2012,61000.0,Gasoline,416.0HP Electric Motor Electric Fuel System,A/T,Green,Black,None reported,Yes,29000.0,14,0.4754020425894657,0,4066.6666666666665,0
BMW,Z4 sDrive28i,2014,15889.0,Gasoline,240.0HP 2.0L 4 Cylinder Engine Gasoline Fuel,8-Speed A/T,Blue,Beige,None reported,Yes,34500.0,12,2.171176840780365,1,1222.2307692307693,0
BMW,528 i xDrive,2015,125500.0,Gasoline,240.0HP 2.0L 4 Cylinder Engine Gasoline Fuel,A/T,Black,Black,At least 1 accident or damage reported,Yes,12950.0,11,0.10318642879339607,1,10458.333333333334,1
Ford,Expedition Limited,2013,163500.0,E85 Flex Fuel,310.0HP 5.4L 8 Cylinder Engine Flex Fuel Capability,A/T,Gray,Black,None reported,Yes,16490.0,13,0.10085565225900758,0,11678.57142857143,0
Buick,Enclave Leather,2015,89726.0,Gasoline,288.0HP 3.6L V6 Cylinder Engine Gasoline Fuel,A/T,White,Brown,None reported,Yes,16000.0,11,0.17831867776700436,0,7477.166666666667,0
Mercedes-Benz,SL-Class SL600 Roadster,2005,93000.0,Gasoline,493.0HP 5.5L 12 Cylinder Engine Gasoline Fuel,A/T,Black,Black,None reported,Yes,22500.0,21,0.24193288244212427,1,4227.272727272727,0
MINI,Cooper S Base,2012,128000.0,Gasoline,181.0HP 1.6L 4 Cylinder Engine Gasoline Fuel,6-Speed A/T,Black,Black,None reported,Yes,8500.0,14,0.06640573120522496,0,8533.333333333334,0
Porsche,Cayenne Turbo,2017,70800.0,Gasoline,520.0HP 4.8L 8 Cylinder Engine Gasoline Fuel,Transmission w/Dual Shift Mode,White,Black,None reported,Yes,52999.0,9,0.7485628734057429,1,7080.0,0
Saturn,Vue Hybrid Base,2009,115000.0,Hybrid,172.0HP 2.4L 4 Cylinder Engine Gas/Electric Hybrid,A/T,Blue,Beige,None reported,Yes,4400.0,17,0.038260536864896826,0,6388.888888888889,0
RAM,2500 Laramie,2018,98650.0,Diesel,350.0HP 6.7L Straight 6 Cylinder Engine Diesel Fuel,6-Speed A/T,Black,Black,None reported,Yes,56750.0,8,0.5752602609198082,0,10961.111111111111,0
RAM,1500 Limited,2019,87768.0,Hybrid,395.0HP 5.7L 8 Cylinder Engine Gasoline/Mild Electric Hybrid,A/T,Silver,Black,None reported,Yes,44000.0,7,0.5013159543802481,0,10971.0,0
Chevrolet,Traverse RS,2023,6000.0,Gasoline,310.0HP 3.6L V6 Cylinder Engine Gasoline Fuel,9-Speed A/T,Gray,Black,None reported,Yes,48500.0,3,8.08198633561073,0,1500.0,0
Lexus,RX 350 F SPORT Appearance,2021,28262.0,Gasoline,3.5 Liter,Automatic,Obsidian,–,None reported,Yes,49998.0,5,1.7690266426069419,1,4710.333333333333,0
Mazda,CX-50 2.5 Turbo Premium Package,2023,16200.0,Gasoline,227.0HP 2.5L 4 Cylinder Engine Gasoline Fuel,6-Speed A/T,Blue,Beige,None reported,Yes,36900.0,3,2.277637182889945,0,4050.0,0
Cadillac,SRX Luxury Collection,2012,87500.0,E85 Flex Fuel,308.0HP 3.6L V6 Cylinder Engine Flex Fuel Capability,A/T,White,Beige,None reported,Yes,11499.0,14,0.13141564096410327,0,5833.333333333333,0
FIAT,500 Lounge,2013,85458.0,Gasoline,101.0HP 1.4L 4 Cylinder Engine Gasoline Fuel,A/T,White,Beige,None reported,Yes,9000.0,13,0.10531365918159585,0,6104.142857142857,0
Mercedes-Benz,EQS 450+ Base,2022,16500.0,Gasoline,329.0HP Electric Motor Electric Fuel System,A/T,Blue,White,None reported,Yes,69500.0,4,4.211865947518333,1,3300.0,0
MINI,Cooper S Clubman Base,2009,83853.0,Gasoline,172.0HP 1.6L 4 Cylinder Engine Gasoline Fuel,6-Speed M/T,Gray,Black,At least 1 accident or damage reported,Yes,6950.0,17,0.08288215231235242,0,4658.5,1
BMW,X6 M50i,2022,22500.0,Gasoline,523.0HP 4.4L 8 Cylinder Engine Gasoline Fuel,Transmission w/Dual Shift Mode,Black,–,At least 1 accident or damage reported,Yes,74999.0,4,3.333140749300031,1,4500.0,1
Lexus,LS 460 Base,2013,99524.0,Gasoline,386.0HP 4.6L 8 Cylinder Engine Gasoline Fuel,8-Speed A/T,Gray,Black,At least 1 accident or damage reported,Yes,24900.0,13,0.25018839487565936,1,7108.857142857143,1
Genesis,GV80 2.5T,2023,8100.0,Gasoline,300.0HP 2.5L 4 Cylinder Engine Gasoline Fuel,Transmission w/Dual Shift Mode,Silver,Beige,None reported,Yes,57300.0,3,7.073200839402543,0,2025.0,0
MINI,Hardtop Cooper S,2016,43073.0,Gasoline,2.0L I4 16V GDI DOHC Turbo,6-Speed Automatic,Volcanic Orange,Carbon Black,None reported,Yes,17999.0,10,0.4178622835120955,0,3915.7272727272725,0
Land,Rover Range Rover Velar R-Dynamic S,2023,12425.0,Gasoline,I4,Automatic,Firenze Red,Ebony,None reported,Yes,57619.0,3,4.636970867535812,1,3106.25,0
BMW,530 i xDrive,2020,23195.0,Gasoline,2.0L I4 16V GDI DOHC Turbo,8-Speed Automatic,Dark Graphite Metallic,Black,None reported,Yes,38900.0,6,1.6770132781514053,1,3313.5714285714284,0
Jeep,Grand Cherokee Laredo,2011,118000.0,Gasoline,360.0HP 5.7L 8 Cylinder Engine Gasoline Fuel,A/T,Gold,Black,At least 1 accident or damage reported,Yes,12500.0,15,0.10593130566690112,0,7375.0,1
Toyota,Tacoma SR5,2018,65290.0,Gasoline,278.0HP 3.5L V6 Cylinder Engine Gasoline Fuel,6-Speed A/T,Blue,Black,At least 1 accident or damage reported,Yes,26450.0,8,0.40510943315311454,0,7254.444444444444,1
Porsche,911 Carrera Cabriolet,2001,47885.0,Gasoline,300.0HP 3.4L Flat 6 Cylinder Engine Gasoline Fuel,6-Speed M/T,Gray,Black,None reported,Yes,31995.0,25,0.668149354717454,1,1841.7307692307693,0
Jeep,Gladiator Sport S,2020,13000.0,Gasoline,285.0HP 3.6L V6 Cylinder Engine Gasoline Fuel,8-Speed A/T,Gray,–,None reported,Yes,39500.0,6,3.038227828628567,0,1857.142857142857,0
Dodge,Challenger SRT Hellcat,2018,29475.0,Gasoline,707.0HP 6.2L 8 Cylinder Engine Gasoline Fuel,8-Speed A/T,Orange,Black,None reported,Yes,62999.0,8,2.137298140860361,0,3275.0,0
Jeep,Renegade Trailhawk,2017,78717.0,Gasoline,180.0HP 2.4L 4 Cylinder Engine Gasoline Fuel,A/T,Black,Black,None reported,Yes,17500.0,9,0.22231255875403338,0,7871.7,0
Ford,F-150 Lariat,2021,9142.0,Hybrid,430.0HP 3.5L V6 Cylinder Engine Gas/Electric Hybrid,10-Speed A/T,Black,Gray,None reported,Yes,61500.0,5,6.726457399103139,0,1523.6666666666667,0
Jaguar,XF Premium,2011,106000.0,Gasoline,385.0HP 5.0L 8 Cylinder Engine Gasoline Fuel,6-Speed A/T,Brown,Beige,At least 1 accident or damage reported,Yes,9400.0,15,0.0886784086942576,0,6625.0,1
RAM,1500 Laramie,2022,3521.0,Gasoline,5.7L V8 16V MPFI OHV,Automatic,Diamond Black,Black,None reported,Yes,51074.0,4,14.501419647927314,0,704.2,0
Volkswagen,Golf GTI 2.0T SE 4-Door,2016,90000.0,Gasoline,210.0HP 2.0L 4 Cylinder Engine Gasoline Fuel,6-Speed A/T,Gray,Black,None reported,Yes,16750.0,10,0.18610904323285296,0,8181.818181818182,0
Porsche,Macan Turbo,2016,46000.0,Gasoline,400.0HP 3.6L V6 Cylinder Engine Gasoline Fuel,Transmission w/Dual Shift Mode,Gray,–,None reported,Yes,38000.0,10,0.8260689985000326,1,4181.818181818182,0
BMW,X4 M Competition,2020,18362.0,Gasoline,503.0HP 3.0L Straight 6 Cylinder Engine Gasoline Fuel,A/T,Black,Orange,None reported,Yes,60000.0,6,3.2674399607907203,1,2623.1428571428573,0
Lexus,RX 350 Base,2013,164500.0,Gasoline,270.0HP 3.5L V6 Cylinder Engine Gasoline Fuel,6-Speed A/T,White,Black,At least 1 accident or damage reported,Yes,16500.0,13,0.10030334162102358,1,11750.0,1
GMC,Terrain SLT,2020,55018.0,Gasoline,170.0HP 1.5L 4 Cylinder Engine Gasoline Fuel,9-Speed A/T,Black,Black,At least 1 accident or damage reported,Yes,25500.0,6,0.4634762536578273,0,7859.714285714285,1
Nissan,Maxima SV,2022,36466.0,Gasoline,3.5L V6 24V GDI DOHC,Automatic CVT,Brilliant Silver Metallic,Charcoal,None reported,Yes,24980.0,4,0.6850028793155456,0,7293.2,0
Volvo,S60 B5 Inscription,2022,14280.0,Hybrid,247.0HP 2.0L 4 Cylinder Engine Gasoline/Mild Electric Hybrid,A/T,Blue,Black,None reported,Yes,36500.0,4,2.5558434283313494,0,2856.0,0
Subaru,Outback 2.5i Premium,2013,116000.0,Gasoline,173.0HP 2.5L 4 Cylinder Engine Gasoline Fuel,A/T,Blue,Beige,At least 1 accident or damage reported,Yes,12500.0,13,0.1077576917440367,0,8285.714285714286,1
RAM,1500 Laramie,2022,16184.0,Gasoline,5.7L V8 16V MPFI OHV,8-Speed Automatic,Granite Crystal Clearcoat Metallic,Black,None reported,Yes,46999.0,4,2.9038616002471422,0,3236.8,0
Porsche,Boxster Base,1997,132800.0,Gasoline,201.0HP 2.5L Flat 6 Cylinder Engine Gasoline Fuel,5-Speed M/T,Red,Beige,None reported,Yes,8500.0,29,0.06400554212694182,1,4426.666666666667,0
Ford,Explorer XLT,2020,45000.0,Gasoline,300.0HP 2.3L 4 Cylinder Engine Gasoline Fuel,10-Speed A/T,Silver,Black,None reported,Yes,33500.0,6,0.7444279016021866,0,6428.571428571428,0
Ford,F-150 Lariat,2013,102000.0,Gasoline,365.0HP 3.5L V6 Cylinder Engine Gasoline Fuel,6-Speed A/T,White,Black,None reported,Yes,23000.0,13,0.22548798541190773,0,7285.714285714285,0
Ford,Excursion XLS,2004,163000.0,Diesel,325.0HP 6.0L 8 Cylinder Engine Diesel Fuel,5-Speed A/T,Silver,Gray,At least 1 accident or damage reported,Yes,18000.0,22,0.11042877037564186,0,7086.95652173913,1
BMW,M8 Competition,2023,3500.0,Gasoline,617.0HP 4.4L 8 Cylinder Engine Gasoline Fuel,8-Speed A/T,Gray,Gray,None reported,Yes,129000.0,3,36.84661525278492,1,875.0,0
Porsche,Panamera GTS,2016,42526.0,Gasoline,440.0HP 4.8L 8 Cylinder Engine Gasoline Fuel,7-Speed A/T,Blue,Black,None reported,Yes,66200.0,10,1.5566581230747525,1,3866.0,0
Mazda,Mazda3 i Touring,2012,144900.0,Gasoline,155.0HP 2.0L 4 Cylinder Engine Gasoline Fuel,Transmission w/Dual Shift Mode,Black,–,None reported,Yes,6000.0,14,0.04140758172821444,0,9660.0,0
GMC,Sierra 1500 SLT,2016,85000.0,Gasoline,355.0HP 5.3L 8 Cylinder Engine Gasoline Fuel,A/T,White,Black,None reported,Yes,32750.0,10,0.3852895848284138,0,7727.272727272727,0
Mercedes-Benz,Sprinter 2500 Standard Roof,2022,16113.0,Diesel,188.0HP 3.0L V6 Cylinder Engine Diesel Fuel,A/T,Gray,Black,None reported,Yes,111000.0,4,6.888420007446941,1,3222.6,0
Mercedes-Benz,GL-Class GL 450,2011,93000.0,Gasoline,335.0HP 4.7L 8 Cylinder Engine Gasoline Fuel,A/T,Gray,Beige,At least 1 accident or damage reported,Yes,11900.0,15,0.1279556133805013,1,5812.5,1
RAM,1500 Big Horn,2022,11468.0,Gasoline,5.7L V8 16V MPFI OHV,Automatic,Bright White Clearcoat,Black,None reported,Yes,50204.0,4,4.377365071061122,0,2293.6,0
Lexus,NX 300 Base,2019,25470.0,Gasoline,235.0HP 2.0L 4 Cylinder Engine Gasoline Fuel,Transmission w/Dual Shift Mode,Silver,Red,None reported,Yes,32500.0,7,1.2759608967060578,1,3183.75,0
BMW,435 i xDrive,2014,90347.0,Gasoline,300.0HP 3.0L Straight 6 Cylinder Engine Gasoline Fuel,8-Speed A/T,Silver,Black,None reported,Yes,21800.0,12,0.2412892371718245,1,6949.7692307692305,0
GMC,Yukon SLE,2017,96000.0,Gasoline,355.0HP 5.3L 8 Cylinder Engine Gasoline Fuel,A/T,Gray,Black,None reported,Yes,34000.0,9,0.3541629774689847,0,9600.0,0
Honda,Pilot EX-L,2016,80500.0,Gasoline,280.0HP 3.5L V6 Cylinder Engine Gasoline Fuel,6-Speed A/T,Gray,Black,None reported,Yes,23000.0,10,0.2857107365125899,0,7318.181818181818,0
Audi,A5 Sportback S line Premium Plus,2021,35000.0,Hybrid,261.0HP 2.0L 4 Cylinder Engine Gasoline/Mild Electric Hybrid,7-Speed A/T,Black,Black,None reported,Yes,37499.0,5,1.071369389446016,1,5833.333333333333,0
Porsche,911 Carrera,1995,49900.0,–,–,6-Speed M/T,Silver,Gray,At least 1 accident or damage reported,Yes,97993.0,31,1.9637482214785276,1,1559.375,1
Honda,Civic Sport,2020,121212.0,Gasoline,1.5L I4 16V GDI DOHC Turbo,Automatic CVT,White,Sport,At least 1 accident or damage reported,Yes,18387.0,6,0.1516916502355358,0,17316.0,1
Mercedes-Benz,G 550 4x4 Squared Base,2018,14381.0,Gasoline,4.0L V8 32V GDI DOHC Twin Turbo,7-Speed Automatic,Designo Magno Matte,Black,None reported,Yes,204900.0,8,14.24697538589904,1,1597.888888888889,0
Porsche,Panamera Platinum Edition,2022,13500.0,Gasoline,325.0HP 2.9L V6 Cylinder Engine Gasoline Fuel,8-Speed A/T,Green,Black,None reported,Yes,86999.0,4,6.4438930449596326,1,2700.0,0
BMW,740e xDrive iPerformance,2019,33214.0,Plug-In Hybrid,322.0HP 2.0L 4 Cylinder Engine Plug-In Electric/Gas,A/T,White,Black,None reported,Yes,43500.0,7,1.3096492548547343,1,4151.75,0
Ford,F-250 XLT,2017,29719.0,E85 Flex Fuel,385.0HP 6.2L 8 Cylinder Engine Flex Fuel Capability,A/T,White,Gray,None reported,Yes,31000.0,9,1.0430686406460297,0,2971.9,0
Lincoln,Corsair Standard,2022,4520.0,Gasoline,250.0HP 2.0L 4 Cylinder Engine Gasoline Fuel,8-Speed A/T,Beige,Beige,None reported,Yes,38500.0,4,8.51581508515815,0,904.0,0
Hyundai,Sonata Sport,2017,84129.0,Gasoline,2.4L I4 16V GDI DOHC,6-Speed Automatic,Phantom Black,Graphite,None reported,Yes,14599.0,9,0.17352906216569594,0,8412.9,0
Nissan,Maxima 3.5 SR,2019,72150.0,Gasoline,300.0HP 3.5L V6 Cylinder Engine Gasoline Fuel,CVT Transmission,White,Black,At least 1 accident or damage reported,Yes,26999.0,7,0.37420132777092485,0,9018.75,1
GMC,Yukon SLT,2015,94500.0,Gasoline,355.0HP 5.3L 8 Cylinder Engine Gasoline Fuel,A/T,White,Beige,At least 1 accident or damage reported,Yes,30000.0,11,0.31745695812742725,0,7875.0,1
Mercedes-Benz,GLS 550 Base 4MATIC,2017,88454.0,Gasoline,449.0HP 4.7L 8 Cylinder Engine Gasoline Fuel,9-Speed A/T,White,Beige,None reported,Yes,39999.0,9,0.45219603188061724,1,8845.4,0
Cadillac,CTS Base,2010,81696.0,Gasoline,270.0HP 3.0L V6 Cylinder Engine Gasoline Fuel,6-Speed A/T,Silver,Beige,At least 1 accident or damage reported,Yes,9499.0,16,0.11627109930597207,0,4805.64705882353,1
Cadillac,CTS Base,2005,94100.0,Gasoline,255.0HP 3.6L V6 Cylinder Engine Gasoline Fuel,6-Speed M/T,White,Beige,None reported,Yes,6099.0,21,0.06481333885931075,0,4277.272727272727,0
Ford,Explorer Limited,2022,17500.0,Hybrid,318.0HP 3.3L V6 Cylinder Engine Gas/Electric Hybrid,10-Speed A/T,White,Black,None reported,Yes,46000.0,4,2.628421233072396,0,3500.0,0
Acura,RDX,2016,132252.0,Gasoline,3.5 Liter,Automatic,Crystal Black,Black,None reported,Yes,18998.0,10,0.1436489153365141,0,12022.90909090909,0
Toyota,Highlander XLE,2022,4437.0,Gasoline,295.0HP 3.5L V6 Cylinder Engine Gasoline Fuel,Transmission w/Dual Shift Mode,Gray,Black,None reported,Yes,42000.0,4,9.46372239747634,0,887.4,0
Volkswagen,Golf GTI 2.0T SE 4-Door,2018,70500.0,Gasoline,220.0HP 2.0L 4 Cylinder Engine Gasoline Fuel,Transmission w/Dual Shift Mode,White,Black,None reported,Yes,23000.0,8,0.3262365072835846,0,7833.333333333333,0
Nissan,Pickup Truck XE,1994,89144.0,–,–,A/T,Red,Gray,None reported,Yes,5899.0,32,0.06617308878792978,0,2701.3333333333335,0
Toyota,Corolla CE,2008,170000.0,Gasoline,126.0HP 1.8L 4 Cylinder Engine Gasoline Fuel,A/T,Gray,Gray,None reported,Yes,5199.0,18,0.030582173046040904,0,8947.368421052632,0
Honda,Element EX,2008,122000.0,Gasoline,166.0HP 2.4L 4 Cylinder Engine Gasoline Fuel,A/T,Blue,Gray,None reported,Yes,10500.0,18,0.08606486832075147,0,6421.0526315789475,0
Toyota,Camry Solara SE,2008,57852.0,Gasoline,210.0HP 3.3L V6 Cylinder Engine Gasoline Fuel,A/T,Silver,Gray,None reported,Yes,13900.0,18,0.2402641176775621,0,3044.842105263158,0
Hyundai,Genesis 4.6,2010,120321.0,Gasoline,378.0HP 4.6L 8 Cylinder Engine Gasoline Fuel,Transmission w/Dual Shift Mode,White,Beige,None reported,Yes,10500.0,16,0.08726583667159787,0,7077.705882352941,0
BMW,325 Ci,2004,178000.0,Gasoline,184.0HP 2.5L Straight 6 Cylinder Engine Gasoline Fuel,5-Speed A/T,Blue,Brown,None reported,Yes,5750.0,22,0.03230318930792524,1,7739.130434782609,0
BMW,M3 Base,2002,60255.0,Gasoline,333.0HP 3.2L Straight 6 Cylinder Engine Gasoline Fuel,6-Speed M/T,Yellow,Black,None reported,Yes,28750.0,24,0.47713090812533193,1,2410.2,0
Land,Rover Range Rover Sport HSE Dynamic,2019,77690.0,Gasoline,380.0HP 3.0L V6 Cylinder Engine Gasoline Fuel,8-Speed A/T,White,Beige,None reported,Yes,43500.0,7,0.5599104143337066,1,9711.25,0
Chevrolet,Corvette ZR-1,2009,18000.0,Gasoline,638.0HP 6.2L 8 Cylinder Engine Gasoline Fuel,6-Speed M/T,Gray,Black,None reported,Yes,78000.0,17,4.3330926059663355,0,1000.0,0
Honda,Prelude Type SH,2001,125000.0,Gasoline,200.0HP 2.2L 4 Cylinder Engine Gasoline Fuel,5-Speed M/T,Red,Black,None reported,Yes,18000.0,25,0.14399884800921592,0,4807.692307692308,0
Lexus,NX 300 Base,2021,6449.0,Gasoline,2.0L I4 16V PDI DOHC Turbo,6-Speed Automatic,Silver,Black,At least 1 accident or damage reported,Yes,35999.0,5,5.581240310077519,1,1074.8333333333333,1
Volkswagen,Golf GTI 2.0T SE 4-Door,2019,33000.0,Gasoline,228.0HP 2.0L 4 Cylinder Engine Gasoline Fuel,6-Speed M/T,Black,Black,None reported,Yes,27500.0,7,0.8333080815732856,0,4125.0,0
Nissan,Armada LE,2009,87130.0,Gasoline,317.0HP 5.6L 8 Cylinder Engine Gasoline Fuel,A/T,Brown,Black,None reported,Yes,20000.0,17,0.22953942913543973,0,4840.555555555556,0
Lexus,SC 300 Base,1998,165000.0,Gasoline,225.0HP 3.0L Straight 6 Cylinder Engine Gasoline Fuel,A/T,Purple,Beige,None reported,Yes,8700.0,28,0.052726953169980786,1,5689.6551724137935,0
Toyota,Camry Solara SLE,2008,73000.0,Gasoline,210.0HP 3.3L V6 Cylinder Engine Gasoline Fuel,5-Speed A/T,Blue,Beige,At least 1 accident or damage reported,Yes,11500.0,18,0.157532088601526,0,3842.1052631578946,1
Porsche,Macan S,2020,22354.0,Gasoline,3.0L V6 24V GDI DOHC Turbo,7-Speed Automatic with Auto-Shift,Black,Black,None reported,Yes,54900.0,6,2.4558264370386937,1,3193.4285714285716,0
Tesla,Model Y Performance,2023,6188.0,Gasoline,455.0HP Electric Motor Electric Fuel System,A/T,Gray,White,None reported,Yes,53900.0,3,8.708999838423008,0,1547.0,0
GMC,Terrain SLT,2019,60807.0,Gasoline,2.0L I4 16V GDI DOHC Turbo,9-Speed Automatic,Red Quartz Tintcoat,Medium Ash Gray,At least 1 accident or damage reported,Yes,25925.0,7,0.42634192869359294,0,7600.875,1
Jeep,Compass Latitude,2014,105000.0,Gasoline,158.0HP 2.0L 4 Cylinder Engine Gasoline Fuel,A/T,Black,Black,None reported,Yes,10950.0,12,0.1042847210978943,0,8076.923076923077,0
Audi,Q7 3.0T Prestige,2018,63400.0,Gasoline,333.0HP 3.0L V6 Cylinder Engine Gasoline Fuel,A/T,Black,Black,None reported,Yes,29900.0,8,0.47160139429977443,1,7044.444444444444,0
Ford,F-250 Platinum,2022,4500.0,Gasoline,430.0HP 7.3L 8 Cylinder Engine Gasoline Fuel,10-Speed A/T,Black,Black,None reported,Yes,86500.0,4,19.217951566318597,0,900.0,0
Jeep,Gladiator Overland,2020,8025.0,Gasoline,3.6L V6 24V MPFI DOHC,8-Speed Automatic,Firecracker Red Clearcoat,Black,None reported,Yes,42433.0,6,5.2869424370794915,0,1146.4285714285713,0
Lincoln,Navigator L Reserve,2019,49131.0,Gasoline,3.5L V6 24V PDI DOHC Twin Turbo,10-Speed Automatic,Tan,–,None reported,Yes,55460.0,7,1.1287958967678906,0,6141.375,0
Tesla,Model X P100D,2017,100346.0,Gasoline,Electric Motor Electric Fuel System,1-Speed A/T,Silver,White,None reported,Yes,45999.0,9,0.4583993542407845,0,10034.6,0
Mercedes-Benz,CLS-Class CLS 400 4MATIC,2016,62285.0,Gasoline,329.0HP 3.0L V6 Cylinder Engine Gasoline Fuel,7-Speed A/T,Black,Black,At least 1 accident or damage reported,Yes,29950.0,10,0.4808464181356966,1,5662.272727272727,1
Lexus,RX 350 Base,2021,5040.0,Gasoline,295.0HP 3.5L V6 Cylinder Engine Gasoline Fuel,8-Speed A/T,Beige,Beige,At least 1 accident or damage reported,Yes,48900.0,5,9.700456258678834,1,840.0,1
RAM,1500 Laramie,2022,12940.0,Gasoline,5.7L V8 16V MPFI OHV,8-Speed Automatic,Bright White Clearcoat,Black,At least 1 accident or damage reported,Yes,46999.0,4,3.6317904335059112,0,2588.0,1
Mitsubishi,Outlander Sport ES,2015,98385.0,Gasoline,166.0HP 2.4L 4 Cylinder Engine Gasoline Fuel,CVT Transmission,Silver,Black,At least 1 accident or damage reported,Yes,10500.0,11,0.10672250116886549,0,8198.75,1
Hyundai,Sonata SE,2013,43903.0,Gasoline,200.0HP 2.4L 4 Cylinder Engine Gasoline Fuel,A/T,Red,Black,At least 1 accident or damage reported,Yes,12500.0,13,0.28471209912536444,0,3135.9285714285716,1
Ford,Mustang EcoBoost Premium,2017,41650.0,Gasoline,310.0HP 2.3L 4 Cylinder Engine Gasoline Fuel,A/T,Blue,Black,None reported,Yes,23600.0,9,0.566613046505486,0,4165.0,0
BMW,X5 PHEV xDrive45e,2022,31850.0,Plug-In Hybrid,389.0HP 3.0L Straight 6 Cylinder Engine Plug-In Electric/Gas,Transmission w/Dual Shift Mode,White,Black,None reported,Yes,60500.0,4,1.8994694044143041,1,6370.0,0
Hyundai,Sonata Hybrid Limited,2013,96419.0,Hybrid,199.0HP 2.4L 4 Cylinder Engine Gas/Electric Hybrid,6-Speed A/T,Black,Gray,At least 1 accident or damage reported,Yes,14999.0,13,0.15555901265297656,0,6887.071428571428,1
Honda,Odyssey EX-L,2007,170000.0,Gasoline,244.0HP 3.5L V6 Cylinder Engine Gasoline Fuel,A/T,Black,Beige,None reported,Yes,7700.0,19,0.04529385121263992,0,8500.0,0
Chevrolet,Colorado LT Crew Cab,2009,139000.0,Gasoline,300.0HP 5.3L 8 Cylinder Engine Gasoline Fuel,A/T,Black,Black,None reported,Yes,14500.0,17,0.10431579628923533,0,7722.222222222223,0
Buick,Enclave Premium,2016,134655.0,Gasoline,3.6L V6 24V GDI DOHC,6-Speed Automatic,Ebony Twilight Metallic,Ebony,None reported,Yes,18051.0,10,0.134052697243346,0,12241.363636363636,0
BMW,M235 i,2015,81000.0,Gasoline,320.0HP 3.0L Straight 6 Cylinder Engine Gasoline Fuel,6-Speed M/T,White,Red,None reported,Yes,27890.0,11,0.3443167368304095,1,6750.0,0
McLaren,720S Performance,2020,9989.0,Gasoline,710.0HP 4.0L 8 Cylinder Engine Gasoline Fuel,7-Speed A/T,Black,Black,None reported,Yes,324995.0,6,32.532032032032035,0,1427.0,0
Kia,Telluride SX,2022,46347.0,Gasoline,3.8L V6 24V GDI DOHC,8-Speed Automatic,Glacial White Pearl,Black,None reported,Yes,46120.0,4,0.9950806938810736,0,9269.4,0
Chevrolet,Corvette Base,2007,4048.0,Gasoline,400.0HP 6.0L 8 Cylinder Engine Gasoline Fuel,6-Speed M/T,Yellow,Gray,None reported,Yes,38000.0,19,9.38503334156582,0,202.4,0
Mercedes-Benz,S-Class S 63 AMG,2015,79876.0,Gasoline,577.0HP 5.5L 8 Cylinder Engine Gasoline Fuel,7-Speed A/T,Black,White,None reported,Yes,45750.0,11,0.5727556117530703,1,6656.333333333333,0
Toyota,Mirai Limited,2021,44000.0,not supported,182.0HP Electric Motor Hydrogen Fuel,A/T,Gray,Black,None reported,Yes,18500.0,5,0.4204449898865935,0,7333.333333333333,0
Alfa,Romeo Giulia Ti,2017,56910.0,Gasoline,280.0HP 2.0L 4 Cylinder Engine Gasoline Fuel,Transmission w/Dual Shift Mode,Blue,Black,None reported,Yes,23000.0,9,0.4041397972272496,0,5691.0,0
Land,Rover Range Rover Sport HSE,2019,65019.0,Gasoline,340.0HP 3.0L V6 Cylinder Engine Gasoline Fuel,A/T,Black,Beige,None reported,Yes,40500.0,7,0.6228852660719778,1,8127.375,0
Nissan,370Z Touring,2009,133409.0,Gasoline,332.0HP 3.7L V6 Cylinder Engine Gasoline Fuel,6-Speed M/T,Silver,Gray,At least 1 accident or damage reported,Yes,14999.0,17,0.11242785398395923,0,7411.611111111111,1
BMW,330 i xDrive,2018,74381.0,Gasoline,248.0HP 2.0L 4 Cylinder Engine Gasoline Fuel,8-Speed A/T,White,Brown,At least 1 accident or damage reported,Yes,22995.0,8,0.3091473743647657,1,8264.555555555555,1
Porsche,Macan,2023,2925.0,Gasoline,2.0L I4 16V GDI DOHC Turbo,7-Speed Automatic with Auto-Shift,Carrara White Metallic,Black,None reported,Yes,73300.0,3,25.051264524948735,1,731.25,0
BMW,128 i,2013,67874.0,Gasoline,230.0HP 3.0L Straight 6 Cylinder Engine Gasoline Fuel,6-Speed A/T,Gray,Black,None reported,Yes,18000.0,13,0.26519337016574585,1,4848.142857142857,0
Mercedes-Benz,AMG GLE 63 S Coupe 4MATIC,2018,71500.0,Gasoline,577.0HP 5.5L 8 Cylinder Engine Gasoline Fuel,7-Speed A/T,White,White,None reported,Yes,61000.0,8,0.8531349211899134,1,7944.444444444444,0
Jeep,Wrangler Sport,2014,71000.0,Gasoline,285.0HP 3.6L V6 Cylinder Engine Gasoline Fuel,5-Speed A/T,Gray,Black,None reported,Yes,22000.0,12,0.3098547907775947,0,5461.538461538462,0
Ford,F-150 Raptor,2018,64517.0,Gasoline,450.0HP 3.5L V6 Cylinder Engine Gasoline Fuel,10-Speed A/T,Black,Black,None reported,Yes,47995.0,8,0.7439009268731207,0,7168.555555555556,0
Dodge,Sprinter 2500 High Roof,2004,55000.0,Diesel,154.0HP 2.7L 5 Cylinder Engine Diesel Fuel,A/T,White,Gray,None reported,Yes,24000.0,22,0.43635570262358864,0,2391.304347826087,0
BMW,M550 i xDrive,2019,7580.0,Gasoline,456.0HP 4.4L 8 Cylinder Engine Gasoline Fuel,Transmission w/Dual Shift Mode,Black,Black,None reported,Yes,51500.0,7,6.79329903706635,1,947.5,0
Hyundai,Sonata GLS,2010,135000.0,Gasoline,168.0HP 2.4L 4 Cylinder Engine Gasoline Fuel,Transmission w/Dual Shift Mode,Blue,Gray,None reported,Yes,3999.0,16,0.029622002799979258,0,7941.176470588235,0
Honda,Accord EX-L,2019,62200.0,Gasoline,192.0HP 1.5L 4 Cylinder Engine Gasoline Fuel,A/T,White,Black,At least 1 accident or damage reported,Yes,21500.0,7,0.34565360685519525,0,7775.0,1
Cadillac,CTS 3.6L Premium,2014,69001.0,Gasoline,321.0HP 3.6L V6 Cylinder Engine Gasoline Fuel,6-Speed A/T,Red,Black,None reported,Yes,19500.0,12,0.2826005043332077,0,5307.7692307692305,0
Toyota,4Runner Venture Special Edition,2021,28567.0,Gasoline,"4L V-6 DOHC, VVT-i variable valve control, regular unleaded, eng",Automatic,–,Black/Graphite,None reported,Yes,44775.0,5,1.5673130775693083,0,4761.166666666667,0
Jaguar,XJ8 L,2006,78049.0,Gasoline,300.0HP 4.2L 8 Cylinder Engine Gasoline Fuel,6-Speed A/T,White,Beige,None reported,Yes,13980.0,20,0.17911595131326072,0,3716.6190476190477,0
Ford,F-150 Lariat,2021,36821.0,Gasoline,3.5L V6 24V PDI DOHC Twin Turbo,Automatic,Agate Black Metallic,Black,None reported,Yes,49273.0,5,1.338140242246483,0,6136.833333333333,0
Chevrolet,Suburban High Country,2021,23292.0,Gasoline,420.0HP 6.2L 8 Cylinder Engine Gasoline Fuel,10-Speed A/T,Brown,Black,None reported,Yes,73500.0,5,3.155454428369038,0,3882.0,0
Chevrolet,Suburban 1500 LTZ,2010,162671.0,E85 Flex Fuel,320.0HP 5.3L 8 Cylinder Engine Flex Fuel Capability,A/T,Black,Black,None reported,Yes,12000.0,16,0.07376807317792859,0,9568.882352941177,0
Land,Rover LR2 HSE,2010,100472.0,Gasoline,230.0HP 3.2L Straight 6 Cylinder Engine Gasoline Fuel,6-Speed A/T,Gray,Beige,None reported,Yes,9975.0,16,0.09928040369054372,1,5910.117647058823,0
Subaru,WRX Limited,2017,73120.0,Gasoline,268.0HP 2.0L 4 Cylinder Engine Gasoline Fuel,CVT Transmission,White,Black,At least 1 accident or damage reported,Yes,19950.0,9,0.2728354371521177,0,7312.0,1
Ford,Expedition Timberline,2022,23300.0,Gasoline,440.0HP 3.5L V6 Cylinder Engine Gasoline Fuel,10-Speed A/T,Green,Green,None reported,Yes,67500.0,4,2.8968713789107765,0,4660.0,0
Honda,Clarity Plug-In Hybrid Base,2018,71000.0,Plug-In Hybrid,212.0HP 1.5L 4 Cylinder Engine Plug-In Electric/Gas,A/T,Red,Beige,At least 1 accident or damage reported,Yes,17500.0,8,0.24647540175490487,0,7888.888888888889,1
RAM,3500 Laramie,2022,16648.0,Diesel,6.7L I6 24V DDI OHV Turbo Diesel,6-Speed Automatic,Flame Red Clearcoat,Black,None reported,Yes,70999.0,4,4.264460327947624,0,3329.6,0
Chevrolet,Silverado 2500 LT,2011,240000.0,Diesel,335.0HP 6.6L 8 Cylinder Engine Diesel Fuel,6-Speed A/T,White,Black,None reported,Yes,18500.0,15,0.07708301215411602,0,15000.0,0
Lexus,RX 450h Base,2013,119755.0,Hybrid,295.0HP 3.5L V6 Cylinder Engine Gas/Electric Hybrid,Transmission w/Dual Shift Mode,Silver,Black,None reported,Yes,19500.0,13,0.16283108988276163,1,8553.92857142857,0
Mercedes-Benz,M-Class ML 350 4MATIC,2015,88000.0,E85 Flex Fuel,302.0HP 3.5L V6 Cylinder Engine Flex Fuel Capability,A/T,Silver,Gray,None reported,Yes,19500.0,11,0.22158839104101088,1,7333.333333333333,0
BMW,X5 xDrive40i,2021,41000.0,Hybrid,335.0HP 3.0L Straight 6 Cylinder Engine Gasoline/Mild Electric Hybrid,8-Speed A/T,White,Black,None reported,Yes,50000.0,5,1.219482451647521,1,6833.333333333333,0
Chevrolet,Camaro 2SS,2022,7458.0,Gasoline,455.0HP 6.2L 8 Cylinder Engine Gasoline Fuel,6-Speed M/T,Red,Black,None reported,Yes,47500.0,4,6.368145864056844,0,1491.6,0
Jeep,Gladiator Sport S,2022,23000.0,Gasoline,285.0HP 3.6L V6 Cylinder Engine Gasoline Fuel,A/T,Green,Black,None reported,Yes,43000.0,4,1.869483935481066,0,4600.0,0
Land,Rover Discovery LSE,1998,149437.0,Gasoline,182.0HP 4.0L 8 Cylinder Engine Gasoline Fuel,A/T,Green,Beige,None reported,Yes,9995.0,28,0.06688392510606406,1,5153.0,0
Ford,F-250 XLT,2017,244000.0,Diesel,440.0HP 6.7L 8 Cylinder Engine Diesel Fuel,6-Speed A/T,Red,Beige,None reported,Yes,35500.0,9,0.14549120700325,0,24400.0,0
RAM,1500 Rebel,2019,46000.0,Hybrid,305.0HP 3.6L V6 Cylinder Engine Gasoline/Mild Electric Hybrid,8-Speed A/T,White,–,None reported,Yes,37900.0,7,0.8238951327145062,0,5750.0,0
Audi,Q5 S line Premium Plus,2022,13133.0,Hybrid,2.0 Liter TFSI,Automatic,Silver,Black,None reported,Yes,42998.0,4,3.2737932084665755,1,2626.6,0
RAM,1500 SLT,2017,45000.0,Gasoline,395.0HP 5.7L 8 Cylinder Engine Gasoline Fuel,A/T,Black,Gray,None reported,Yes,29999.0,9,0.6666296304526567,0,4500.0,0
Mazda,CX-30 Premium Package,2021,18385.0,Gasoline,2.5L I4 16V GDI DOHC,6-Speed Automatic,Soul Red Crystal Metallic,White / Brown,None reported,Yes,29255.0,5,1.5911563145871859,0,3064.1666666666665,0
BMW,840 Gran Coupe i xDrive,2020,25793.0,Gasoline,3.0L I6 24V GDI DOHC Turbo,8-Speed Automatic,Black Sapphire Metallic,Black,None reported,Yes,52999.0,6,2.0547026440257423,1,3684.714285714286,0
Porsche,Boxster S,2005,44400.0,Gasoline,280.0HP 3.2L Flat 6 Cylinder Engine Gasoline Fuel,6-Speed M/T,Silver,Black,None reported,Yes,29800.0,21,0.6711560550438053,1,2018.1818181818182,0
Chevrolet,Malibu Limited LT,2016,104000.0,Gasoline,2.5L 4 Cylinder Engine Gasoline Fuel,6-Speed A/T,Silver,Gray,None reported,Yes,10500.0,10,0.10096056768684916,0,9454.545454545454,0
Cadillac,Escalade Premium Luxury,2023,600.0,Gasoline,420.0HP 6.2L 8 Cylinder Engine Gasoline Fuel,A/T,Black,Black,None reported,Yes,103000.0,3,171.38103161397672,0,150.0,0
MINI,Cooper S Base,2007,45000.0,Gasoline,172.0HP 1.6L 4 Cylinder Engine Gasoline Fuel,6-Speed M/T,Yellow,Black,None reported,Yes,7900.0,19,0.17555165440767984,0,2250.0,0
Jeep,Gladiator Mojave,2022,24500.0,Gasoline,285.0HP 3.6L V6 Cylinder Engine Gasoline Fuel,8-Speed A/T,Blue,Black,None reported,Yes,64000.0,4,2.612138280070201,0,4900.0,0
Buick,Encore GX Essence,2020,35569.0,Gasoline,1.3L I3 12V MPFI DOHC Turbo,Automatic CVT,Satin Steel Metallic,Ebony,None reported,Yes,21999.0,6,0.6184706213100928,0,5081.285714285715,0
Toyota,Highlander XLE,2020,35000.0,Gasoline,295.0HP 3.5L V6 Cylinder Engine Gasoline Fuel,A/T,Silver,Black,None reported,Yes,36999.0,6,1.0570840833119053,0,5000.0,0
Acura,MDX Touring,2003,165000.0,Gasoline,260.0HP 3.5L V6 Cylinder Engine Gasoline Fuel,A/T,Silver,Black,At least 1 accident or damage reported,Yes,4000.0,23,0.024242277319531397,0,6875.0,1
Land,Rover Range Rover Sport SE MHEV,2021,15000.0,Hybrid,355.0HP 3.0L Straight 6 Cylinder Engine Gasoline/Mild Electric Hybrid,A/T,Black,Black,None reported,Yes,69000.0,5,4.599693353776415,1,2500.0,0
BMW,535 i xDrive,2014,119750.0,Gasoline,300.0HP 3.0L Straight 6 Cylinder Engine Gasoline Fuel,8-Speed A/T,White,Beige,None reported,Yes,15499.0,12,0.1294268941386711,1,9211.538461538461,0
Nissan,350Z Touring,2007,90000.0,Gasoline,306.0HP 3.5L V6 Cylinder Engine Gasoline Fuel,M/T,White,Green,At least 1 accident or damage reported,Yes,12000.0,19,0.13333185186831256,0,4500.0,1
Ford,Transit Connect XLT,2015,112000.0,Gasoline,169.0HP 2.5L 4 Cylinder Engine Gasoline Fuel,A/T,White,Black,At least 1 accident or damage reported,Yes,14500.0,11,0.12946312979348398,0,9333.333333333334,1
Mercedes-Benz,SL-Class SL550 Roadster,2008,150000.0,Gasoline,382.0HP 5.5L 8 Cylinder Engine Gasoline Fuel,7-Speed A/T,Black,Beige,None reported,Yes,16800.0,18,0.11199925333831108,1,7894.736842105263,0
Porsche,911 Turbo S,2021,1912.0,Gasoline,640.0HP 3.8L Flat 6 Cylinder Engine Gasoline Fuel,8-Speed A/T,Silver,Black,None reported,Yes,240000.0,5,125.45739675901726,1,318.6666666666667,0
Hyundai,Sonata Sport 2.0T,2015,82900.0,Gasoline,245.0HP 2.0L 4 Cylinder Engine Gasoline Fuel,A/T,Black,Black,At least 1 accident or damage reported,Yes,13995.0,11,0.16881581645577254,0,6908.333333333333,1
Audi,TT 1.8T,2004,79500.0,Gasoline,180.0HP 1.8L 4 Cylinder Engine Gasoline Fuel,A/T,Silver,Black,None reported,Yes,12000.0,22,0.15094149759122527,1,3456.521739130435,0
Volvo,XC90 T6 Inscription,2019,60000.0,Gasoline,316.0HP 2.0L 4 Cylinder Engine Gasoline Fuel,8-Speed A/T,White,Black,None reported,Yes,37000.0,7,0.6166563890601823,0,7500.0,0
RAM,1500 Big Horn,2021,41800.0,Diesel,260.0HP 3.0L V6 Cylinder Engine Diesel Fuel,8-Speed A/T,White,Black,None reported,Yes,44900.0,5,1.074136982368843,0,6966.666666666667,0
Chevrolet,Tahoe LT,2021,71536.0,Gasoline,5.3L V8 16V GDI OHV,10-Speed Automatic,Black,Jet Black,None reported,Yes,49685.0,5,0.6945356948152704,0,11922.666666666666,0
Ford,Explorer XLT,2014,127558.0,Gasoline,3.5L V6 24V MPFI DOHC,6-Speed Automatic,Green,Charcoal Black,None reported,Yes,13715.0,12,0.10751887361926638,0,9812.153846153846,0
Ford,Mustang Mach-E Premium,2023,13232.0,Gasoline,346.0HP Electric Motor Electric Fuel System,1-Speed A/T,Gray,Black,None reported,Yes,45000.0,3,3.4005894355021535,0,3308.0,0
Chevrolet,Camaro 1SS,2017,39000.0,Gasoline,455.0HP 6.2L 8 Cylinder Engine Gasoline Fuel,8-Speed A/T,Yellow,Black,None reported,Yes,31500.0,9,0.8076715981641497,0,3900.0,0
Ford,Bronco Big Bend Advanced,2023,11500.0,Gasoline,315.0HP 2.7L V6 Cylinder Engine Gasoline Fuel,10-Speed A/T,Gray,Black,None reported,Yes,54490.0,3,4.737848882705852,0,2875.0,0
Chrysler,Pacifica Launch Edition,2020,22200.0,Gasoline,287.0HP 3.6L V6 Cylinder Engine Gasoline Fuel,9-Speed A/T,Black,Black,None reported,Yes,36800.0,6,1.657582991757128,0,3171.4285714285716,0
Tesla,Model Y Long Range,2023,7414.0,Gasoline,425.0HP Electric Motor Electric Fuel System,A/T,Black,White,None reported,Yes,56515.0,3,7.621712744436952,0,1853.5,0
Lamborghini,Huracan LP580-2,2017,14586.0,Gasoline,"5.2L V-10 gasoline direct injection, DOHC, variable valve contro",Automatic,Blue Caelum,Nero Ade,None reported,Yes,209991.0,9,14.39576335092891,0,1458.6,0
RAM,1500 Rebel,2021,32000.0,Hybrid,395.0HP 5.7L 8 Cylinder Engine Gasoline/Mild Electric Hybrid,8-Speed A/T,White,Black,None reported,Yes,50927.0,5,1.5914190181556827,0,5333.333333333333,0
Toyota,86 Base,2020,14700.0,Gasoline,200.0HP 2.0L 4 Cylinder Engine Gasoline Fuel,A/T,White,Black,None reported,Yes,27350.0,6,1.860417658662676,0,2100.0,0
BMW,X5 xDrive50i,2016,79995.0,Gasoline,445.0HP 4.4L 8 Cylinder Engine Gasoline Fuel,Transmission w/Dual Shift Mode,Black,Black,None reported,Yes,23995.0,10,0.29995249762488124,1,7272.272727272727,0
GMC,Yukon Denali,2018,76000.0,Gasoline,420.0HP 6.2L 8 Cylinder Engine Gasoline Fuel,A/T,Black,Black,None reported,Yes,44500.0,8,0.5855186115972159,0,8444.444444444445,0
Honda,Accord EX-L,2014,62000.0,Gasoline,185.0HP 2.4L 4 Cylinder Engine Gasoline Fuel,CVT Transmission,Gray,Black,At least 1 accident or damage reported,Yes,18987.0,12,0.306236996177481,0,4769.2307692307695,1
Maserati,Ghibli S Q4,2017,53500.0,Gasoline,404.0HP 3.0L V6 Cylinder Engine Gasoline Fuel,8-Speed A/T,Gray,Black,None reported,Yes,28700.0,9,0.5364385712416591,1,5350.0,0
Hyundai,Kona EV SEL,2022,9400.0,Gasoline,201.0HP Electric Motor Electric Fuel System,1-Speed A/T,Red,Black,None reported,Yes,31999.0,4,3.4037868311881714,0,1880.0,0
BMW,435 i,2014,86500.0,Gasoline,300.0HP 3.0L Straight 6 Cylinder Engine Gasoline Fuel,A/T,Silver,Black,None reported,Yes,20900.0,12,0.24161570386469522,1,6653.846153846154,0
Mercedes-Benz,GL-Class GL 450,2011,148000.0,Gasoline,335.0HP 4.7L 8 Cylinder Engine Gasoline Fuel,A/T,Black,Black,At least 1 accident or damage reported,Yes,9900.0,15,0.06689143992270323,1,9250.0,1
GMC,Sierra 1500 SLE,2014,100080.0,E85 Flex Fuel,285.0HP 4.3L V6 Cylinder Engine Flex Fuel Capability,6-Speed A/T,White,Gray,None reported,Yes,22989.0,12,0.22970393980875492,0,7698.461538461538,0
Dodge,Challenger SRT Demon,2018,2620.0,Gasoline,808.0HP 6.2L 8 Cylinder Engine Gasoline Fuel,8-Speed A/T,Black,Black,None reported,Yes,155700.0,8,59.4048073254483,0,291.1111111111111,0
BMW,X5 PHEV xDrive45e,2023,3099.0,Plug-In Hybrid,389.0HP 3.0L Straight 6 Cylinder Engine Plug-In Electric/Gas,8-Speed A/T,Black,Black,None reported,Yes,74995.0,3,24.191935483870967,1,774.75,0
Dodge,Durango R/T,2020,78000.0,Gasoline,360.0HP 5.7L 8 Cylinder Engine Gasoline Fuel,8-Speed A/T,Black,Red,At least 1 accident or damage reported,Yes,29500.0,6,0.37820027948359636,0,11142.857142857143,1
Ferrari,488 Spider Base,2019,9005.0,Gasoline,3.9L V8 32V GDI DOHC Twin Turbo,7-Speed Automatic with Auto-Shift,White,–,None reported,Yes,319900.0,7,35.52076393515434,0,1125.625,0
Ford,Bronco Sport Big Bend,2022,16700.0,Gasoline,181.0HP 1.5L 3 Cylinder Engine Gasoline Fuel,8-Speed A/T,Blue,Black,None reported,Yes,31000.0,4,1.8561762768696486,0,3340.0,0
Honda,Civic LX,2015,51300.0,Gasoline,143.0HP 1.8L 4 Cylinder Engine Gasoline Fuel,5-Speed M/T,Black,Black,None reported,Yes,17500.0,11,0.3411239546987388,0,4275.0,0
Ford,Shelby GT350 Base,2018,8237.0,Gasoline,526.0HP 5.2L 8 Cylinder Engine Gasoline Fuel,6-Speed M/T,Gray,Black,None reported,Yes,62900.0,8,7.6353483855304685,0,915.2222222222222,0
Volkswagen,Jetta S,2010,99000.0,Gasoline,170.0HP 2.5L 5 Cylinder Engine Gasoline Fuel,A/T,Gray,Black,At least 1 accident or damage reported,Yes,6000.0,16,0.060605448429813844,0,5823.529411764706,1
Mazda,CX-5 Grand Touring,2021,62377.0,Gasoline,2.5L I4 16V,6-Speed Automatic,Jet Black Mica,Black,None reported,Yes,26288.0,5,0.4214306325948251,0,10396.166666666666,0
Jeep,Wrangler Rubicon,2009,130000.0,Gasoline,202.0HP 3.8L V6 Cylinder Engine Gasoline Fuel,6-Speed M/T,Black,Gray,None reported,Yes,15500.0,17,0.11922985207806094,0,7222.222222222223,0
Ford,F-250 XLT,2016,94300.0,E85 Flex Fuel,385.0HP 6.2L 8 Cylinder Engine Flex Fuel Capability,6-Speed A/T,Silver,Gray,At least 1 accident or damage reported,Yes,28999.0,10,0.30751529676249456,0,8572.727272727272,1
Tesla,Model Y Performance,2022,24115.0,Gasoline,455.0HP Electric Motor Electric Fuel System,A/T,Gray,White,None reported,Yes,46500.0,4,1.928180461104661,0,4823.0,0
BMW,528 i,2016,82000.0,Gasoline,240.0HP 2.0L 4 Cylinder Engine Gasoline Fuel,8-Speed A/T,Silver,Black,At least 1 accident or damage reported,Yes,16995.0,10,0.2072535700784137,1,7454.545454545455,1
Kia,Rio S,2021,67686.0,Gasoline,120.0HP 1.6L 4 Cylinder Engine Gasoline Fuel,A/T,Silver,Black,None reported,Yes,15700.0,5,0.23195000517085998,0,11281.0,0
Tesla,Model S 85,2014,96800.0,Gasoline,362.0HP Electric Motor Electric Fuel System,A/T,Blue,Black,None reported,Yes,28450.0,12,0.2939019225008006,0,7446.153846153846,0
Jeep,Wrangler Sport,1997,131000.0,Gasoline,181.0HP 4.0L Straight 6 Cylinder Engine Gasoline Fuel,5-Speed M/T,Green,Gray,At least 1 accident or damage reported,Yes,5500.0,29,0.041984412332730286,0,4366.666666666667,1
Tesla,Model 3 Standard Range,2020,23097.0,Gasoline,271.0HP Electric Motor Electric Fuel System,A/T,Black,Black,None reported,Yes,29900.0,6,1.294484370941207,0,3299.5714285714284,0
Ferrari,GTC4Lusso T,2018,31000.0,Gasoline,602.0HP 3.9L 8 Cylinder Engine Gasoline Fuel,A/T,White,Red,None reported,Yes,197499.0,8,6.370729976452372,0,3444.4444444444443,0
BMW,X5 M50i,2021,28898.0,Gasoline,523.0HP 4.4L 8 Cylinder Engine Gasoline Fuel,A/T,Black,Orange,None reported,Yes,71000.0,5,2.4568324163465864,1,4816.333333333333,0
Mazda,MX-5 Miata RF Club,2022,7250.0,Gasoline,181.0HP 2.0L 4 Cylinder Engine Gasoline Fuel,6-Speed M/T,Gray,Black,None reported,Yes,35619.0,4,4.912287960281341,0,1450.0,0
Ford,F-250 XLT,2014,59459.0,Diesel,400.0HP 6.7L 8 Cylinder Engine Diesel Fuel,6-Speed A/T,Black,Silver,At least 1 accident or damage reported,Yes,40999.0,12,0.6895223679784729,0,4573.7692307692305,1
Jeep,Wrangler Sahara,2012,78000.0,Gasoline,285.0HP 3.6L V6 Cylinder Engine Gasoline Fuel,5-Speed A/T,Beige,Black,At least 1 accident or damage reported,Yes,22000.0,14,0.2820476660555634,0,5200.0,1
RAM,1500 Laramie,2021,24213.0,Gasoline,395.0HP 5.7L 8 Cylinder Engine Gasoline Fuel,8-Speed A/T,White,Black,None reported,Yes,46500.0,5,1.9203766416122905,0,4035.5,0
RAM,1500 Laramie,2020,21165.0,Gasoline,5.7L V8 16V MPFI OHV,8-Speed Automatic,Bright White Clearcoat,Black,None reported,Yes,46105.0,6,2.178257582915997,0,3023.5714285714284,0
GMC,Yukon Denali,2016,107750.0,Gasoline,420.0HP 6.2L 8 Cylinder Engine Gasoline Fuel,8-Speed A/T,Black,Black,None reported,Yes,35500.0,10,0.32946329964455084,0,9795.454545454546,0
Ford,F-150 Lariat,2016,117000.0,Gasoline,365.0HP 3.5L V6 Cylinder Engine Gasoline Fuel,A/T,White,Black,None reported,Yes,26500.0,10,0.22649379065136196,0,10636.363636363636,0
Chevrolet,Corvette Base,2006,39132.0,Gasoline,400.0HP 6.0L 8 Cylinder Engine Gasoline Fuel,Transmission w/Dual Shift Mode,Red,Beige,None reported,Yes,35000.0,20,0.894385812485626,0,1863.4285714285713,0
BMW,Z4 2.5i,2004,94500.0,Gasoline,184.0HP 2.5L Straight 6 Cylinder Engine Gasoline Fuel,5-Speed M/T,Gray,Black,None reported,Yes,9000.0,22,0.09523708743822816,1,4108.695652173913,0
Subaru,Crosstrek 2.0i Premium,2017,50011.0,Gasoline,148.0HP 2.0L 4 Cylinder Engine Gasoline Fuel,A/T,Red,Beige,At least 1 accident or damage reported,Yes,21495.0,9,0.4297968487562985,0,5001.1,1
Lexus,GX 470 Base,2004,215000.0,Gasoline,235.0HP 4.7L 8 Cylinder Engine Gasoline Fuel,5-Speed A/T,White,Beige,At least 1 accident or damage reported,Yes,7350.0,22,0.034185887507499964,1,9347.826086956522,1
RAM,1500 Laramie,2022,16616.0,Gasoline,5.7L V8 16V MPFI OHV,8-Speed Automatic,Diamond Black,Black,None reported,Yes,45999.0,4,2.7681892038274056,0,3323.2,0
Ford,F-150 XLT,2022,33818.0,Gasoline,5.0L V8 32V PDI DOHC,Automatic,Agate Black Metallic,Black,None reported,Yes,46552.0,4,1.3765043318844437,0,6763.6,0
Jeep,Wagoneer Series III,2022,9099.0,Gasoline,5.7L V8 16V MPFI OHV,8-Speed Automatic,Velvet Red Pearlcoat,Global Black,None reported,Yes,68362.0,4,7.512307692307692,0,1819.8,0
Volkswagen,GTI Base,2008,95798.0,Gasoline,200.0HP 2.0L 4 Cylinder Engine Gasoline Fuel,6-Speed M/T,White,Black,None reported,Yes,9850.0,18,0.10281944487938287,0,5042.0,0
Mercedes-Benz,AMG GLE AMG GLE 63 S-Model 4MATIC,2016,35943.0,Gasoline,577.0HP 5.5L 8 Cylinder Engine Gasoline Fuel,7-Speed A/T,Black,White,None reported,Yes,51700.0,10,1.4383485421767193,1,3267.5454545454545,0
Mazda,Mazda6 iSport VE,2008,106000.0,Gasoline,156.0HP 2.3L 4 Cylinder Engine Gasoline Fuel,5-Speed A/T,Black,Beige,None reported,Yes,4300.0,18,0.04056565504099018,0,5578.9473684210525,0
Kia,Telluride EX X-Line,2023,10400.0,Gasoline,291.0HP 3.8L V6 Cylinder Engine Gasoline Fuel,8-Speed A/T,Green,Green,None reported,Yes,48000.0,3,4.61494087107009,0,2600.0,0
Chevrolet,Tahoe LT,2022,2894.0,Gasoline,355.0HP 5.3L 8 Cylinder Engine Gasoline Fuel,10-Speed A/T,Blue,Beige,None reported,Yes,63900.0,4,22.072538860103627,0,578.8,0
Dodge,Durango GT,2022,15592.0,Gasoline,3.6L V6 24V MPFI DOHC,8-Speed Automatic,DB Black Clearcoat,Black,None reported,Yes,39985.0,4,2.564291669338806,0,3118.4,0
Mercedes-Benz,AMG C 63 Base,2020,33548.0,Gasoline,469.0HP 4.0L 8 Cylinder Engine Gasoline Fuel,9-Speed A/T,Silver,Black,None reported,Yes,57999.0,6,1.7287847625860682,1,4792.571428571428,0
BMW,320 i xDrive,2016,185000.0,Gasoline,180.0HP 2.0L 4 Cylinder Engine Gasoline Fuel,8-Speed A/T,Black,Beige,At least 1 accident or damage reported,Yes,7500.0,10,0.04054032140366809,1,16818.18181818182,1
Porsche,Macan GTS,2023,6483.0,Gasoline,2.9L V6 24V GDI DOHC Twin Turbo,7-Speed Automatic with Auto-Shift,Chalk,Black,None reported,Yes,96900.0,3,14.944478716841456,1,1620.75,0
Honda,Pilot EX-L,2020,28886.0,Gasoline,3.5L V6 24V GDI SOHC,6-Speed Automatic,Gray,Gray,None reported,Yes,35645.0,6,1.233946065704296,0,4126.571428571428,0
Mercedes-Benz,GLE 350 Base,2020,26293.0,Gasoline,2.0 Liter Turbo,Automatic,designo Diamond White Bright,Macchiato/Magmagrey,None reported,Yes,49998.0,6,1.901498440708907,1,3756.1428571428573,0
Chevrolet,Camaro 2SS,2017,62000.0,Gasoline,455.0HP 6.2L 8 Cylinder Engine Gasoline Fuel,Transmission w/Dual Shift Mode,Blue,Black,None reported,Yes,34500.0,9,0.5564426380219674,0,6200.0,0
Jaguar,XF 35t Prestige,2017,101453.0,Gasoline,340.0HP 3.0L V6 Cylinder Engine Gasoline Fuel,A/T,White,Beige,At least 1 accident or damage reported,Yes,18500.0,9,0.18234865061998543,0,10145.3,1
RAM,3500 Laramie,2013,106385.0,Diesel,385.0HP 6.7L Straight 6 Cylinder Engine Diesel Fuel,6-Speed A/T,White,Black,At least 1 accident or damage reported,Yes,42900.0,13,0.40324854774124413,0,7598.928571428572,1
BMW,335 is,2012,86629.0,Gasoline,320.0HP 3.0L Straight 6 Cylinder Engine Gasoline Fuel,7-Speed A/T,White,Red,None reported,Yes,20995.0,14,0.2423525337642849,1,5775.266666666666,0
Audi,S6 4.0T Premium Plus,2018,61258.0,Gasoline,450.0HP 4.0L 8 Cylinder Engine Gasoline Fuel,7-Speed A/T,White,Black,None reported,Yes,49999.0,8,0.8161902740821757,1,6806.444444444444,0
Chrysler,300 S,2014,121500.0,Gasoline,363.0HP 5.7L 8 Cylinder Engine Gasoline Fuel,5-Speed A/T,Blue,Black,None reported,Yes,15999.0,12,0.13167792857671953,0,9346.153846153846,0
GMC,Sierra 1500 AT4,2022,100.0,Diesel,277.0HP 3.0L Straight 6 Cylinder Engine Diesel Fuel,10-Speed A/T,White,Black,None reported,Yes,62499.0,4,618.8019801980198,0,20.0,0
Chrysler,200 C,2015,170000.0,E85 Flex Fuel,295.0HP 3.6L V6 Cylinder Engine Flex Fuel Capability,9-Speed A/T,Silver,Black,At least 1 accident or damage reported,Yes,5995.0,11,0.035264498444126796,0,14166.666666666666,1
Ford,F-150 XLT SuperCab,2010,232000.0,Gasoline,292.0HP 4.6L 8 Cylinder Engine Gasoline Fuel,A/T,Blue,Gray,None reported,Yes,3000.0,16,0.012930978745781268,0,13647.058823529413,0
MINI,Cooper S Base,2006,95000.0,Gasoline,168.0HP 1.6L 4 Cylinder Engine Gasoline Fuel,6-Speed M/T,Gray,–,None reported,Yes,12500.0,20,0.13157756234144904,0,4523.809523809524,0
Toyota,Venza XLE,2013,103466.0,Gasoline,268.0HP 3.5L V6 Cylinder Engine Gasoline Fuel,A/T,White,Gray,At least 1 accident or damage reported,Yes,14200.0,13,0.13724182589617945,0,7390.428571428572,1
Toyota,Camry Hybrid Base,2011,133121.0,Hybrid,147.0HP 2.4L 4 Cylinder Engine Gas/Electric Hybrid,A/T,White,White,At least 1 accident or damage reported,Yes,7900.0,15,0.05934406033563198,0,8320.0625,1
Chevrolet,Tahoe LT,2012,162731.0,E85 Flex Fuel,320.0HP 5.3L 8 Cylinder Engine Flex Fuel Capability,A/T,Brown,Gray,None reported,Yes,14500.0,14,0.08910355676818327,0,10848.733333333334,0
Mercedes-Benz,CLS-Class CLS 63 AMG S-Model 4MATIC,2014,64500.0,Gasoline,577.0HP 5.5L 8 Cylinder Engine Gasoline Fuel,7-Speed A/T,Silver,Black,None reported,Yes,37500.0,12,0.5813863350955799,1,4961.538461538462,0
Ford,Shelby GT500 Base,2021,568.0,Gasoline,760.0HP 5.2L 8 Cylinder Engine Gasoline Fuel,7-Speed A/T,Orange,Black,None reported,Yes,90788.0,5,159.55711775043937,0,94.66666666666667,0
Lexus,RX 300 4WD,1999,249083.0,Gasoline,220.0HP 3.0L V6 Cylinder Engine Gasoline Fuel,A/T,Red,Beige,At least 1 accident or damage reported,Yes,3500.0,27,0.014051484639719935,1,8895.82142857143,1
Porsche,Macan S,2015,80300.0,Gasoline,340.0HP 3.0L V6 Cylinder Engine Gasoline Fuel,7-Speed A/T,Gray,Beige,None reported,Yes,23999.0,11,0.2988630278576855,1,6691.666666666667,0
Ford,F-150 XLT SuperCab,2004,187000.0,Gasoline,300.0HP 5.4L 8 Cylinder Engine Gasoline Fuel,A/T,Beige,Beige,None reported,Yes,6299.0,22,0.03368431184859974,0,8130.434782608696,0
Subaru,Outback 2.5 i Special Edition,2009,181870.0,Gasoline,169.0HP 2.5L 4 Cylinder Engine Gasoline Fuel,A/T,Black,Black,None reported,Yes,6500.0,17,0.03573961764107527,0,10103.888888888889,0
GMC,Sierra 2500 AT4,2022,22600.0,Diesel,6.6L V8 32V DDI OHV Turbo Diesel,Automatic,Ebony Twilight Metallic,Jet Black,None reported,Yes,76740.0,4,3.3954249811955224,0,4520.0,0
BMW,X5 xDrive40i,2020,37000.0,Gasoline,335.0HP 3.0L Straight 6 Cylinder Engine Gasoline Fuel,8-Speed A/T,Black,Black,At least 1 accident or damage reported,Yes,50000.0,6,1.351314829328937,1,5285.714285714285,1
Porsche,Taycan Base,2022,9728.0,Gasoline,375.0HP Electric Motor Electric Fuel System,A/T,White,Beige,None reported,Yes,89000.0,4,9.147908315345873,1,1945.6,0
Lexus,GX 470 Base,2006,152000.0,Gasoline,263.0HP 4.7L 8 Cylinder Engine Gasoline Fuel,A/T,Blue,Gray,At least 1 accident or damage reported,Yes,13995.0,20,0.0920717626857718,1,7238.0952380952385,1
Ford,F-150 Heritage XL SuperCab Flareside,2004,60260.0,Gasoline,380.0HP 5.4L 8 Cylinder Engine Gasoline Fuel,4-Speed A/T,Blue,Gray,At least 1 accident or damage reported,Yes,30500.0,22,0.5061316606096812,0,2620.0,1
Mazda,MazdaSpeed Miata MX-5 Base,2004,33362.0,Gasoline,178.0HP 1.8L 4 Cylinder Engine Gasoline Fuel,6-Speed M/T,Silver,Black,At least 1 accident or damage reported,Yes,17599.0,22,0.5275005245331655,0,1450.5217391304348,1
GMC,Acadia Denali,2021,47907.0,Gasoline,3.6L V6 24V GDI DOHC,9-Speed Automatic,Ebony Twilight Metallic,Jet Black,None reported,Yes,38436.0,5,0.802287718126409,0,7984.5,0
Mercedes-Benz,Metris Base,2016,17340.0,Gasoline,208.0HP 2.0L 4 Cylinder Engine Gasoline Fuel,A/T,White,Black,None reported,Yes,29000.0,10,1.6723372354535493,1,1576.3636363636363,0
Cadillac,DeVille Base,1994,85000.0,–,–,A/T,White,Blue,None reported,Yes,7900.0,32,0.09294008305784637,0,2575.757575757576,0
Ford,Expedition EL XLT,2011,195500.0,E85 Flex Fuel,310.0HP 5.4L 8 Cylinder Engine Flex Fuel Capability,6-Speed A/T,White,Beige,None reported,Yes,8999.0,15,0.046030455087186256,0,12218.75,0
Chevrolet,Monte Carlo SS,2000,74000.0,Gasoline,200.0HP 3.8L V6 Cylinder Engine Gasoline Fuel,4-Speed A/T,Red,–,None reported,Yes,4700.0,26,0.06351265523438872,0,2740.740740740741,0
RAM,1500 Big Horn,2015,140500.0,Gasoline,395.0HP 5.7L 8 Cylinder Engine Gasoline Fuel,8-Speed A/T,Red,Gray,At least 1 accident or damage reported,Yes,14000.0,11,0.09964341890805048,0,11708.333333333334,1
Jeep,Commander Base,2006,212500.0,Gasoline,210.0HP 3.7L V6 Cylinder Engine Gasoline Fuel,A/T,Black,Gray,None reported,Yes,6500.0,20,0.03058809135015835,0,10119.047619047618,0
Lexus,IS-F Base,2010,77400.0,Gasoline,416.0HP 5.0L 8 Cylinder Engine Gasoline Fuel,8-Speed A/T,White,Red,At least 1 accident or damage reported,Yes,34500.0,16,0.4457306753142724,1,4552.941176470588,1
Ford,Utility Police Interceptor Base,2017,118000.0,Gasoline,365.0HP 3.5L V6 Cylinder Engine Gasoline Fuel,6-Speed A/T,Black,Black,None reported,Yes,15000.0,9,0.12711756680028136,0,11800.0,0
Porsche,Carrera GT Base,2005,4400.0,Gasoline,605.0HP 5.7L 10 Cylinder Engine Gasoline Fuel,6-Speed M/T,Gray,Black,None reported,Yes,1599000.0,21,363.32651670074983,1,200.0,0
Cadillac,Escalade ESV Luxury,2016,146200.0,Gasoline,420.0HP 6.2L 8 Cylinder Engine Gasoline Fuel,8-Speed A/T,White,Beige,None reported,Yes,24500.0,10,0.16757751314970487,0,13290.90909090909,0
Tesla,Model Y Performance,2020,39000.0,Gasoline,455.0HP Electric Motor Electric Fuel System,1-Speed A/T,Silver,Black,None reported,Yes,43000.0,6,1.1025358324145536,0,5571.428571428572,0
Chevrolet,Avalanche 1500 LS,2005,130000.0,E85 Flex Fuel,295.0HP 5.3L 8 Cylinder Engine Flex Fuel Capability,A/T,Red,Gray,None reported,Yes,7200.0,21,0.0553841893523896,0,5909.090909090909,0
Ford,F-150 Lariat,2021,33080.0,Gasoline,325.0HP 2.7L V6 Cylinder Engine Gasoline Fuel,10-Speed A/T,White,Black,None reported,Yes,47850.0,5,1.4464496236510385,0,5513.333333333333,0
Mercedes-Benz,GLB 250 Base 4MATIC,2023,1219.0,Gasoline,2.0L I4 16V GDI DOHC Turbo,Automatic,Midnight Black,Classic Red,None reported,Yes,46479.0,3,38.09754098360656,1,304.75,0
Jeep,Wrangler Sport,2016,41000.0,Gasoline,285.0HP 3.6L V6 Cylinder Engine Gasoline Fuel,5-Speed A/T,White,Black,None reported,Yes,25000.0,10,0.6097412258237604,0,3727.2727272727275,0
Nissan,350Z Touring,2004,110897.0,Gasoline,287.0HP 3.5L V6 Cylinder Engine Gasoline Fuel,6-Speed M/T,Black,Orange,At least 1 accident or damage reported,Yes,11500.0,22,0.10369889447961189,0,4821.608695652174,1
Chevrolet,Corvette Z06,2016,49000.0,Gasoline,650.0HP 6.2L 8 Cylinder Engine Gasoline Fuel,7-Speed M/T,Orange,–,None reported,Yes,75000.0,10,1.530581008550846,0,4454.545454545455,0
Pontiac,Solstice GXP,2007,47000.0,Gasoline,260.0HP 2.0L 4 Cylinder Engine Gasoline Fuel,5-Speed M/T,Black,Black,None reported,Yes,13300.0,19,0.28297270270845304,0,2350.0,0
Hyundai,Sonata SE,2018,57690.0,Gasoline,185.0HP 2.4L 4 Cylinder Engine Gasoline Fuel,A/T,Gray,Gray,At least 1 accident or damage reported,Yes,15900.0,8,0.2756062470749337,0,6410.0,1
Mercedes-Benz,SLS AMG Base,2012,17941.0,Gasoline,6.2L V8 32V MPFI DOHC,7-Speed Automatic with Auto-Shift,Iridium Silver Metallic,Red,None reported,Yes,226000.0,14,12.596143127856426,1,1196.0666666666666,0
Lincoln,Navigator Reserve,2018,54000.0,Gasoline,450.0HP 3.5L V6 Cylinder Engine Gasoline Fuel,10-Speed A/T,Brown,Orange,At least 1 accident or damage reported,Yes,46500.0,8,0.8610951649043537,0,6000.0,1
Nissan,Maxima SL,2007,101600.0,Gasoline,255.0HP 3.5L V6 Cylinder Engine Gasoline Fuel,A/T,Silver,Black,None reported,Yes,6700.0,19,0.06594423283235401,0,5080.0,0
Ford,Ranger XLT,2021,89000.0,Gasoline,270.0HP 2.3L 4 Cylinder Engine Gasoline Fuel,10-Speed A/T,Black,Black,None reported,Yes,34000.0,5,0.3820181795710161,0,14833.333333333334,0
Tesla,Model 3 Long Range,2021,18000.0,Gasoline,Electric Motor Electric Fuel System,A/T,Black,Black,None reported,Yes,42500.0,5,2.3609799455585803,0,3000.0,0
Jaguar,XE 35t Premium,2017,55000.0,Gasoline,340.0HP 3.0L V6 Cylinder Engine Gasoline Fuel,A/T,Gray,Black,None reported,Yes,25000.0,9,0.45453719023290484,0,5500.0,0
Lincoln,MKZ Reserve,2017,71964.0,Gasoline,240.0HP 2.0L 4 Cylinder Engine Gasoline Fuel,6-Speed A/T,Blue,Black,None reported,Yes,18750.0,9,0.2605433196692837,0,7196.4,0
Cadillac,Escalade ESV Platinum,2020,92000.0,Gasoline,420.0HP 6.2L 8 Cylinder Engine Gasoline Fuel,A/T,Black,Black,None reported,Yes,50000.0,6,0.5434723535613744,0,13142.857142857143,0
Ford,Fusion SE,2012,160000.0,E85 Flex Fuel,240.0HP 3.0L V6 Cylinder Engine Flex Fuel Capability,A/T,Gray,Black,None reported,Yes,4500.0,14,0.028124824219848625,0,10666.666666666666,0
Mercedes-Benz,E-Class E 350,2012,95816.0,Gasoline,302.0HP 3.5L V6 Cylinder Engine Gasoline Fuel,7-Speed A/T,White,Beige,None reported,Yes,12000.0,14,0.12523873634115032,1,6387.733333333334,0
Jeep,Wrangler Unlimited Sport,2014,132600.0,Gasoline,285.0HP 3.6L V6 Cylinder Engine Gasoline Fuel,5-Speed A/T,White,–,At least 1 accident or damage reported,Yes,17000.0,12,0.1282041613562492,0,10200.0,1
Cadillac,DeVille Base,1994,47000.0,–,–,A/T,White,Blue,None reported,Yes,5990.0,32,0.1274440969341078,0,1424.2424242424242,0
Jeep,Wrangler Sport,2010,149460.0,Gasoline,202.0HP 3.8L V6 Cylinder Engine Gasoline Fuel,4-Speed A/T,Black,Black,None reported,Yes,10700.0,16,0.07159058215855642,0,8791.764705882353,0
Jeep,Wrangler Sport,2011,109646.0,Gasoline,3.8L V6 12V MPFI OHV,4-Speed Automatic,Mango Tango Pearlcoat,Black,None reported,Yes,16998.0,15,0.15502476127937836,0,6852.875,0
Acura,MDX 3.5L w/Technology Package,2019,90605.0,Gasoline,3.5 Liter,Automatic,White,Parchment,None reported,Yes,27698.0,7,0.3056971944462839,0,11325.625,0
Volkswagen,Jetta 1.4T S,2019,59000.0,Gasoline,147.0HP 1.4L 4 Cylinder Engine Gasoline Fuel,A/T,Gray,Black,None reported,Yes,17000.0,7,0.288130709648989,0,7375.0,0
Chevrolet,Camaro Z28,2002,48000.0,Gasoline,310.0HP 5.7L 8 Cylinder Engine Gasoline Fuel,A/T,White,Black,None reported,Yes,21999.0,24,0.45830295202183285,0,1920.0,0
Chevrolet,Corvette Z06,2016,41500.0,Gasoline,650.0HP 6.2L 8 Cylinder Engine Gasoline Fuel,7-Speed M/T,White,Black,None reported,Yes,66000.0,10,1.590323124743982,0,3772.7272727272725,0
Porsche,Cayman R,2012,54000.0,Gasoline,330.0HP 3.4L Flat 6 Cylinder Engine Gasoline Fuel,7-Speed A/T,Black,Gray,None reported,Yes,75000.0,14,1.3888631692005704,1,3600.0,0
Porsche,Cayenne Base,2018,70455.0,Gasoline,300.0HP 3.6L V6 Cylinder Engine Gasoline Fuel,8-Speed A/T,White,Black,None reported,Yes,45855.0,8,0.650831724764392,1,7828.333333333333,0
Subaru,Crosstrek 2.0i Limited,2018,84054.0,Gasoline,152.0HP 2.0L 4 Cylinder Engine Gasoline Fuel,CVT Transmission,Gray,Black,None reported,Yes,21499.0,8,0.25577300577003154,0,9339.333333333334,0
BMW,750 Li,2007,114528.0,Gasoline,360.0HP 4.8L 8 Cylinder Engine Gasoline Fuel,A/T,Black,Black,None reported,Yes,9000.0,19,0.07858271704109876,1,5726.4,0
Jeep,Wrangler Sahara,2013,111850.0,Gasoline,285.0HP 3.6L V6 Cylinder Engine Gasoline Fuel,A/T,Red,Black,At least 1 accident or damage reported,Yes,26500.0,13,0.23692233417671724,0,7989.285714285715,1
GMC,Sierra 2500 AT4,2020,52673.0,Diesel,445.0HP 6.6L 8 Cylinder Engine Diesel Fuel,6-Speed A/T,Black,Beige,None reported,Yes,69500.0,6,1.3194365341534724,0,7524.714285714285,0
BMW,X3 M AWD,2021,31500.0,Gasoline,473.0HP 3.0L Straight 6 Cylinder Engine Gasoline Fuel,8-Speed A/T,Black,Black,None reported,Yes,54500.0,5,1.7301038062283738,1,5250.0,0
BMW,335 i,2011,73000.0,Gasoline,300.0HP 3.0L Straight 6 Cylinder Engine Gasoline Fuel,Transmission w/Dual Shift Mode,Red,Beige,None reported,Yes,16000.0,15,0.21917507979342749,1,4562.5,0
Jeep,Wrangler Unlimited Sahara,2019,59692.0,Gasoline,285.0HP 3.6L V6 Cylinder Engine Gasoline Fuel,8-Speed A/T,Gray,Black,None reported,Yes,35900.0,7,0.60141055065083,0,7461.5,0
Toyota,Corolla S Plus,2016,68364.0,Gasoline,132.0HP 1.8L 4 Cylinder Engine Gasoline Fuel,Transmission w/Dual Shift Mode,White,Black,None reported,Yes,16000.0,10,0.23403788488261537,0,6214.909090909091,0
Land,Rover Discovery HSE LUXURY,2017,47200.0,Gasoline,340.0HP 3.0L V6 Cylinder Engine Gasoline Fuel,8-Speed A/T,Black,Beige,At least 1 accident or damage reported,Yes,29000.0,9,0.6143937628440076,1,4720.0,1
Mercedes-Benz,E-Class E 450 4MATIC,2021,18000.0,Hybrid,362.0HP 3.0L Straight 6 Cylinder Engine Gasoline/Mild Electric Hybrid,9-Speed A/T,Gray,Black,At least 1 accident or damage reported,Yes,62000.0,5,3.4442530970501637,1,3000.0,1
Ford,Fusion Hybrid Base,2012,158366.0,Hybrid,191.0HP 2.5L 4 Cylinder Engine Gas/Electric Hybrid,A/T,Gray,Black,At least 1 accident or damage reported,Yes,8250.0,14,0.05209418628881017,0,10557.733333333334,1
BMW,X1 xDrive 28i,2017,49700.0,Gasoline,228.0HP 2.0L 4 Cylinder Engine Gasoline Fuel,8-Speed A/T,Blue,Black,None reported,Yes,26000.0,9,0.5231283072775196,1,4970.0,0
GMC,Terrain SLE,2010,81500.0,Gasoline,182.0HP 2.4L 4 Cylinder Engine Gasoline Fuel,A/T,Brown,Gray,None reported,Yes,12250.0,16,0.15030490423430387,0,4794.117647058823,0
BMW,i3 120Ah w/Range Extender,2019,16975.0,Gasoline,170.0HP 0.65L Electric Motor Electric Fuel System,A/T,Black,Black,None reported,Yes,26990.0,7,1.5898916116870876,1,2121.875,0
Porsche,911 GT3,2018,5989.0,Gasoline,"4L H-6 gasoline direct injection, DOHC, VarioCam Plus variable v","Manual, 6-Spd",GT SILVER,BLACK,None reported,Yes,209000.0,8,34.891485809682806,1,665.4444444444445,0
Ford,Mustang SVT Cobra,2003,16100.0,Gasoline,390.0HP 4.6L 8 Cylinder Engine Gasoline Fuel,M/T,Red,Beige,None reported,Yes,35500.0,23,2.204831998012546,0,670.8333333333334,0
Land,Rover Range Rover Supercharged LWB,2020,54225.0,Gasoline,518.0HP 5.0L 8 Cylinder Engine Gasoline Fuel,A/T,White,White,None reported,Yes,67500.0,6,1.2447903219857632,1,7746.428571428572,0
RAM,2500 Big Horn,2016,89500.0,Gasoline,410.0HP 6.4L 8 Cylinder Engine Gasoline Fuel,A/T,Black,Gray,None reported,Yes,35000.0,10,0.391057083161082,0,8136.363636363636,0
Ford,E250 Cargo,2013,87501.0,E85 Flex Fuel,225.0HP 4.6L 8 Cylinder Engine Flex Fuel Capability,4-Speed A/T,White,Gray,At least 1 accident or damage reported,Yes,17777.0,13,0.2031610706041005,0,6250.071428571428,1
MINI,Countryman Cooper S ALL4,2018,12370.0,Gasoline,189.0HP 2.0L 4 Cylinder Engine Gasoline Fuel,8-Speed A/T,Blue,Black,None reported,Yes,28900.0,8,2.336108641176946,0,1374.4444444444443,0
RAM,1500 Classic Tradesman,2019,12466.0,Gasoline,395.0HP 5.7L 8 Cylinder Engine Gasoline Fuel,8-Speed A/T,Gray,Gray,None reported,Yes,28995.0,7,2.32573995347718,0,1558.25,0
Volvo,C70 T5,2011,199000.0,Gasoline,227.0HP 2.5L 5 Cylinder Engine Gasoline Fuel,Transmission w/Dual Shift Mode,Red,Beige,At least 1 accident or damage reported,Yes,5500.0,15,0.0276380520700901,0,12437.5,1
Mercedes-Benz,SL-Class SL600 Roadster,2007,78200.0,Gasoline,510.0HP 5.5L 12 Cylinder Engine Gasoline Fuel,5-Speed A/T,Black,Brown,At least 1 accident or damage reported,Yes,22999.0,19,0.29410109845142646,1,3910.0,1
Toyota,Camry Hybrid XLE,2018,22000.0,Hybrid,208.0HP 2.5L 4 Cylinder Engine Gas/Electric Hybrid,A/T,White,Beige,None reported,Yes,29500.0,8,1.3408481432662152,0,2444.4444444444443,0
GMC,Acadia SLE-2,2016,100795.0,Gasoline,3.6L V6 24V GDI DOHC,6-Speed Automatic,White Frost Tri-Coat,Ebony,At least 1 accident or damage reported,Yes,12995.0,10,0.1289237668161435,0,9163.181818181818,1
Chevrolet,Impala 1LT,2019,99941.0,Gasoline,3.6L V6 24V GDI DOHC,6-Speed Automatic,Silver Ice Metallic,Jet Black,None reported,Yes,17816.0,7,0.17826339276780534,0,12492.625,0
Jeep,Grand Cherokee L Laredo,2021,23588.0,Gasoline,3.6L V6 24V MPFI DOHC,8-Speed Automatic,Metallic,Global Black,None reported,Yes,38633.0,5,1.6377548857518336,0,3931.3333333333335,0
Jeep,Liberty Sport,2003,103000.0,Gasoline,210.0HP 3.7L V6 Cylinder Engine Gasoline Fuel,A/T,Black,Gray,None reported,Yes,5200.0,23,0.05048494674808982,0,4291.666666666667,0
Jaguar,XF Luxury,2009,91491.0,Gasoline,300.0HP 4.2L 8 Cylinder Engine Gasoline Fuel,6-Speed A/T,Blue,Beige,None reported,Yes,7000.0,17,0.07650942158877279,0,5082.833333333333,0
Honda,Civic Sport,2020,23131.0,Gasoline,2.0L I4 16V MPFI DOHC,Automatic CVT,Crystal Black Pearl,Black,At least 1 accident or damage reported,Yes,23739.0,6,1.026240705516168,0,3304.4285714285716,1
Subaru,Outback 2.5i Premium,2019,77000.0,Gasoline,175.0HP 2.5L 4 Cylinder Engine Gasoline Fuel,CVT Transmission,Gray,Gray,At least 1 accident or damage reported,Yes,18749.0,7,0.2434903442812431,0,9625.0,1
Land,Rover Range Rover Sport HSE Dynamic,2019,20500.0,Gasoline,380.0HP 3.0L V6 Cylinder Engine Gasoline Fuel,A/T,White,White,None reported,Yes,76000.0,7,3.7071362372567194,1,2562.5,0
Tesla,Model Y Long Range,2022,500.0,Gasoline,425.0HP Electric Motor Electric Fuel System,A/T,White,Black,None reported,Yes,45900.0,4,91.61676646706587,0,100.0,0
Lexus,ES 350 Base,2019,49810.0,Gasoline,302.0HP 3.5L V6 Cylinder Engine Gasoline Fuel,8-Speed A/T,Gray,Black,At least 1 accident or damage reported,Yes,33900.0,7,0.6805725642930276,1,6226.25,1
Honda,CR-V Touring,2022,20229.0,Gasoline,1.5L I4 16V GDI DOHC Turbo,Automatic CVT,Black,Black,None reported,Yes,36727.0,4,1.8154720711814138,0,4045.8,0
Alfa,Romeo Giulia Quadrifoglio,2021,10558.0,Gasoline,505.0HP 2.9L V6 Cylinder Engine Gasoline Fuel,8-Speed A/T,White,Black,None reported,Yes,75000.0,5,7.102945354673738,0,1759.6666666666667,0
BMW,330 i,2005,59300.0,Gasoline,225.0HP 3.0L Straight 6 Cylinder Engine Gasoline Fuel,M/T,Red,Black,None reported,Yes,30900.0,21,0.5210704709869985,1,2695.4545454545455,0
Maybach,Type 57 Base,2004,34254.0,Gasoline,543.0HP 5.5L 12 Cylinder Engine Gasoline Fuel,5-Speed A/T,Brown,–,None reported,Yes,64250.0,22,1.875638592906145,0,1489.304347826087,0
Lexus,ES 250 Base,2021,24364.0,Gasoline,2.5 Liter,Automatic,Eminent White Pearl,Chateau,None reported,Yes,37998.0,5,1.5595321157397908,1,4060.6666666666665,0
Mercedes-Benz,Sprinter 2500,2016,139200.0,Diesel,161.0HP 2.1L 4 Cylinder Engine Diesel Fuel,A/T,White,Black,At least 1 accident or damage reported,Yes,22000.0,10,0.15804484163188484,1,12654.545454545454,1
Mercedes-Benz,E-Class E 350,2012,82046.0,Gasoline,302.0HP 3.5L V6 Cylinder Engine Gasoline Fuel,7-Speed A/T,Black,Beige,None reported,Yes,13999.0,14,0.1706217168208466,1,5469.733333333334,0
Dodge,Dakota Sport,1997,285000.0,Gasoline,230.0HP 5.2L 8 Cylinder Engine Gasoline Fuel,4-Speed A/T,White,Gray,None reported,Yes,6399.0,29,0.022452552798060358,0,9500.0,0
RAM,1500 Tradesman/Express,2017,26269.0,E85 Flex Fuel,3.6L V6 24V MPFI DOHC Flexible Fuel,8-Speed Automatic,Bright White Clearcoat,Black,At least 1 accident or damage reported,Yes,25307.0,9,0.9633422154548915,0,2626.9,1
Mazda,CX-9 Touring,2016,127131.0,Gasoline,227.0HP 2.5L 4 Cylinder Engine Gasoline Fuel,A/T,Brown,–,At least 1 accident or damage reported,Yes,16770.0,10,0.1319101406412233,0,11557.363636363636,1
Porsche,911 Turbo S,2019,31000.0,Gasoline,580.0HP 3.8L Flat 6 Cylinder Engine Gasoline Fuel,Transmission w/Dual Shift Mode,White,Black,None reported,Yes,179900.0,7,5.803038611657689,1,3875.0,0
BMW,X3 xDrive30i,2021,27000.0,Gasoline,248.0HP 2.0L 4 Cylinder Engine Gasoline Fuel,8-Speed A/T,Black,Brown,None reported,Yes,38400.0,5,1.4221695492759527,1,4500.0,0
Jeep,Grand Cherokee Limited,2015,93400.0,E85 Flex Fuel,290.0HP 3.6L V6 Cylinder Engine Flex Fuel Capability,A/T,White,Black,None reported,Yes,18900.0,11,0.20235329386195008,0,7783.333333333333,0
BMW,X7 xDrive40i,2021,9200.0,Hybrid,335.0HP 3.0L Straight 6 Cylinder Engine Gasoline/Mild Electric Hybrid,8-Speed A/T,White,Brown,At least 1 accident or damage reported,Yes,71200.0,5,7.738289316378655,1,1533.3333333333333,1
Mercedes-Benz,SL-Class SL 550,2014,76850.0,Gasoline,429.0HP 4.7L 8 Cylinder Engine Gasoline Fuel,7-Speed A/T,Brown,Beige,At least 1 accident or damage reported,Yes,32999.0,12,0.42938933780952754,1,5911.538461538462,1
Bentley,Continental GT W12,2016,61160.0,Gasoline,582.0HP 6.0L 12 Cylinder Engine Gasoline Fuel,A/T,Black,Black,At least 1 accident or damage reported,Yes,98000.0,10,1.6023282810941613,1,5560.0,1
Jeep,Wrangler Unlimited,2005,146000.0,Gasoline,190.0HP 4.0L Straight 6 Cylinder Engine Gasoline Fuel,A/T,Red,Black,At least 1 accident or damage reported,Yes,15900.0,21,0.10890336367559127,0,6636.363636363636,1
Tesla,Model S 100D,2017,38957.0,Gasoline,Electric Motor Electric Fuel System,1-Speed A/T,Silver,Beige,None reported,Yes,46750.0,9,1.200010267467529,0,3895.7,0
Volkswagen,Golf SportWagen TSI SE,2017,33850.0,Gasoline,170.0HP 1.8L 4 Cylinder Engine Gasoline Fuel,6-Speed A/T,Blue,Beige,None reported,Yes,16500.0,9,0.4874302088564592,0,3385.0,0
Jeep,Wrangler Unlimited Sahara,2020,61830.0,Gasoline,2.0L I4 16V GDI DOHC Turbo,8-Speed Automatic,Granite Crystal Clearcoat Metallic,Black,At least 1 accident or damage reported,Yes,39860.0,6,0.6446604454076434,0,8832.857142857143,1
Kia,Sorento SXL,2017,108559.0,Gasoline,3.3L V6 24V GDI DOHC,6-Speed Automatic,Titanium Silver,Satin Black,None reported,Yes,15998.0,9,0.14736551215917465,0,10855.9,0
Lexus,LS 430 Base,2006,192000.0,Gasoline,278.0HP 4.3L 8 Cylinder Engine Gasoline Fuel,6-Speed A/T,Silver,Gray,At least 1 accident or damage reported,Yes,7390.0,20,0.038489382867797566,1,9142.857142857143,1
Mercedes-Benz,E-Class E 350 4MATIC,2014,83112.0,Gasoline,302.0HP 3.5L V6 Cylinder Engine Gasoline Fuel,7-Speed A/T,Black,Black,None reported,Yes,15500.0,12,0.1864930877239421,1,6393.2307692307695,0
Tesla,Model X 75D,2016,52000.0,Gasoline,518.0HP Electric Motor Electric Fuel System,A/T,Black,Beige,None reported,Yes,52000.0,10,0.9999807696005846,0,4727.272727272727,0
RAM,1500 Rebel,2020,57300.0,Gasoline,395.0HP 5.7L 8 Cylinder Engine Gasoline Fuel,8-Speed A/T,Black,Black,None reported,Yes,43500.0,6,0.7591490549903143,0,8185.714285714285,0
MINI,Cooper Base,2008,104500.0,Gasoline,118.0HP 1.6L 4 Cylinder Engine Gasoline Fuel,6-Speed A/T,Red,Black,At least 1 accident or damage reported,Yes,4100.0,18,0.039234074315078325,0,5500.0,1
Jeep,Cherokee Sport,1996,170552.0,Gasoline,190.0HP 4.0L Straight 6 Cylinder Engine Gasoline Fuel,4-Speed A/T,Black,Gray,At least 1 accident or damage reported,Yes,6500.0,30,0.03811132023476573,0,5501.677419354839,1
Ford,Mustang GT Premium,2013,18000.0,Gasoline,412.0HP 5.0L 8 Cylinder Engine Gasoline Fuel,6-Speed A/T,Silver,Black,None reported,Yes,29000.0,13,1.6110216099105605,0,1285.7142857142858,0
Lincoln,Navigator Reserve,2019,39000.0,Gasoline,450.0HP 3.5L V6 Cylinder Engine Gasoline Fuel,10-Speed A/T,Black,Black,None reported,Yes,51999.0,7,1.3332735058075433,0,4875.0,0
Jeep,Gladiator Rubicon,2020,38000.0,Gasoline,285.0HP 3.6L V6 Cylinder Engine Gasoline Fuel,8-Speed A/T,Black,Black,None reported,Yes,45000.0,6,1.1841793637009552,0,5428.571428571428,0
Porsche,Cayman GT4,2016,15168.0,Gasoline,385.0HP 3.8L Flat 6 Cylinder Engine Gasoline Fuel,6-Speed M/T,White,Black,None reported,Yes,115000.0,10,7.581251236073571,1,1378.909090909091,0
Honda,Civic EX,2012,167506.0,Gasoline,140.0HP 1.8L 4 Cylinder Engine Gasoline Fuel,A/T,Black,–,None reported,Yes,6500.0,14,0.038804348474989106,0,11167.066666666668,0
Jeep,Grand Cherokee Laredo,2012,166000.0,E85 Flex Fuel,290.0HP 3.6L V6 Cylinder Engine Flex Fuel Capability,A/T,White,Gray,At least 1 accident or damage reported,Yes,13000.0,14,0.07831278124830574,0,11066.666666666666,1
Ford,Shelby GT500 Base,2021,19200.0,Gasoline,760.0HP 5.2L 8 Cylinder Engine Gasoline Fuel,Transmission w/Dual Shift Mode,Black,Black,None reported,Yes,82950.0,5,4.320087495442945,0,3200.0,0
Land,Rover Defender SE,2022,46000.0,Hybrid,395.0HP 3.0L Straight 6 Cylinder Engine Gasoline/Mild Electric Hybrid,8-Speed A/T,Green,Beige,None reported,Yes,75000.0,4,1.6303993391448013,1,9200.0,0
Hummer,H3 Base,2007,201000.0,Gasoline,242.0HP 3.7L 5 Cylinder Engine Gasoline Fuel,A/T,White,Black,At least 1 accident or damage reported,Yes,7200.0,19,0.03582071730986413,0,10050.0,1
Kia,Sportage LX,2014,87000.0,Gasoline,182.0HP 2.4L 4 Cylinder Engine Gasoline Fuel,A/T,Black,Black,At least 1 accident or damage reported,Yes,8900.0,12,0.1022976747393708,0,6692.307692307692,1
GMC,Yukon XL 1500 SLT,2015,145000.0,Gasoline,355.0HP 5.3L 8 Cylinder Engine Gasoline Fuel,6-Speed A/T,White,Beige,None reported,Yes,24950.0,11,0.17206777884290453,0,12083.333333333334,0
Jeep,Wrangler Unlimited Sport,2020,33060.0,Gasoline,285.0HP 3.6L V6 Cylinder Engine Gasoline Fuel,8-Speed A/T,White,Black,None reported,Yes,36500.0,6,1.1040198421100391,0,4722.857142857143,0
Ford,Bronco XLT,1995,195000.0,–,–,A/T,Blue,Gray,None reported,Yes,15000.0,31,0.07692268244778232,0,6093.75,0
Tesla,Model S Long Range Plus,2021,10550.0,Gasoline,557.0HP Electric Motor Electric Fuel System,A/T,Gray,Black,None reported,Yes,67800.0,5,6.42593119135627,0,1758.3333333333333,0
Audi,A6 3.0T Prestige,2014,89500.0,Gasoline,310.0HP 3.0L V6 Cylinder Engine Gasoline Fuel,Transmission w/Dual Shift Mode,Gray,Black,None reported,Yes,18000.0,12,0.20111507133998502,1,6884.615384615385,0
Jeep,Wrangler 80th Anniversary,2021,27000.0,Hybrid,285.0HP 3.6L V6 Cylinder Engine Gasoline/Mild Electric Hybrid,8-Speed A/T,Red,Black,None reported,Yes,37500.0,5,1.3888374504647976,0,4500.0,0
Jeep,Wrangler Sport,2010,87250.0,Gasoline,202.0HP 3.8L V6 Cylinder Engine Gasoline Fuel,6-Speed M/T,Blue,Black,None reported,Yes,18500.0,16,0.21203195378849526,0,5132.35294117647,0
Volkswagen,CC 2.0T Sport,2016,76495.0,Gasoline,200.0HP 2.0L 4 Cylinder Engine Gasoline Fuel,A/T,White,Black,At least 1 accident or damage reported,Yes,13000.0,10,0.16994352645889982,0,6954.090909090909,1
Cadillac,SRX Luxury Collection,2016,70503.0,Gasoline,308.0HP 3.6L V6 Cylinder Engine Gasoline Fuel,6-Speed A/T,Silver,Beige,None reported,Yes,15500.0,10,0.21984568251446726,0,6409.363636363636,0
Porsche,Cayenne Turbo,2009,41965.0,Gasoline,500.0HP 4.8L 8 Cylinder Engine Gasoline Fuel,Transmission w/Dual Shift Mode,Black,Beige,At least 1 accident or damage reported,Yes,35000.0,17,0.8340084830577134,1,2331.3888888888887,1
Toyota,4Runner 4WD,1999,267000.0,Gasoline,150.0HP 2.7L 4 Cylinder Engine Gasoline Fuel,5-Speed M/T,Silver,Beige,At least 1 accident or damage reported,Yes,8000.0,27,0.02996243459762323,0,9535.714285714286,1
Mitsubishi,Eclipse GT,2003,146000.0,Gasoline,200.0HP 3.0L V6 Cylinder Engine Gasoline Fuel,4-Speed A/T,Gray,Black,At least 1 accident or damage reported,Yes,4200.0,23,0.028766926253929768,0,6083.333333333333,1
Chevrolet,Corvette Stingray w/1LT,2023,9000.0,Gasoline,490.0HP 6.2L 8 Cylinder Engine Gasoline Fuel,8-Speed A/T,White,White,None reported,Yes,82500.0,3,9.1656482613043,0,2250.0,0
Toyota,GR86 Premium,2022,1050.0,Gasoline,228.0HP 2.4L 4 Cylinder Engine Gasoline Fuel,6-Speed A/T,Gray,Black,None reported,Yes,40000.0,4,38.05899143672693,0,210.0,0
Land,Rover Range Rover P525 Westminster,2021,22270.0,Gasoline,5.0L V8 32V GDI DOHC Supercharged,8-Speed Automatic,Gray,Ebony,None reported,Yes,89900.0,5,4.036639576130394,1,3711.6666666666665,0
Ford,Mustang GT Premium,2012,19900.0,Gasoline,412.0HP 5.0L 8 Cylinder Engine Gasoline Fuel,6-Speed A/T,White,Black,None reported,Yes,26500.0,14,1.3315913773177228,0,1326.6666666666667,0
Tesla,Model Y Long Range,2020,19800.0,Gasoline,425.0HP Electric Motor Electric Fuel System,1-Speed A/T,White,White,None reported,Yes,44990.0,6,2.272107469319731,0,2828.5714285714284,0
RAM,1500 Sport,2012,113500.0,Gasoline,390.0HP 5.7L 8 Cylinder Engine Gasoline Fuel,A/T,Black,Black,None reported,Yes,17900.0,14,0.15770786160474357,0,7566.666666666667,0
Lamborghini,Gallardo LP550-2,2013,22000.0,Gasoline,550.0HP 5.2L 10 Cylinder Engine Gasoline Fuel,6-Speed A/T,Black,Black,None reported,Yes,150000.0,13,6.817871914912958,0,1571.4285714285713,0
INFINITI,Q60 3.0t Red Sport 400,2022,3300.0,Gasoline,400.0HP 3.0L V6 Cylinder Engine Gasoline Fuel,Transmission w/Dual Shift Mode,Red,Black,None reported,Yes,54000.0,4,16.35867918812481,0,660.0,0
Volkswagen,e-Golf SE,2016,41615.0,Gasoline,115.0HP Electric Motor Electric Fuel System,1-Speed A/T,Blue,Gray,None reported,Yes,12000.0,10,0.28835063437139563,0,3783.181818181818,0
Tesla,Model X Long Range,2022,11860.0,Gasoline,670.0HP Electric Motor Electric Fuel System,A/T,White,White,None reported,Yes,92500.0,4,7.798667903212208,0,2372.0,0
BMW,M5 Base,2015,27000.0,Gasoline,560.0HP 4.4L 8 Cylinder Engine Gasoline Fuel,7-Speed A/T,Black,Black,None reported,Yes,52500.0,11,1.9443724306507166,1,2250.0,0
Kia,K5 GT-Line,2022,22101.0,Gasoline,1.6L I4 16V GDI DOHC Turbo,8-Speed Automatic,Glacial White Pearl,Black,At least 1 accident or damage reported,Yes,29430.0,4,1.3315537055470092,0,4420.2,1
Chevrolet,Caprice Classic Base,1996,60000.0,Gasoline,260.0HP 5.7L 8 Cylinder Engine Gasoline Fuel,A/T,Purple,Gray,None reported,Yes,18500.0,30,0.30832819453009114,0,1935.483870967742,0
Subaru,BRZ Limited,2013,46452.0,Gasoline,200.0HP 2.0L 4 Cylinder Engine Gasoline Fuel,6-Speed M/T,Gray,Black,None reported,Yes,22888.0,13,0.4927130648182034,0,3318.0,0
Lincoln,MKZ Reserve I,2019,36000.0,Gasoline,245.0HP 2.0L 4 Cylinder Engine Gasoline Fuel,6-Speed A/T,White,Beige,None reported,Yes,26500.0,7,0.7360906641482181,0,4500.0,0
Chevrolet,Corvette Grand Sport,2019,13100.0,Gasoline,460.0HP 6.2L 8 Cylinder Engine Gasoline Fuel,7-Speed M/T,Silver,Red,None reported,Yes,61950.0,7,4.728646668193267,0,1637.5,0
Audi,Q5 2.0T Premium Plus,2019,50000.0,Gasoline,248.0HP 2.0L 4 Cylinder Engine Gasoline Fuel,7-Speed A/T,White,Beige,At least 1 accident or damage reported,Yes,27000.0,7,0.5399892002159957,1,6250.0,1
Mazda,CX-9 Signature,2018,19500.0,Gasoline,227.0HP 2.5L 4 Cylinder Engine Gasoline Fuel,Transmission w/Dual Shift Mode,White,Brown,None reported,Yes,32250.0,8,1.653761345572022,0,2166.6666666666665,0
Ford,Mustang GT,2016,36000.0,Gasoline,435.0HP 5.0L 8 Cylinder Engine Gasoline Fuel,6-Speed M/T,Orange,Black,At least 1 accident or damage reported,Yes,31000.0,10,0.8610871920224438,0,3272.7272727272725,1
Rolls-Royce,Wraith Base,2016,21000.0,Gasoline,624.0HP 6.6L 12 Cylinder Engine Gasoline Fuel,A/T,Brown,Black,None reported,Yes,217000.0,10,10.332841293271748,0,1909.090909090909,0
Chevrolet,Camaro 1SS,2022,6640.0,Gasoline,455.0HP 6.2L 8 Cylinder Engine Gasoline Fuel,A/T,Orange,Black,None reported,Yes,51999.0,4,7.829995482608041,0,1328.0,0
BMW,X5 xDrive35i,2016,74850.0,Gasoline,300.0HP 3.0L Straight 6 Cylinder Engine Gasoline Fuel,A/T,White,Brown,At least 1 accident or damage reported,Yes,21900.0,10,0.29258126143939295,1,6804.545454545455,1
Nissan,Maxima SV,2014,117000.0,Gasoline,290.0HP 3.5L V6 Cylinder Engine Gasoline Fuel,Transmission w/Dual Shift Mode,White,Black,At least 1 accident or damage reported,Yes,10900.0,12,0.09316159690942813,0,9000.0,1
Toyota,Tundra TRD Pro,2016,51400.0,E85 Flex Fuel,381.0HP 5.7L 8 Cylinder Engine Flex Fuel Capability,6-Speed A/T,Black,Black,None reported,Yes,39900.0,10,0.7762494893095465,0,4672.727272727273,0
INFINITI,QX60 AUTOGRAPH,2022,6000.0,Gasoline,295.0HP 3.5L V6 Cylinder Engine Gasoline Fuel,9-Speed A/T,Gold,Brown,None reported,Yes,57999.0,4,9.664889185135811,0,1200.0,0
Mitsubishi,Lancer Evolution MR,2006,128000.0,Gasoline,286.0HP 2.0L 4 Cylinder Engine Gasoline Fuel,6-Speed M/T,Silver,Black,None reported,Yes,37999.0,20,0.29686486824321684,0,6095.238095238095,0
BMW,X3 xDrive30i,2021,15000.0,Gasoline,248.0HP 2.0L 4 Cylinder Engine Gasoline Fuel,Transmission w/Dual Shift Mode,White,Brown,None reported,Yes,39995.0,5,2.6661555896273583,1,2500.0,0
Toyota,Tundra SR5,2016,119000.0,Gasoline,381.0HP 5.7L 8 Cylinder Engine Gasoline Fuel,6-Speed A/T,Red,Black,None reported,Yes,29950.0,10,0.2516785573230477,0,10818.181818181818,0
Lincoln,Mark LT Base,2006,87500.0,Gasoline,300.0HP 5.4L 8 Cylinder Engine Gasoline Fuel,A/T,Silver,Black,At least 1 accident or damage reported,Yes,12999.0,20,0.1485583021908321,0,4166.666666666667,1
Ford,Flex SEL,2011,149000.0,Gasoline,262.0HP 3.5L V6 Cylinder Engine Gasoline Fuel,6-Speed A/T,Black,Beige,None reported,Yes,7999.0,15,0.05368420346172173,0,9312.5,0
Audi,Q5 2.0T Premium Plus,2015,54700.0,E85 Flex Fuel,220.0HP 2.0L 4 Cylinder Engine Flex Fuel Capability,8-Speed A/T,Gray,Brown,At least 1 accident or damage reported,Yes,20995.0,11,0.38381382424452937,1,4558.333333333333,1
Ford,F-150 XL,2021,45979.0,Gasoline,3.5L V6 24V PDI DOHC Twin Turbo,10-Speed Automatic,Agate Black Metallic,Black,None reported,Yes,38532.0,5,0.8380165289256198,0,7663.166666666667,0
Lincoln,Continental Reserve,2017,56846.0,Gasoline,335.0HP 2.7L V6 Cylinder Engine Gasoline Fuel,Transmission w/Dual Shift Mode,White,Beige,None reported,Yes,29000.0,9,0.5101412563547768,0,5684.6,0
Tesla,Model X 75D,2017,94100.0,Gasoline,518.0HP Electric Motor Electric Fuel System,A/T,Black,Orange,At least 1 accident or damage reported,Yes,49900.0,9,0.5302812935037885,0,9410.0,1
Jeep,Grand Cherokee Limited,2017,80150.0,Gasoline,293.0HP 3.6L V6 Cylinder Engine Gasoline Fuel,8-Speed A/T,Blue,Black,At least 1 accident or damage reported,Yes,22500.0,9,0.2807201407343639,0,8015.0,1
GMC,Terrain SLT-1,2013,11563.0,Gasoline,182.0HP 2.4L 4 Cylinder Engine Gasoline Fuel,A/T,Blue,Black,At least 1 accident or damage reported,Yes,12300.0,13,1.0636457973019717,0,825.9285714285714,1
Tesla,Model X Long Range,2022,7500.0,Gasoline,670.0HP Electric Motor Electric Fuel System,A/T,Silver,Black,None reported,Yes,84000.0,4,11.198506865751233,0,1500.0,0
Mercedes-Benz,AMG E 53 Base 4MATIC,2021,15615.0,Hybrid,429.0HP 3.0L Straight 6 Cylinder Engine Gasoline/Mild Electric Hybrid,9-Speed A/T,Gray,Black,None reported,Yes,78000.0,5,4.994877049180328,1,2602.5,0
Subaru,Impreza WRX Base,2013,113000.0,Gasoline,265.0HP 2.5L 4 Cylinder Engine Gasoline Fuel,5-Speed M/T,Blue,Black,At least 1 accident or damage reported,Yes,16000.0,13,0.14159166733037762,0,8071.428571428572,1
Kia,Optima S,2018,74000.0,Gasoline,185.0HP 2.4L 4 Cylinder Engine Gasoline Fuel,6-Speed A/T,White,Black,None reported,Yes,15000.0,8,0.20269996351400657,0,8222.222222222223,0
Mercedes-Benz,M-Class ML 350,2011,99200.0,Gasoline,268.0HP 3.5L V6 Cylinder Engine Gasoline Fuel,A/T,Black,Black,None reported,Yes,11900.0,15,0.11995846816060322,1,6200.0,0
Volkswagen,Beetle 2.0T S,2018,36824.0,Gasoline,174.0HP 2.0L 4 Cylinder Engine Gasoline Fuel,6-Speed A/T,Red,Red,None reported,Yes,23999.0,8,0.651704005431093,0,4091.5555555555557,0
Acura,RSX Base,2005,186040.0,Gasoline,160.0HP 2.0L 4 Cylinder Engine Gasoline Fuel,A/T,Gray,Beige,At least 1 accident or damage reported,Yes,6700.0,21,0.036013566901919467,0,8456.363636363636,1
GMC,Acadia SLE,2020,58000.0,Gasoline,310.0HP 3.6L V6 Cylinder Engine Gasoline Fuel,9-Speed A/T,Black,Black,None reported,Yes,27700.0,6,0.4775779727935725,0,8285.714285714286,0
Ford,F-150 Lariat,2020,31250.0,Gasoline,325.0HP 2.7L V6 Cylinder Engine Gasoline Fuel,A/T,Blue,Gray,None reported,Yes,42500.0,6,1.3599564813925955,0,4464.285714285715,0
Jeep,Gladiator Overland,2020,43000.0,Gasoline,285.0HP 3.6L V6 Cylinder Engine Gasoline Fuel,A/T,White,Beige,None reported,Yes,46500.0,6,1.081370200693007,0,6142.857142857143,0
Toyota,Tacoma TRD Sport,2020,41199.0,Gasoline,3.5 Liter,6 Speed Mt,Black,Black/Gun Metal,None reported,Yes,41598.0,6,1.0096601941747574,0,5885.571428571428,0
Kia,EV6 GT-Line,2022,22000.0,Gasoline,320.0HP Electric Motor Electric Fuel System,1-Speed A/T,Gray,Black,None reported,Yes,45000.0,4,2.0453615744738873,0,4400.0,0
Genesis,GV70 3.5T Sport,2022,12900.0,Gasoline,375.0HP 3.5L V6 Cylinder Engine Gasoline Fuel,8-Speed A/T,Gray,White,None reported,Yes,53000.0,4,4.108208665994884,0,2580.0,0
Ford,Explorer ST,2022,10500.0,Gasoline,400.0HP 3.0L V6 Cylinder Engine Gasoline Fuel,Transmission w/Dual Shift Mode,Black,Black,None reported,Yes,50000.0,4,4.7614512903533,0,2100.0,0
MINI,Countryman Cooper,2020,74725.0,Gasoline,1.5L I3 12V GDI DOHC Turbo,7-Speed Automatic with Auto-Shift,Black,Black,None reported,Yes,21612.0,6,0.28921660466236654,0,10675.0,0
Mazda,CX-5 Grand Touring,2021,61117.0,Gasoline,2.5L I4 16V GDI DOHC,6-Speed Automatic,Sonic Silver Metallic,Black,None reported,Yes,26485.0,5,0.4333420596223698,0,10186.166666666666,0
BMW,325 i,2003,142000.0,Gasoline,184.0HP 2.5L Straight 6 Cylinder Engine Gasoline Fuel,5-Speed M/T,Silver,Black,At least 1 accident or damage reported,Yes,4800.0,23,0.03380257885507849,1,5916.666666666667,1
Ford,Mustang EcoBoost Premium,2019,31000.0,–,–,6-Speed M/T,Gray,Black,None reported,Yes,34700.0,7,1.1193187316538176,0,3875.0,0
Toyota,Yaris L,2012,129355.0,Gasoline,106.0HP 1.5L 4 Cylinder Engine Gasoline Fuel,4-Speed A/T,Black,Gray,At least 1 accident or damage reported,Yes,7950.0,14,0.06145830112248369,0,8623.666666666666,1
Chevrolet,Express 1500 Base,2010,204000.0,E85 Flex Fuel,310.0HP 5.3L 8 Cylinder Engine Flex Fuel Capability,4-Speed A/T,White,Gray,At least 1 accident or damage reported,Yes,4900.0,16,0.024019490100538724,0,12000.0,1
Lincoln,Navigator L Select,2016,115600.0,Gasoline,380.0HP 3.5L V6 Cylinder Engine Gasoline Fuel,6-Speed A/T,Black,Black,None reported,Yes,22500.0,10,0.19463499450696795,0,10509.09090909091,0
Jeep,Wrangler Sahara Altitude,2023,1563.0,Hybrid,285.0HP 3.6L V6 Cylinder Engine Gasoline/Mild Electric Hybrid,A/T,Gray,Black,None reported,Yes,62500.0,3,39.9616368286445,0,390.75,0
Bentley,Continental GT Base,2007,72166.0,Gasoline,552.0HP 6.0L 12 Cylinder Engine Gasoline Fuel,A/T,Black,Black,At least 1 accident or damage reported,Yes,35995.0,19,0.4987736777197334,1,3608.3,1
Lexus,RX 350 F Sport,2018,26100.0,Gasoline,295.0HP 3.5L V6 Cylinder Engine Gasoline Fuel,8-Speed A/T,Gray,Red,None reported,Yes,37899.0,8,1.4520133328224971,1,2900.0,0
BMW,430 i,2017,58880.0,Gasoline,248.0HP 2.0L 4 Cylinder Engine Gasoline Fuel,8-Speed A/T,White,Brown,None reported,Yes,21000.0,9,0.35665155143424876,1,5888.0,0
Cadillac,Escalade Sport Platinum,2021,26000.0,Gasoline,420.0HP 6.2L 8 Cylinder Engine Gasoline Fuel,10-Speed A/T,Black,Black,None reported,Yes,104000.0,5,3.999846159763086,0,4333.333333333333,0
Honda,Civic EX,2008,190640.0,Gasoline,140.0HP 1.8L 4 Cylinder Engine Gasoline Fuel,5-Speed M/T,Silver,Silver,At least 1 accident or damage reported,Yes,5500.0,18,0.02885003750504876,0,10033.684210526315,1
Porsche,Cayenne AWD,2020,37500.0,Gasoline,335.0HP 3.0L V6 Cylinder Engine Gasoline Fuel,8-Speed A/T,White,Black,None reported,Yes,59900.0,6,1.597290738913629,1,5357.142857142857,0
Ford,Mustang Mach-E GT,2022,13856.0,Gasoline,480.0HP Electric Motor Electric Fuel System,1-Speed A/T,White,Black,None reported,Yes,54000.0,4,3.896947391210219,0,2771.2,0
Cadillac,ATS 2.5L Luxury,2013,225000.0,Gasoline,202.0HP 2.5L 4 Cylinder Engine Gasoline Fuel,6-Speed A/T,Blue,Black,None reported,Yes,13600.0,13,0.0604441758036631,0,16071.42857142857,0
Lexus,LS 460 Base,2014,123256.0,Gasoline,386.0HP 4.6L 8 Cylinder Engine Gasoline Fuel,8-Speed A/T,White,Beige,None reported,Yes,24995.0,12,0.2027876712884461,1,9481.23076923077,0
Cadillac,Escalade Premium Luxury,2021,11459.0,Gasoline,420.0HP 6.2L 8 Cylinder Engine Gasoline Fuel,10-Speed A/T,White,Brown,None reported,Yes,88900.0,5,7.7574171029668415,0,1909.8333333333333,0
Mercedes-Benz,C-Class C 300 4MATIC Sport,2016,67289.0,Gasoline,241.0HP 2.0L 4 Cylinder Engine Gasoline Fuel,7-Speed A/T,White,Gray,None reported,Yes,20490.0,10,0.30450289790459206,1,6117.181818181818,0
Hyundai,Veloster Base,2013,56837.0,Gasoline,132.0HP 1.6L 4 Cylinder Engine Gasoline Fuel,Transmission w/Dual Shift Mode,Silver,Black,At least 1 accident or damage reported,Yes,10500.0,13,0.18473556423519477,0,4059.785714285714,1
Chevrolet,Corvette Base,2002,44168.0,Gasoline,350.0HP 5.7L 8 Cylinder Engine Gasoline Fuel,4-Speed A/T,Orange,Black,None reported,Yes,30000.0,24,0.6792094002580996,0,1766.72,0
Mercedes-Benz,C-Class C 300 4MATIC,2019,59766.0,Gasoline,2.0L I4 16V GDI DOHC Turbo,9-Speed Automatic,Lunar Blue Metallic,Macchiato,None reported,Yes,26900.0,7,0.4500811484598524,1,7470.75,0
Kia,Stinger GT,2018,56300.0,Gasoline,365.0HP 3.3L V6 Cylinder Engine Gasoline Fuel,A/T,Silver,Black,None reported,Yes,29950.0,8,0.5319621321113301,0,6255.555555555556,0
Volvo,S60 R,2004,167000.0,Gasoline,300.0HP 2.5L 5 Cylinder Engine Gasoline Fuel,6-Speed M/T,Black,Beige,None reported,Yes,8000.0,22,0.04790390476703732,0,7260.869565217391,0
Chevrolet,Silverado 2500 LT,2015,122770.0,E85 Flex Fuel,360.0HP 6.0L 8 Cylinder Engine Flex Fuel Capability,A/T,Brown,Black,None reported,Yes,27499.0,11,0.22398612050076971,0,10230.833333333334,0
Land,Rover Range Rover 3.0L V6 Supercharged HSE,2019,59271.0,Gasoline,380.0HP 3.0L V6 Cylinder Engine Gasoline Fuel,A/T,Black,Black,None reported,Yes,54995.0,7,0.9278411391550817,1,7408.875,0
GMC,Sierra 1500 SLE,2015,102000.0,Gasoline,355.0HP 5.3L 8 Cylinder Engine Gasoline Fuel,6-Speed A/T,Silver,Black,At least 1 accident or damage reported,Yes,24500.0,11,0.24019372359094518,0,8500.0,1
Chevrolet,Silverado 1500 RST,2020,40929.0,Gasoline,5.3L V8 16V GDI OHV,Automatic,Cajun Red Tintcoat,Jet Black,At least 1 accident or damage reported,Yes,44800.0,6,1.0945516735890546,0,5847.0,1
Porsche,911 Turbo S,2019,22000.0,Gasoline,580.0HP 3.8L Flat 6 Cylinder Engine Gasoline Fuel,7-Speed A/T,White,Beige,None reported,Yes,174900.0,7,7.94963865278851,1,2750.0,0
Chevrolet,Suburban Z71,2022,19200.0,Gasoline,420.0HP 6.2L 8 Cylinder Engine Gasoline Fuel,10-Speed A/T,White,Black,None reported,Yes,69790.0,4,3.6347065257017865,0,3840.0,0
Mercedes-Benz,G-Class G 550 4MATIC,2019,32376.0,Gasoline,416.0HP 4.0L 8 Cylinder Engine Gasoline Fuel,A/T,Black,Black,None reported,Yes,128000.0,7,3.953423726719585,1,4047.0,0
Porsche,911 Carrera,2023,19800.0,Gasoline,379.0HP 3.0L Flat 6 Cylinder Engine Gasoline Fuel,8-Speed A/T,Silver,Black,None reported,Yes,134900.0,3,6.812787232968032,1,4950.0,0
Land,Rover Range Rover Sport HSE,2011,105000.0,Gasoline,375.0HP 5.0L 8 Cylinder Engine Gasoline Fuel,A/T,Black,Black,None reported,Yes,10000.0,15,0.09523718821725508,1,6562.5,0
Ford,F-250 Lariat,2016,122650.0,Diesel,440.0HP 6.7L 8 Cylinder Engine Diesel Fuel,6-Speed A/T,Gray,Black,None reported,Yes,38900.0,10,0.31716007207442254,0,11150.0,0
Subaru,BRZ Limited,2022,14000.0,Gasoline,228.0HP 2.4L 4 Cylinder Engine Gasoline Fuel,6-Speed M/T,White,Black,None reported,Yes,34999.0,4,2.4997500178558676,0,2800.0,0
Lexus,LS 460 Base,2008,100868.0,Gasoline,380.0HP 4.6L 8 Cylinder Engine Gasoline Fuel,8-Speed A/T,Black,Beige,None reported,Yes,15397.0,18,0.15264352774390547,1,5308.8421052631575,0
Land,Rover Range Rover Sport HSE,2013,111000.0,Gasoline,375.0HP 5.0L 8 Cylinder Engine Gasoline Fuel,6-Speed A/T,Black,Black,At least 1 accident or damage reported,Yes,15000.0,13,0.13513391771245303,1,7928.571428571428,1
Cadillac,Escalade Sport Platinum,2021,38500.0,Gasoline,420.0HP 6.2L 8 Cylinder Engine Gasoline Fuel,A/T,White,Black,At least 1 accident or damage reported,Yes,94995.0,5,2.467338510688034,0,6416.666666666667,1
Nissan,Pathfinder S,2020,41250.0,Gasoline,284.0HP 3.5L V6 Cylinder Engine Gasoline Fuel,CVT Transmission,White,–,None reported,Yes,21865.0,6,0.5300477564180263,0,5892.857142857143,0
MINI,Cooper S Base,2006,99600.0,Gasoline,168.0HP 1.6L 4 Cylinder Engine Gasoline Fuel,6-Speed A/T,Orange,Black,None reported,Yes,5500.0,20,0.05522032911316151,0,4742.857142857143,0
Acura,ILX 2.0L w/Premium Package,2013,198000.0,Gasoline,150.0HP 2.0L 4 Cylinder Engine Gasoline Fuel,Transmission w/Dual Shift Mode,White,Black,At least 1 accident or damage reported,Yes,11000.0,13,0.05555527497335872,0,14142.857142857143,1
Lexus,RX 350 Base,2021,20598.0,Gasoline,3.5L V6 24V PDI DOHC,8-Speed Automatic,Atomic Silver,Gray,At least 1 accident or damage reported,Yes,42599.0,5,2.068013010340308,1,3433.0,1
Porsche,911 Carrera S,2013,52044.0,Gasoline,400.0HP 3.8L Flat 6 Cylinder Engine Gasoline Fuel,7-Speed M/T,White,Gray,None reported,Yes,76500.0,13,1.4698818330291095,1,3717.4285714285716,0
MINI,Hardtop Cooper S,2022,23777.0,Gasoline,189.0HP 2.0L 4 Cylinder Engine Gasoline Fuel,6-Speed M/T,Gray,Black,None reported,Yes,30000.0,4,1.2616704516780217,0,4755.4,0
Ford,F-150 Platinum,2018,60660.0,Gasoline,375.0HP 3.5L V6 Cylinder Engine Gasoline Fuel,A/T,Gold,Black,At least 1 accident or damage reported,Yes,46900.0,8,0.7731491403043141,0,6740.0,1
BMW,i3 Base,2015,26000.0,Gasoline,170.0HP 0.65L Electric Motor Electric Fuel System,1-Speed A/T,White,Beige,None reported,Yes,14999.0,11,0.5768624283681397,1,2166.6666666666665,0
Mazda,CX-5 Touring,2018,61000.0,Gasoline,187.0HP 2.5L 4 Cylinder Engine Gasoline Fuel,Transmission w/Dual Shift Mode,Gray,Black,None reported,Yes,21800.0,8,0.3573711906362191,0,6777.777777777777,0
Lexus,RX 350 F Sport Performance,2020,53750.0,Gasoline,295.0HP 3.5L V6 Cylinder Engine Gasoline Fuel,A/T,Black,Red,None reported,Yes,32600.0,6,0.6065003441796432,1,7678.571428571428,0
BMW,X5 M50i,2023,13735.0,Gasoline,4.4L V8 32V GDI DOHC Twin Turbo,8-Speed Automatic,Black Sapphire Metallic,Black,None reported,Yes,77897.0,3,5.6710104834012816,1,3433.75,0
Mercedes-Benz,E-Class E 300,2019,32580.0,Gasoline,2.0 Liter Turbo,Automatic,Obsidian Black Metallic,Beige,None reported,Yes,33998.0,7,1.0434916055369694,1,4072.5,0
Porsche,911 Carrera Cabriolet,2006,96275.0,Gasoline,325.0HP 3.6L Flat 6 Cylinder Engine Gasoline Fuel,6-Speed M/T,Silver,Black,At least 1 accident or damage reported,Yes,52500.0,20,0.5453072416801695,1,4584.523809523809,1
Ford,F-350 Lariat,2015,162000.0,Diesel,440.0HP 6.7L 8 Cylinder Engine Diesel Fuel,Transmission w/Dual Shift Mode,Red,Beige,None reported,Yes,32000.0,11,0.1975296448787353,0,13500.0,0
BMW,X3 xDrive30i,2019,92040.0,Gasoline,2.0L I4 16V GDI DOHC Turbo,8-Speed Automatic,Alpine White,Black,None reported,Yes,24999.0,7,0.27160721852218034,1,11505.0,0
RAM,1500 SLT,2017,73690.0,Gasoline,395.0HP 5.7L 8 Cylinder Engine Gasoline Fuel,8-Speed A/T,Blue,Gray,At least 1 accident or damage reported,Yes,27000.0,9,0.3663948107638653,0,7369.0,1
Toyota,Tacoma Base,2009,48750.0,Gasoline,159.0HP 2.7L 4 Cylinder Engine Gasoline Fuel,M/T,Brown,Silver,None reported,Yes,17900.0,17,0.36717195544706777,0,2708.3333333333335,0
Cadillac,SRX Performance Collection,2011,124542.0,Gasoline,265.0HP 3.0L V6 Cylinder Engine Gasoline Fuel,6-Speed A/T,Gray,Beige,None reported,Yes,8450.0,15,0.06784805247986639,0,7783.875,0
Ford,Mustang GT Premium,2010,69000.0,Gasoline,315.0HP 4.6L 8 Cylinder Engine Gasoline Fuel,5-Speed A/T,White,Black,None reported,Yes,20000.0,16,0.2898508717264967,0,4058.823529411765,0
Dodge,Ram 2500 Laramie Quad Cab,2004,148000.0,Diesel,250.0HP 5.9L Straight 6 Cylinder Engine Diesel Fuel,4-Speed A/T,Black,Beige,None reported,Yes,19000.0,22,0.12837751096276376,0,6434.782608695652,0
BMW,650 i,2006,122141.0,Gasoline,360.0HP 4.8L 8 Cylinder Engine Gasoline Fuel,6-Speed M/T,Silver,Black,None reported,Yes,10500.0,20,0.08596551554747753,1,5816.238095238095,0
Subaru,Impreza WRX,2012,106000.0,Gasoline,265.0HP 2.5L 4 Cylinder Engine Gasoline Fuel,M/T,Black,Black,None reported,Yes,15000.0,14,0.1415080989801983,0,7066.666666666667,0
Ford,Edge Titanium,2017,113294.0,Gasoline,245.0HP 2.0L 4 Cylinder Engine Gasoline Fuel,6-Speed A/T,Gray,Black,At least 1 accident or damage reported,Yes,16500.0,9,0.14563749503508538,0,11329.4,1
Kia,Telluride SX,2021,24423.0,Gasoline,3.8L V6 24V GDI DOHC,8-Speed Automatic,Black,Black,None reported,Yes,44315.0,5,1.8144038650507697,0,4070.5,0
Tesla,Model S Long Range,2022,28000.0,Gasoline,670.0HP Electric Motor Electric Fuel System,1-Speed A/T,Gray,White,None reported,Yes,68750.0,4,2.4552694546623335,0,5600.0,0
RAM,1500 Rebel,2018,54800.0,Gasoline,395.0HP 5.7L 8 Cylinder Engine Gasoline Fuel,A/T,White,Black,At least 1 accident or damage reported,Yes,37050.0,8,0.6760825532380796,0,6088.888888888889,1
Ford,Explorer XLT,2017,161000.0,Gasoline,290.0HP 3.5L V6 Cylinder Engine Gasoline Fuel,6-Speed A/T,Gray,Black,None reported,Yes,17500.0,9,0.10869497704983198,0,16100.0,0
Mercedes-Benz,AMG GLE 43 4MATIC Coupe,2019,28755.0,Gasoline,385.0HP 3.0L V6 Cylinder Engine Gasoline Fuel,9-Speed A/T,Black,Black,None reported,Yes,61350.0,7,2.13346779802476,1,3594.375,0
Audi,Q5 2.0T Premium Plus,2016,52105.0,E85 Flex Fuel,220.0HP 2.0L 4 Cylinder Engine Flex Fuel Capability,A/T,White,Beige,At least 1 accident or damage reported,Yes,20499.0,10,0.3934095881472383,1,4736.818181818182,1
Nissan,Armada Platinum,2018,119950.0,Gasoline,390.0HP 5.6L 8 Cylinder Engine Gasoline Fuel,Transmission w/Dual Shift Mode,Black,Black,None reported,Yes,20999.0,8,0.17506315078657117,0,13327.777777777777,0
Mercedes-Benz,SL-Class SL500 Roadster,2003,80081.0,Gasoline,302.0HP 5.0L 8 Cylinder Engine Gasoline Fuel,5-Speed A/T,White,Beige,None reported,Yes,12500.0,23,0.15609000774206438,1,3336.7083333333335,0
Bentley,Bentayga V8,2021,24500.0,Gasoline,542.0HP 4.0L 8 Cylinder Engine Gasoline Fuel,8-Speed A/T,White,White,None reported,Yes,165000.0,5,6.734419003305987,1,4083.3333333333335,0
Jeep,Gladiator Overland,2021,4100.0,Gasoline,285.0HP 3.6L V6 Cylinder Engine Gasoline Fuel,A/T,Black,Black,None reported,Yes,55000.0,5,13.411363082175079,0,683.3333333333334,0
BMW,M2 CS,2020,9670.0,Gasoline,444.0HP 3.0L Straight 6 Cylinder Engine Gasoline Fuel,Transmission w/Dual Shift Mode,Blue,Black,None reported,Yes,103500.0,6,10.702099059042498,1,1381.4285714285713,0
Dodge,Charger SE,2017,63250.0,Gasoline,292.0HP 3.6L V6 Cylinder Engine Gasoline Fuel,A/T,Red,Black,None reported,Yes,18650.0,9,0.2948569983083271,0,6325.0,0
Lincoln,MKX Black Label,2017,69431.0,Gasoline,335.0HP 2.7L V6 Cylinder Engine Gasoline Fuel,6-Speed A/T,Silver,Black,None reported,Yes,26500.0,9,0.3816683949763798,0,6943.1,0
Toyota,Tundra SR5,2015,108044.0,Gasoline,5.7L V8 32V MPFI DOHC,6-Speed Automatic,Black,–,None reported,Yes,31380.0,11,0.2904345411634041,0,9003.666666666666,0
BMW,335 i,2008,98000.0,Gasoline,300.0HP 3.0L Straight 6 Cylinder Engine Gasoline Fuel,Transmission w/Dual Shift Mode,Black,Brown,None reported,Yes,13998.0,18,0.14283527719104908,1,5157.894736842105,0
BMW,X1 xDrive28i,2019,52253.0,Gasoline,228.0HP 2.0L 4 Cylinder Engine Gasoline Fuel,Transmission w/Dual Shift Mode,White,Black,None reported,Yes,34500.0,7,0.6602365369158342,1,6531.625,0
Ford,F-350 Platinum,2022,23850.0,Diesel,475.0HP 6.7L 8 Cylinder Engine Diesel Fuel,10-Speed A/T,Silver,Black,None reported,Yes,99750.0,4,4.182214582197812,0,4770.0,0
Mercedes-Benz,Sprinter High Roof,2015,1500.0,Diesel,188.0HP 3.0L V6 Cylinder Engine Diesel Fuel,A/T,White,Gray,None reported,Yes,39500.0,11,26.31578947368421,1,125.0,0
Dodge,Challenger GT,2021,40000.0,Gasoline,303.0HP 3.6L V6 Cylinder Engine Gasoline Fuel,A/T,Black,Black,None reported,Yes,32500.0,5,0.8124796880077998,0,6666.666666666667,0
Audi,S4 3.0 Prestige,2012,38718.0,Gasoline,333.0HP 3.0L V6 Cylinder Engine Gasoline Fuel,7-Speed A/T,Black,Black,None reported,Yes,31000.0,14,0.800640512409928,1,2581.2,0
Toyota,Tacoma TRD Sport,2018,84184.0,Gasoline,3.5 Liter,Automatic,Magnetic Gray Metallic,Graphite w/Gun Metal,None reported,Yes,35998.0,8,0.4276058680287462,0,9353.777777777777,0
Mercedes-Benz,Sprinter 2500 Standard Roof,2021,13344.0,Diesel,188.0HP 3.0L V6 Cylinder Engine Diesel Fuel,7-Speed A/T,Red,Black,None reported,Yes,56500.0,5,4.233795428999625,1,2224.0,0
INFINITI,Q50 3.0t Red Sport 400,2018,51850.0,Gasoline,400.0HP 3.0L V6 Cylinder Engine Gasoline Fuel,Transmission w/Dual Shift Mode,Black,Black,None reported,Yes,28900.0,8,0.5573662995892076,0,5761.111111111111,0
Porsche,911 Carrera 4S,2002,119500.0,Gasoline,320.0HP 3.6L Flat 6 Cylinder Engine Gasoline Fuel,6-Speed M/T,Black,Black,At least 1 accident or damage reported,Yes,36995.0,24,0.3095789993389177,1,4780.0,1
Ford,Expedition Max Limited,2021,30918.0,Gasoline,375.0HP 3.5L V6 Cylinder Engine Gasoline Fuel,10-Speed A/T,White,Beige,None reported,Yes,51999.0,5,1.6817814288948543,0,5153.0,0
Chevrolet,Corvette Stingray w/3LT,2023,1100.0,Gasoline,490.0HP 6.2L 8 Cylinder Engine Gasoline Fuel,8-Speed A/T,Gray,Beige,None reported,Yes,92000.0,3,83.56039963669392,0,275.0,0
Mercedes-Benz,C-Class C 300,2019,40000.0,Gasoline,255.0HP 2.0L 4 Cylinder Engine Gasoline Fuel,A/T,Blue,Black,None reported,Yes,27900.0,7,0.6974825629359266,1,5000.0,0
Jeep,Grand Cherokee Limited,2005,100500.0,Gasoline,325.0HP 5.7L 8 Cylinder Engine Gasoline Fuel,A/T,Black,Gray,None reported,Yes,9998.0,21,0.09948159719803783,0,4568.181818181818,0
Dodge,Charger SRT Hellcat,2020,54320.0,Gasoline,707.0HP 6.2L 8 Cylinder Engine Gasoline Fuel,8-Speed A/T,Gray,Black,At least 1 accident or damage reported,Yes,67000.0,6,1.2334088105889067,0,7760.0,1
Mercedes-Benz,C-Class C 300 4MATIC,2018,49000.0,Gasoline,241.0HP 2.0L 4 Cylinder Engine Gasoline Fuel,A/T,Black,Black,None reported,Yes,23450.0,8,0.4785616620068978,1,5444.444444444444,0
Porsche,911 Carrera S,2020,28000.0,Gasoline,443.0HP 3.0L Flat 6 Cylinder Engine Gasoline Fuel,8-Speed A/T,Gray,Black,None reported,Yes,134999.0,6,4.821220670690333,1,4000.0,0
Porsche,911 GT3,2022,1750.0,Gasoline,502.0HP 4.0L Flat 6 Cylinder Engine Gasoline Fuel,7-Speed A/T,White,Black,None reported,Yes,275000.0,4,157.0531125071388,1,350.0,0
Cadillac,DTS Luxury,2007,130000.0,Gasoline,275.0HP 4.6L 8 Cylinder Engine Gasoline Fuel,A/T,Gold,Beige,At least 1 accident or damage reported,Yes,3499.0,19,0.02691517757555711,0,6500.0,1
Maserati,Grecale Modena,2023,3721.0,Gasoline,2.0L I4 16V GDI DOHC Turbo,8-Speed Automatic,White,Red,None reported,Yes,69645.0,3,18.711714132186998,1,930.25,0
Mercedes-Benz,S-Class S 550,2016,78101.0,Gasoline,449.0HP 4.7L 8 Cylinder Engine Gasoline Fuel,7-Speed A/T,Black,Black,None reported,Yes,34500.0,10,0.44173004532534377,1,7100.090909090909,0
Chevrolet,Malibu 1LT,2017,54000.0,Gasoline,160.0HP 1.5L 4 Cylinder Engine Gasoline Fuel,A/T,Gray,Gray,At least 1 accident or damage reported,Yes,16000.0,9,0.296290809429455,0,5400.0,1
Nissan,Quest SL,2011,185000.0,Gasoline,260.0HP 3.5L V6 Cylinder Engine Gasoline Fuel,A/T,White,Gray,At least 1 accident or damage reported,Yes,7500.0,15,0.04054032140366809,0,11562.5,1
Mercedes-Benz,SLK-Class SLK 250,2015,49000.0,Gasoline,201.0HP 1.8L 4 Cylinder Engine Gasoline Fuel,7-Speed A/T,Blue,Beige,None reported,Yes,23500.0,11,0.47958204934593174,1,4083.3333333333335,0
GMC,Sierra 2500 Denali,2024,2043.0,Gasoline,401.0HP 6.6L 8 Cylinder Engine Gasoline Fuel,10-Speed A/T,White,Black,None reported,Yes,81500.0,2,39.87279843444227,0,681.0,0
Lexus,RX 350 Base,2016,71750.0,Gasoline,295.0HP 3.5L V6 Cylinder Engine Gasoline Fuel,8-Speed A/T,Black,Brown,None reported,Yes,28000.0,10,0.3902384635754205,1,6522.727272727273,0
Chevrolet,Corvette Stingray w/3LT,2020,5194.0,Gasoline,6.2L V8 16V GDI OHV,8-Speed Automatic with Auto-Shift,Arctic White,Tension,None reported,Yes,87500.0,6,16.843118383060634,0,742.0,0
BMW,330 i,2019,42200.0,Gasoline,255.0HP 2.0L 4 Cylinder Engine Gasoline Fuel,8-Speed A/T,White,Black,None reported,Yes,27500.0,7,0.6516433259875358,1,5275.0,0
Mercedes-Benz,GLC 300 Base,2020,42717.0,Gasoline,255.0HP 2.0L 4 Cylinder Engine Gasoline Fuel,A/T,Gold,Beige,None reported,Yes,33500.0,6,0.7842127440423241,1,6102.428571428572,0
Tesla,Model S 75D,2016,102260.0,Gasoline,518.0HP Electric Motor Electric Fuel System,1-Speed A/T,White,Black,None reported,Yes,31300.0,10,0.3060795415652106,0,9296.363636363636,0
Chevrolet,Corvette Stingray w/2LT,2022,11089.0,Gasoline,6.2L V8 16V GDI OHV,8-Speed Manual,Silver Flare Metallic,Adrenaline Red,None reported,Yes,80900.0,4,7.294860234445446,0,2217.8,0
Jaguar,XF 25t Prestige,2018,37777.0,Gasoline,247.0HP 2.0L 4 Cylinder Engine Gasoline Fuel,Transmission w/Dual Shift Mode,Black,Black,None reported,Yes,32500.0,8,0.8602890571231934,0,4197.444444444444,0
Ford,F-150 XLT,2021,35921.0,Gasoline,2.7L V6 24V PDI DOHC Twin Turbo,10-Speed Automatic,Antimatter Blue Metallic,Black,None reported,Yes,42995.0,5,1.1968988363676856,0,5986.833333333333,0
Ford,Bronco Outer Banks,2023,1800.0,Gasoline,275.0HP 2.3L 4 Cylinder Engine Gasoline Fuel,10-Speed A/T,Gray,Blue,None reported,Yes,54900.0,3,30.48306496390894,0,450.0,0
Scion,FR-S Monogram,2014,163019.0,Gasoline,200.0HP 2.0L 4 Cylinder Engine Gasoline Fuel,6-Speed M/T,Black,Black,At least 1 accident or damage reported,Yes,8900.0,12,0.054594528278738806,0,12539.923076923076,1
Mercedes-Benz,C-Class C 300 4MATIC,2020,14220.0,Gasoline,255.0HP 2.0L 4 Cylinder Engine Gasoline Fuel,9-Speed A/T,Blue,Beige,None reported,Yes,35500.0,6,2.496308276492511,1,2031.4285714285713,0
Chevrolet,Tahoe Premier,2019,48879.0,Gasoline,5.3L V8 16V GDI OHV,Automatic,Silver Ice Metallic,Jet Black,None reported,Yes,49573.0,7,1.0141775777414075,0,6109.875,0
BMW,M3 Base,2002,117200.0,Gasoline,333.0HP 3.2L Straight 6 Cylinder Engine Gasoline Fuel,6-Speed A/T,Black,Black,None reported,Yes,15000.0,24,0.12798525609849745,1,4688.0,0
Ford,F-150 Lariat,2016,25000.0,E85 Flex Fuel,385.0HP 5.0L 8 Cylinder Engine Flex Fuel Capability,6-Speed A/T,Gray,Black,None reported,Yes,65000.0,10,2.5998960041598336,0,2272.7272727272725,0
BMW,i3 Base w/Range Extender,2014,74500.0,Gasoline,170.0HP 0.65L Electric Motor Electric Fuel System,A/T,White,Gray,None reported,Yes,11499.0,12,0.15434692151783197,1,5730.7692307692305,0
INFINITI,G37 Journey,2013,33300.0,Gasoline,328.0HP 3.7L V6 Cylinder Engine Gasoline Fuel,A/T,Gray,Black,None reported,Yes,21990.0,13,0.660340530314405,0,2378.5714285714284,0
Ford,Expedition XLT,2007,123921.0,Gasoline,300.0HP 5.4L 8 Cylinder Engine Gasoline Fuel,6-Speed A/T,White,Beige,None reported,Yes,6900.0,19,0.05568018592340343,0,6196.05,0
BMW,X3 sDrive30i,2021,12800.0,Gasoline,248.0HP 2.0L 4 Cylinder Engine Gasoline Fuel,A/T,Blue,Blue,None reported,Yes,39990.0,5,3.1239746894773845,1,2133.3333333333335,0
Aston,Martin Vantage GT Base,2015,21100.0,Gasoline,430.0HP 4.7L 8 Cylinder Engine Gasoline Fuel,6-Speed M/T,Black,Black,None reported,Yes,80000.0,11,3.7912895123453865,0,1758.3333333333333,0
Chevrolet,Tahoe LT,2009,104733.0,E85 Flex Fuel,320.0HP 5.3L 8 Cylinder Engine Flex Fuel Capability,6-Speed A/T,Black,Black,None reported,Yes,15000.0,17,0.14321996677296772,0,5818.5,0
Ford,Transit-250 Base,2020,53000.0,Gasoline,310.0HP 3.5L V6 Cylinder Engine Gasoline Fuel,A/T,White,Black,At least 1 accident or damage reported,Yes,38500.0,6,0.7264013886530443,0,7571.428571428572,1
Lexus,ES 250 Base,2021,17570.0,Gasoline,2.5 Liter,Automatic,Emin White,Black,None reported,Yes,39998.0,5,2.276364464173923,1,2928.3333333333335,0
RAM,1500 Rebel,2020,63875.0,Hybrid,395.0HP 5.7L 8 Cylinder Engine Gasoline/Mild Electric Hybrid,8-Speed A/T,Gray,Black,At least 1 accident or damage reported,Yes,41900.0,6,0.6559584194376604,0,9125.0,1
Ford,Maverick XL,2023,12500.0,Hybrid,191.0HP 2.5L 4 Cylinder Engine Gas/Electric Hybrid,A/T,Silver,Black,None reported,Yes,29999.0,3,2.3997280217582593,0,3125.0,0
BMW,Z3 3.0i Roadster,2001,103990.0,Gasoline,225.0HP 3.0L Straight 6 Cylinder Engine Gasoline Fuel,5-Speed M/T,Black,Beige,None reported,Yes,10500.0,25,0.10097027627390832,1,3999.6153846153848,0
Chevrolet,Camaro 1SS,2022,7000.0,Gasoline,455.0HP 6.2L 8 Cylinder Engine Gasoline Fuel,6-Speed M/T,Blue,Black,None reported,Yes,50000.0,4,7.14183688044565,0,1400.0,0
Chevrolet,Corvette Stingray w/3LT,2023,9000.0,Gasoline,490.0HP 6.2L 8 Cylinder Engine Gasoline Fuel,8-Speed A/T,Blue,Black,None reported,Yes,92000.0,3,10.22108654593934,0,2250.0,0
Pontiac,Solstice GXP,2007,7800.0,Gasoline,260.0HP 2.0L 4 Cylinder Engine Gasoline Fuel,5-Speed A/T,Silver,Black,None reported,Yes,19000.0,19,2.4355851813870015,0,390.0,0
Cadillac,XTS Luxury,2017,69289.0,Gasoline,304.0HP 3.6L V6 Cylinder Engine Gasoline Fuel,6-Speed A/T,Gray,Black,At least 1 accident or damage reported,Yes,20997.0,9,0.3030307403665753,0,6928.9,1
Toyota,Highlander Limited,2011,106000.0,Gasoline,270.0HP 3.5L V6 Cylinder Engine Gasoline Fuel,5-Speed A/T,White,Gray,At least 1 accident or damage reported,Yes,16600.0,15,0.15660229620475277,0,6625.0,1
Lincoln,Navigator Reserve,2020,68000.0,Gasoline,450.0HP 3.5L V6 Cylinder Engine Gasoline Fuel,10-Speed A/T,Black,Gray,At least 1 accident or damage reported,Yes,55999.0,6,0.8235025955500654,0,9714.285714285714,1
Toyota,Highlander Hybrid Limited Platinum,2019,13828.0,Hybrid,306.0HP 3.5L V6 Cylinder Engine Gas/Electric Hybrid,CVT Transmission,Blue,Black,None reported,Yes,43000.0,7,3.1094077662882347,0,1728.5,0
Audi,A3 2.0T Tech Premium,2018,39600.0,Gasoline,220.0HP 2.0L 4 Cylinder Engine Gasoline Fuel,Transmission w/Dual Shift Mode,White,Black,None reported,Yes,26999.0,8,0.6817757127345269,1,4400.0,0
Jeep,Wrangler SE,2003,92000.0,Gasoline,150.0HP 2.4L 4 Cylinder Engine Gasoline Fuel,M/T,Gold,Black,None reported,Yes,12500.0,23,0.1358680883903436,0,3833.3333333333335,0
Toyota,Tacoma SR,2022,5020.0,Gasoline,278.0HP 3.5L V6 Cylinder Engine Gasoline Fuel,A/T,Black,Gray,None reported,Yes,36500.0,4,7.269468233419637,0,1004.0,0
Chevrolet,Trailblazer SS,2007,107800.0,Gasoline,395.0HP 6.0L 8 Cylinder Engine Gasoline Fuel,A/T,Black,Black,At least 1 accident or damage reported,Yes,15000.0,19,0.13914527694548287,0,5390.0,1
Audi,A5 2.0T Premium Plus,2019,23827.0,Gasoline,248.0HP 2.0L 4 Cylinder Engine Gasoline Fuel,7-Speed A/T,Gray,Black,None reported,Yes,34995.0,7,1.4686503273459794,1,2978.375,0
Audi,A6 55 Premium,2020,25300.0,Hybrid,335.0HP 3.0L V6 Cylinder Engine Gasoline/Mild Electric Hybrid,7-Speed A/T,White,Beige,None reported,Yes,39900.0,6,1.5770127662938225,1,3614.285714285714,0
Mercedes-Benz,Sprinter 2500,2016,399000.0,Diesel,188.0HP 3.0L V6 Cylinder Engine Diesel Fuel,5-Speed A/T,Silver,–,At least 1 accident or damage reported,Yes,24500.0,10,0.06140335487880983,1,36272.72727272727,1
Porsche,911 Carrera,2005,46200.0,Gasoline,325.0HP 3.6L Flat 6 Cylinder Engine Gasoline Fuel,6-Speed M/T,Silver,Black,None reported,Yes,49999.0,21,1.0822060128568645,1,2100.0,0
Chevrolet,Corvette Stingray w/2LT,2022,3158.0,Gasoline,490.0HP 6.2L 8 Cylinder Engine Gasoline Fuel,8-Speed A/T,Red,Red,None reported,Yes,85989.0,4,27.220322886989553,0,631.6,0
GMC,Acadia SLE,2021,26000.0,Gasoline,228.0HP 2.0L 4 Cylinder Engine Gasoline Fuel,A/T,White,Black,None reported,Yes,30900.0,5,1.1884158301603784,0,4333.333333333333,0
Porsche,911 Carrera,2020,12758.0,Gasoline,379.0HP 3.0L Flat 6 Cylinder Engine Gasoline Fuel,8-Speed A/T,Silver,Black,None reported,Yes,107900.0,6,8.456775609373775,1,1822.5714285714287,0
Chevrolet,Corvette Base,2007,123500.0,Gasoline,400.0HP 6.0L 8 Cylinder Engine Gasoline Fuel,Transmission w/Dual Shift Mode,Red,Beige,At least 1 accident or damage reported,Yes,27000.0,19,0.21862171156508856,0,6175.0,1
Ford,Mustang GT Premium,2018,26840.0,Gasoline,460.0HP 5.0L 8 Cylinder Engine Gasoline Fuel,6-Speed M/T,White,Black,None reported,Yes,42500.0,8,1.5833985320964197,0,2982.222222222222,0
Ford,Edge SEL,2021,17836.0,Gasoline,2.0L I4 16V GDI DOHC Turbo,8-Speed Automatic,Silver,Ebony,None reported,Yes,31933.0,5,1.790267421651623,0,2972.6666666666665,0
Cadillac,Escalade Luxury,2012,114500.0,E85 Flex Fuel,403.0HP 6.2L 8 Cylinder Engine Flex Fuel Capability,A/T,Black,Black,None reported,Yes,16100.0,14,0.14061012567575829,0,7633.333333333333,0
Chevrolet,Corvette Stingray w/3LT,2022,5400.0,Gasoline,490.0HP 6.2L 8 Cylinder Engine Gasoline Fuel,8-Speed A/T,White,Black,None reported,Yes,89900.0,4,16.645065728568785,0,1080.0,0
Toyota,Corolla LE,2016,17500.0,Gasoline,132.0HP 1.8L 4 Cylinder Engine Gasoline Fuel,A/T,Red,Gray,None reported,Yes,15100.0,10,0.8628078395520256,0,1590.909090909091,0
Chevrolet,Express 2500 Work Van,2017,56000.0,Gasoline,285.0HP 4.8L 8 Cylinder Engine Gasoline Fuel,A/T,Blue,–,None reported,Yes,44600.0,9,0.7964143497437546,0,5600.0,0
Chevrolet,Trax LS,2020,20800.0,Gasoline,138.0HP 1.4L 4 Cylinder Engine Gasoline Fuel,6-Speed A/T,Black,Beige,None reported,Yes,19000.0,6,0.913417624152685,0,2971.4285714285716,0
Volkswagen,Golf Auto TSI S,2015,107543.0,Gasoline,170.0HP 1.8L 4 Cylinder Engine Gasoline Fuel,Transmission w/Dual Shift Mode,Black,Black,None reported,Yes,13200.0,11,0.12274045971881277,0,8961.916666666666,0
Nissan,Pathfinder Silver,2012,206000.0,Gasoline,266.0HP 4.0L V6 Cylinder Engine Gasoline Fuel,Transmission w/Dual Shift Mode,Black,Black,None reported,Yes,5000.0,14,0.024271726836277492,0,13733.333333333334,0
Ford,F-150 Platinum,2018,37100.0,E85 Flex Fuel,395.0HP 5.0L 8 Cylinder Engine Flex Fuel Capability,10-Speed A/T,Black,Black,None reported,Yes,46000.0,8,1.2398587639147194,0,4122.222222222223,0
Land,Rover Range Rover Velar P380 SE R-Dynamic,2019,19813.0,Gasoline,380.0HP 3.0L V6 Cylinder Engine Gasoline Fuel,8-Speed A/T,Silver,Beige,None reported,Yes,51900.0,7,2.6193600484505906,1,2476.625,0
Kia,Sportage LX,2010,208321.0,Gasoline,173.0HP 2.7L V6 Cylinder Engine Gasoline Fuel,A/T,White,Beige,None reported,Yes,3500.0,16,0.016800913969719954,0,12254.176470588236,0
Lexus,LS 460 Base,2012,200000.0,Gasoline,380.0HP 4.6L 8 Cylinder Engine Gasoline Fuel,Transmission w/Dual Shift Mode,White,Beige,At least 1 accident or damage reported,Yes,9995.0,14,0.04997475012624937,1,13333.333333333334,1
MINI,Cooper S Base,2012,66000.0,Gasoline,181.0HP 1.6L 4 Cylinder Engine Gasoline Fuel,6-Speed A/T,White,Black,None reported,Yes,10999.0,14,0.16664899016681564,0,4400.0,0
Bentley,Bentayga Activity Edition,2018,41000.0,Gasoline,600.0HP 6.0L 12 Cylinder Engine Gasoline Fuel,8-Speed A/T,Gray,Gray,None reported,Yes,113000.0,8,2.756030340723397,1,4555.555555555556,0
Volvo,XC60 T6 Inscription,2019,20623.0,Gasoline,330.0HP 2.0L 4 Cylinder Engine Gasoline Fuel,A/T,Silver,Black,None reported,Yes,36800.0,7,1.7843289371605897,0,2577.875,0
Ford,Explorer Limited,2018,86000.0,Gasoline,290.0HP 3.5L V6 Cylinder Engine Gasoline Fuel,Transmission w/Dual Shift Mode,Black,Black,None reported,Yes,26900.0,8,0.31278706061557426,0,9555.555555555555,0
Porsche,Cayenne Turbo GT,2022,1766.0,Gasoline,4.0L,Automatic,Custom Color,Black,None reported,Yes,209995.0,4,118.84267119411432,1,353.2,0
Mercedes-Benz,G-Class G 550 4MATIC,2016,51354.0,Gasoline,416.0HP 4.0L 8 Cylinder Engine Gasoline Fuel,7-Speed A/T,Blue,Black,None reported,Yes,73000.0,10,1.4214779476195112,1,4668.545454545455,0
Jeep,Wrangler Unlimited Rubicon 392,2021,38000.0,Gasoline,470.0HP 6.4L 8 Cylinder Engine Gasoline Fuel,Transmission w/Dual Shift Mode,Gray,Black,None reported,Yes,72980.0,5,1.9204757769532381,0,6333.333333333333,0
Toyota,Avalon Hybrid XLE Premium,2015,161000.0,Hybrid,200.0HP 2.5L 4 Cylinder Engine Gas/Electric Hybrid,CVT Transmission,Blue,Gray,None reported,Yes,11500.0,11,0.07142812777560388,0,13416.666666666666,0
Nissan,Juke SL,2012,74750.0,Gasoline,188.0HP 1.6L 4 Cylinder Engine Gasoline Fuel,CVT Transmission,Black,Black,None reported,Yes,12500.0,14,0.16722184318604433,0,4983.333333333333,0
Porsche,911 Carrera 4,2013,67522.0,Gasoline,350.0HP 3.4L Flat 6 Cylinder Engine Gasoline Fuel,7-Speed A/T,Gray,Black,At least 1 accident or damage reported,Yes,59500.0,13,0.8811812271374199,1,4823.0,1
MINI,Cooper S Base,2012,152000.0,Gasoline,181.0HP 1.6L 4 Cylinder Engine Gasoline Fuel,6-Speed A/T,White,Black,None reported,Yes,9000.0,14,0.05921013677541595,0,10133.333333333334,0
Subaru,Ascent Touring 7-Passenger,2019,71273.0,Gasoline,260.0HP 2.4L 4 Cylinder Engine Gasoline Fuel,CVT Transmission,Black,Brown,None reported,Yes,23900.0,7,0.3353256446951202,0,8909.125,0
Subaru,WRX STI Base,2017,37800.0,Gasoline,305.0HP 2.5L 4 Cylinder Engine Gasoline Fuel,6-Speed M/T,Blue,Black,None reported,Yes,32500.0,9,0.8597656146662787,0,3780.0,0
Land,Rover Range Rover Sport HSE,2019,42000.0,Gasoline,340.0HP 3.0L V6 Cylinder Engine Gasoline Fuel,Transmission w/Dual Shift Mode,White,Black,None reported,Yes,48990.0,7,1.166400799980953,1,5250.0,0
Kia,Sorento Plug-In Hybrid SX Prestige,2022,10101.0,Plug-In Hybrid,261.0HP 1.6L 4 Cylinder Engine Plug-In Electric/Gas,6-Speed A/T,White,–,None reported,Yes,44990.0,4,4.453573549792121,0,2020.2,0
Chevrolet,Corvette Stingray w/2LT,2022,7900.0,Gasoline,490.0HP 6.2L 8 Cylinder Engine Gasoline Fuel,8-Speed A/T,White,Red,None reported,Yes,92500.0,4,11.707378812808505,0,1580.0,0
Tesla,Model 3 Performance,2020,45468.0,Gasoline,455.0HP Electric Motor Electric Fuel System,1-Speed A/T,Silver,White,None reported,Yes,45999.0,6,1.011656293298731,0,6495.428571428572,0
Nissan,Armada SV,2017,187141.0,Gasoline,390.0HP 5.6L 8 Cylinder Engine Gasoline Fuel,A/T,Black,Black,None reported,Yes,16995.0,9,0.0908133930384414,0,18714.1,0
Porsche,Cayenne Turbo S,2014,99100.0,Gasoline,550.0HP 4.8L 8 Cylinder Engine Gasoline Fuel,8-Speed A/T,White,Black,None reported,Yes,32000.0,12,0.3229028970444294,1,7623.076923076923,0
Subaru,Outback Touring XT,2021,33500.0,Gasoline,260.0HP 2.4L 4 Cylinder Engine Gasoline Fuel,CVT Transmission,Blue,Brown,None reported,Yes,34000.0,5,1.0148950777588728,0,5583.333333333333,0
Acura,RLX Advance Package,2016,102665.0,Gasoline,310.0HP 3.5L V6 Cylinder Engine Gasoline Fuel,6-Speed A/T,Black,Black,None reported,Yes,15450.0,10,0.15048799018175443,0,9333.181818181818,0
Ford,Mustang GT,2001,52675.0,Gasoline,260.0HP 4.6L 8 Cylinder Engine Gasoline Fuel,5-Speed M/T,Black,Black,None reported,Yes,16995.0,25,0.3226326980028856,0,2025.9615384615386,0
BMW,330 i xDrive,2017,59203.0,Gasoline,248.0HP 2.0L 4 Cylinder Engine Gasoline Fuel,A/T,White,–,None reported,Yes,23000.0,9,0.3884872643740288,1,5920.3,0
Mercedes-Benz,SL-Class SL550 Roadster,2009,60100.0,Gasoline,382.0HP 5.5L 8 Cylinder Engine Gasoline Fuel,7-Speed A/T,Black,Black,None reported,Yes,27000.0,17,0.44924377298214674,1,3338.8888888888887,0
Audi,SQ8 4.0T Premium Plus,2021,43238.0,Gasoline,500.0HP 4.0L 8 Cylinder Engine Gasoline Fuel,Transmission w/Dual Shift Mode,Black,Red,None reported,Yes,76400.0,5,1.7669233793565993,1,7206.333333333333,0
MINI,Cooper S Base,2007,118000.0,Gasoline,172.0HP 1.6L 4 Cylinder Engine Gasoline Fuel,A/T,Beige,Black,None reported,Yes,3600.0,19,0.030508216032067523,0,5900.0,0
Ford,Mustang EcoBoost,2021,17300.0,Gasoline,310.0HP 2.3L 4 Cylinder Engine Gasoline Fuel,10-Speed A/T,Yellow,Black,None reported,Yes,31000.0,5,1.7918039419686724,0,2883.3333333333335,0
Audi,RS 7 4.0T Prestige,2016,64800.0,Gasoline,560.0HP 4.0L 8 Cylinder Engine Gasoline Fuel,8-Speed A/T,White,Brown,None reported,Yes,50000.0,10,0.7715930309717443,1,5890.909090909091,0
Mercedes-Benz,GLC 300 GLC 300,2022,1408.0,Gasoline,2.0 Liter Turbo,Automatic,Lunar Blue Metallic,–,None reported,Yes,46798.0,4,33.21362668559262,1,281.6,0
Volkswagen,Touareg TDI Lux,2015,15167.0,Diesel,240.0HP 3.0L V6 Cylinder Engine Diesel Fuel,8-Speed A/T,Gold,Black,None reported,Yes,35000.0,11,2.307489451476793,0,1263.9166666666667,0
Porsche,Cayenne GTS,2016,64600.0,Gasoline,440.0HP 3.6L V6 Cylinder Engine Gasoline Fuel,8-Speed A/T,White,Red,None reported,Yes,41000.0,10,0.6346650980634975,1,5872.727272727273,0
Jeep,Grand Wagoneer Series III,2022,31112.0,Gasoline,471.0HP 6.4L 8 Cylinder Engine Gasoline Fuel,8-Speed A/T,Black,Black,None reported,Yes,83000.0,4,2.6676951756500498,0,6222.4,0
Tesla,Model X 100D,2018,23250.0,Gasoline,518.0HP Electric Motor Electric Fuel System,1-Speed A/T,Gray,White,None reported,Yes,57000.0,8,2.4515074620446433,0,2583.3333333333335,0
MINI,Cooper S Base,2011,63500.0,Gasoline,181.0HP 1.6L 4 Cylinder Engine Gasoline Fuel,6-Speed M/T,Silver,Black,None reported,Yes,10500.0,15,0.16535172674446072,0,3968.75,0
RAM,1500 Laramie,2022,13464.0,Gasoline,5.7L V8 16V MPFI OHV,8-Speed Automatic,Diamond Black,Black,None reported,Yes,46999.0,4,3.490456739695507,0,2692.8,0
Chevrolet,Camaro Base,2001,64776.0,Gasoline,200.0HP 3.8L V6 Cylinder Engine Gasoline Fuel,A/T,Black,Gray,None reported,Yes,7500.0,25,0.11578183614554549,0,2491.3846153846152,0
Jeep,Cherokee X,2022,9601.0,Gasoline,3.2L V6 24V MPFI DOHC,Automatic,Sting Gray Clearcoat,Black,None reported,Yes,33498.0,4,3.4886481982920223,0,1920.2,0
BMW,ALPINA B7 xDrive,2013,135000.0,Gasoline,445.0HP 4.4L 8 Cylinder Engine Gasoline Fuel,A/T,Black,Black,At least 1 accident or damage reported,Yes,14000.0,13,0.10370293553381087,1,9642.857142857143,1
Volvo,XC90 3.2 Premier Plus,2013,208864.0,Gasoline,240.0HP 3.2L Straight 6 Cylinder Engine Gasoline Fuel,6-Speed A/T,White,Beige,At least 1 accident or damage reported,Yes,7500.0,13,0.03590836186053192,0,14918.857142857143,1
INFINITI,Q50 3.0T Premium,2016,49872.0,Gasoline,300.0HP 3.0L V6 Cylinder Engine Gasoline Fuel,7-Speed A/T,Gray,Black,At least 1 accident or damage reported,Yes,21500.0,10,0.43109498125238105,0,4533.818181818182,1
MINI,Cooper Base,2009,90367.0,Gasoline,118.0HP 1.6L 4 Cylinder Engine Gasoline Fuel,6-Speed M/T,Red,Black,None reported,Yes,9250.0,17,0.10235924220963173,0,5020.388888888889,0
Porsche,911 Carrera 4S,2014,36670.0,Gasoline,400.0HP 3.8L Flat 6 Cylinder Engine Gasoline Fuel,Transmission w/Dual Shift Mode,White,Black,None reported,Yes,82499.0,12,2.2497068528264843,1,2820.769230769231,0
Jeep,Grand Wagoneer Base,2023,3752.0,Gasoline,6.4L V8 16V MPFI OHV,8-Speed Automatic,Ember Pearlcoat,Global Black,None reported,Yes,84620.0,3,22.547295496935785,0,938.0,0
Lexus,RX 350 Base,2021,30761.0,Gasoline,3.5L V6 24V PDI DOHC,8-Speed Automatic,Eminent White Pearl,Black,None reported,Yes,44950.0,5,1.4612183863207855,1,5126.833333333333,0
RAM,1500 Laramie,2022,13438.0,Gasoline,5.7L V8 16V MPFI OHV,8-Speed Automatic,Diamond Black,Black,None reported,Yes,46599.0,4,3.467445494456433,0,2687.6,0
Jeep,Gladiator Overland,2020,9100.0,Gasoline,285.0HP 3.6L V6 Cylinder Engine Gasoline Fuel,8-Speed A/T,Red,Black,None reported,Yes,49895.0,6,5.482364575321394,0,1300.0,0
Chrysler,200 Limited,2017,100600.0,–,–,A/T,Black,Black,None reported,Yes,10000.0,9,0.09940259043150665,0,10060.0,0
Ford,Fusion Hybrid Base,2011,223824.0,Hybrid,156.0HP 2.5L 4 Cylinder Engine Gas/Electric Hybrid,A/T,White,Brown,At least 1 accident or damage reported,Yes,4500.0,15,0.02010499273986373,0,13989.0,1
Audi,A6 2.0T Premium Plus,2016,96000.0,Gasoline,252.0HP 2.0L 4 Cylinder Engine Gasoline Fuel,8-Speed A/T,Black,Black,None reported,Yes,21990.0,10,0.2290601139571463,1,8727.272727272728,0
Chevrolet,Silverado 1500 Z71 Extended Cab,2004,185000.0,Gasoline,295.0HP 5.3L 8 Cylinder Engine Gasoline Fuel,4-Speed A/T,Red,Gray,At least 1 accident or damage reported,Yes,10500.0,22,0.056756449965135326,0,8043.478260869565,1
Porsche,Taycan Base,2021,6900.0,Gasoline,375.0HP Electric Motor Electric Fuel System,2-Speed A/T,White,Beige,None reported,Yes,79999.0,5,11.592377916244022,1,1150.0,0
Honda,Accord Hybrid Touring,2017,96400.0,Hybrid,212.0HP 2.0L 4 Cylinder Engine Gas/Electric Hybrid,CVT Transmission,White,Beige,At least 1 accident or damage reported,Yes,18500.0,9,0.19190672295930541,0,9640.0,1
RAM,2500 SLT,2018,67865.0,Gasoline,410.0HP 6.4L 8 Cylinder Engine Gasoline Fuel,6-Speed A/T,White,Gray,None reported,Yes,36500.0,8,0.5378245365868034,0,7540.555555555556,0
Land,Rover Range Rover Sport Supercharged,2015,64300.0,E85 Flex Fuel,550.0HP 5.0L 8 Cylinder Engine Flex Fuel Capability,Transmission w/Dual Shift Mode,Blue,Black,None reported,Yes,44850.0,11,0.6975008164725276,1,5358.333333333333,0
Chevrolet,Colorado ZR2,2018,76500.0,Gasoline,308.0HP 3.6L V6 Cylinder Engine Gasoline Fuel,8-Speed A/T,White,Black,None reported,Yes,33500.0,8,0.4379027725127776,0,8500.0,0
GMC,Sierra 2500 Denali,2017,96343.0,Diesel,445.0HP 6.6L 8 Cylinder Engine Diesel Fuel,6-Speed A/T,Blue,Beige,At least 1 accident or damage reported,Yes,53000.0,9,0.5501120983143735,0,9634.3,1
Subaru,Crosstrek 2.0i Limited,2018,74600.0,Gasoline,152.0HP 2.0L 4 Cylinder Engine Gasoline Fuel,Transmission w/Dual Shift Mode,Blue,Black,None reported,Yes,24000.0,8,0.321711505207705,0,8288.888888888889,0
Subaru,Outback 2.5i Limited,2014,157530.0,Gasoline,2.5L H4 16V MPFI DOHC,Automatic CVT,Twilight Blue Metallic,Black,At least 1 accident or damage reported,Yes,9995.0,12,0.0634478293161346,0,12117.692307692309,1
Tesla,Model X Plaid,2022,15000.0,Gasoline,1020.0HP Electric Motor Electric Fuel System,A/T,White,White,None reported,Yes,95999.0,4,6.399506699553363,0,3000.0,0
Jeep,Wrangler Unlimited Rubicon,2012,80000.0,Gasoline,285.0HP 3.6L V6 Cylinder Engine Gasoline Fuel,A/T,Orange,Black,None reported,Yes,30000.0,14,0.37499531255859303,0,5333.333333333333,0
Tesla,Model S 100D,2018,83424.0,Gasoline,518.0HP Electric Motor Electric Fuel System,1-Speed A/T,Gray,Beige,None reported,Yes,45000.0,8,0.5394066526820498,0,9269.333333333334,0
Mercedes-Benz,C-Class C 300 4MATIC,2021,19000.0,Gasoline,255.0HP 2.0L 4 Cylinder Engine Gasoline Fuel,A/T,Blue,Beige,None reported,Yes,37999.0,5,1.9998421135729698,1,3166.6666666666665,0
Porsche,911 Carrera S,2013,64000.0,Gasoline,400.0HP 3.8L Flat 6 Cylinder Engine Gasoline Fuel,7-Speed A/T,Gray,Black,At least 1 accident or damage reported,Yes,67000.0,13,1.0468586428337057,1,4571.428571428572,1
Mercedes-Benz,GLS 450 Base 4MATIC,2019,34068.0,Gasoline,362.0HP 3.0L V6 Cylinder Engine Gasoline Fuel,9-Speed A/T,White,Beige,None reported,Yes,46900.0,7,1.3766180398602836,1,4258.5,0
Buick,Envision Preferred,2021,20104.0,Gasoline,2.0L I4 16V GDI DOHC Turbo,9-Speed Automatic,Burnished Bronze Metallic,Ebony,None reported,Yes,33295.0,5,1.656055707535439,0,3350.6666666666665,0
Nissan,Armada Platinum,2022,8400.0,Gasoline,400.0HP 5.6L 8 Cylinder Engine Gasoline Fuel,7-Speed A/T,Red,Beige,None reported,Yes,59950.0,4,7.136055231520057,0,1680.0,0
Porsche,911 Turbo,2021,11938.0,Gasoline,572.0HP 3.8L Flat 6 Cylinder Engine Gasoline Fuel,Transmission w/Dual Shift Mode,Black,–,None reported,Yes,209000.0,5,17.50565373984421,1,1989.6666666666667,0
Chevrolet,Corvette Stingray w/2LT,2021,24670.0,Gasoline,490.0HP 6.2L 8 Cylinder Engine Gasoline Fuel,Transmission w/Dual Shift Mode,White,Brown,None reported,Yes,72500.0,5,2.9386729358355965,0,4111.666666666667,0
Ford,Mustang Shelby GT500,2013,16478.0,Gasoline,650.0HP 5.8L 8 Cylinder Engine Gasoline Fuel,6-Speed M/T,White,Black,None reported,Yes,66400.0,13,4.029370714242369,0,1177.0,0
Ford,F-150 XL,2018,52500.0,E85 Flex Fuel,395.0HP 5.0L 8 Cylinder Engine Flex Fuel Capability,A/T,Gray,Gray,None reported,Yes,35000.0,8,0.6666539684958381,0,5833.333333333333,0
Porsche,Cayenne Turbo,2004,92500.0,Gasoline,450.0HP 4.5L 8 Cylinder Engine Gasoline Fuel,Transmission w/Dual Shift Mode,Silver,Black,None reported,Yes,12000.0,22,0.1297283272613269,1,4021.7391304347825,0
Mitsubishi,Eclipse Spyder GT,2008,62930.0,Gasoline,260.0HP 3.8L V6 Cylinder Engine Gasoline Fuel,A/T,Gray,Black,At least 1 accident or damage reported,Yes,10000.0,18,0.1589041966598338,0,3312.1052631578946,1
Lexus,GX 470 Base,2007,116600.0,Gasoline,263.0HP 4.7L 8 Cylinder Engine Gasoline Fuel,5-Speed A/T,White,Gray,None reported,Yes,19975.0,19,0.1713107091705903,1,5830.0,0
Dodge,Dakota Big Horn/Lone Star,2010,172024.0,Gasoline,210.0HP 3.7L V6 Cylinder Engine Gasoline Fuel,4-Speed A/T,Red,Brown,At least 1 accident or damage reported,Yes,7500.0,16,0.04359831419851766,0,10119.058823529413,1
Jeep,Wrangler Sport,2012,57237.0,Gasoline,285.0HP 3.6L V6 Cylinder Engine Gasoline Fuel,A/T,Black,Black,None reported,Yes,22500.0,14,0.3930954959991614,0,3815.8,0
Subaru,Outback Limited,2020,44600.0,Gasoline,182.0HP 2.5L 4 Cylinder Engine Gasoline Fuel,CVT Transmission,Silver,Gray,None reported,Yes,28300.0,6,0.6345149211901079,0,6371.428571428572,0
Jeep,Wrangler Unlimited Rubicon,2013,181830.0,Gasoline,285.0HP 3.6L V6 Cylinder Engine Gasoline Fuel,6-Speed M/T,Black,Black,None reported,Yes,21000.0,13,0.11549185782402341,0,12987.857142857143,0
Subaru,Ascent Touring 7-Passenger,2021,39948.0,Gasoline,2.4L H4 16V GDI DOHC Turbo,Automatic CVT,Ice Silver Metallic,Black,None reported,Yes,36791.0,5,0.9209492102430599,0,6658.0,0
Ford,F-350 XL,2017,156453.0,Diesel,440.0HP 6.7L 8 Cylinder Engine Diesel Fuel,6-Speed A/T,White,Beige,None reported,Yes,40000.0,9,0.25566620220639935,0,15645.3,0
Porsche,Cayenne Turbo S,2014,156193.0,Gasoline,550.0HP 4.8L 8 Cylinder Engine Gasoline Fuel,8-Speed A/T,Silver,Black,None reported,Yes,36000.0,12,0.23048260496561968,1,12014.846153846154,0
BMW,X1 xDrive28i,2020,27989.0,Gasoline,228.0HP 2.0L 4 Cylinder Engine Gasoline Fuel,A/T,Gray,Black,None reported,Yes,29000.0,6,1.0360843158270812,1,3998.4285714285716,0
Toyota,4Runner Limited,2014,146700.0,Gasoline,270.0HP 4.0L V6 Cylinder Engine Gasoline Fuel,5-Speed A/T,Blue,Black,At least 1 accident or damage reported,Yes,24999.0,12,0.1704078363474005,0,11284.615384615385,1
GMC,Yukon Denali,2019,88450.0,Gasoline,420.0HP 6.2L 8 Cylinder Engine Gasoline Fuel,10-Speed A/T,Black,Beige,At least 1 accident or damage reported,Yes,42900.0,7,0.4850143017037682,0,11056.25,1
Toyota,C-HR LE,2020,14065.0,Gasoline,2.0L I4 16V MPFI DOHC,Automatic CVT,Gray,Black,At least 1 accident or damage reported,Yes,27671.0,6,1.9672259348784302,0,2009.2857142857142,1
Subaru,Outback Limited XT,2020,36844.0,Gasoline,2.4L H4 16V GDI DOHC Turbo,Automatic CVT,Magnetite Gray Metallic,Black,At least 1 accident or damage reported,Yes,30427.0,6,0.8258108291491383,0,5263.428571428572,1
Chevrolet,Silverado 1500 LT Trail Boss,2020,49000.0,Gasoline,355.0HP 5.3L 8 Cylinder Engine Gasoline Fuel,A/T,White,Black,None reported,Yes,44900.0,6,0.9163078304524398,0,7000.0,0
BMW,X5 xDrive50i,2013,58000.0,Gasoline,400.0HP 4.4L 8 Cylinder Engine Gasoline Fuel,8-Speed A/T,White,Black,None reported,Yes,17900.0,13,0.3086153687005396,1,4142.857142857143,0
Audi,A6 55 Prestige,2021,22800.0,Hybrid,335.0HP 3.0L V6 Cylinder Engine Gasoline/Mild Electric Hybrid,A/T,Blue,Brown,None reported,Yes,52000.0,5,2.2806017279943864,1,3800.0,0
Subaru,Outback 2.5i Limited,2014,78007.0,Gasoline,173.0HP 2.5L 4 Cylinder Engine Gasoline Fuel,A/T,Blue,Black,None reported,Yes,14750.0,12,0.18908317095682495,0,6000.538461538462,0
Ford,F-250 King Ranch,2020,36500.0,Diesel,475.0HP 6.7L 8 Cylinder Engine Diesel Fuel,10-Speed A/T,Gray,Brown,None reported,Yes,69900.0,6,1.9150160269581655,0,5214.285714285715,0
Honda,CR-V EX,2004,156350.0,Gasoline,160.0HP 2.4L 4 Cylinder Engine Gasoline Fuel,A/T,Brown,Beige,At least 1 accident or damage reported,Yes,3990.0,22,0.025519504192489974,0,6797.826086956522,1
Lexus,GX 460 Luxury,2021,17710.0,Gasoline,301.0HP 4.6L 8 Cylinder Engine Gasoline Fuel,A/T,White,Red,None reported,Yes,59000.0,5,3.3312630568573205,1,2951.6666666666665,0
Ford,Explorer XLT,2013,149000.0,Gasoline,290.0HP 3.5L V6 Cylinder Engine Gasoline Fuel,A/T,Brown,Beige,At least 1 accident or damage reported,Yes,7850.0,13,0.05268421017308609,0,10642.857142857143,1
Subaru,Forester 2.5i Limited,2015,90000.0,Gasoline,170.0HP 2.5L 4 Cylinder Engine Gasoline Fuel,CVT Transmission,Silver,Gray,None reported,Yes,16000.0,11,0.17777580249108343,0,7500.0,0
Ford,Bronco Wildtrak Advanced,2022,9990.0,Gasoline,315.0HP 2.7L V6 Cylinder Engine Gasoline Fuel,Transmission w/Dual Shift Mode,Silver,Black,None reported,Yes,64500.0,4,6.4558102292062856,0,1998.0,0
Mercedes-Benz,A-Class A 220 4MATIC,2019,28663.0,Gasoline,2.0L I4 16V GDI DOHC Turbo,7-Speed Automatic with Auto-Shift,Jupiter Red,Black,None reported,Yes,29500.0,7,1.0291655037677923,1,3582.875,0
Lexus,NX 200t Base,2015,124250.0,Gasoline,235.0HP 2.0L 4 Cylinder Engine Gasoline Fuel,A/T,Gray,Orange,At least 1 accident or damage reported,Yes,17900.0,11,0.14406322685531706,1,10354.166666666666,1
Ford,F-250 Lariat,2017,50780.0,Diesel,440.0HP 6.7L 8 Cylinder Engine Diesel Fuel,6-Speed A/T,White,Black,None reported,Yes,61000.0,9,1.2012366830113625,0,5078.0,0
Porsche,911 Carrera C4S,2006,65000.0,Gasoline,355.0HP 3.8L Flat 6 Cylinder Engine Gasoline Fuel,6-Speed M/T,Blue,Gray,None reported,Yes,43000.0,20,0.6615282841802433,1,3095.2380952380954,0
Tesla,Model 3 Long Range,2022,22457.0,Gasoline,Electric,Automatic,Midnight Silver Metallic,Black,None reported,Yes,40036.0,4,1.78270549470122,0,4491.4,0
Toyota,Camry XSE,2022,19361.0,Gasoline,3.5 Liter,Automatic,Red,Black,None reported,Yes,38298.0,4,1.9779981406879454,0,3872.2,0
BMW,i3 94 Ah,2017,43000.0,Gasoline,170.0HP 0.65L Electric Motor Electric Fuel System,1-Speed A/T,Black,–,None reported,Yes,16500.0,9,0.38371200669751865,1,4300.0,0
Ford,F-250 XL SuperCab H/D,1993,115000.0,–,–,A/T,Red,Gray,None reported,Yes,21900.0,33,0.19043312666846376,0,3382.3529411764707,0
Porsche,Taycan Turbo,2020,2076.0,Gasoline,Electric,Automatic,Gray,Red,None reported,Yes,115998.0,6,55.848820414058736,1,296.57142857142856,0
Porsche,911 GT3,2018,9712.0,Gasoline,4.0L H6 24V GDI DOHC,7-Speed Automatic with Auto-Shift,Red,Black,None reported,Yes,188900.0,8,19.44816225676928,1,1079.111111111111,0
Mercedes-Benz,E-Class E55 AMG,2005,131000.0,Gasoline,469.0HP 5.4L 8 Cylinder Engine Gasoline Fuel,5-Speed A/T,Gray,Black,None reported,Yes,16500.0,21,0.12595323699819086,1,5954.545454545455,0
Toyota,Highlander XLE,2022,31000.0,Gasoline,295.0HP 3.5L V6 Cylinder Engine Gasoline Fuel,Transmission w/Dual Shift Mode,Gray,Gray,None reported,Yes,43000.0,4,1.3870520305796588,0,6200.0,0
Volvo,S60 Recharge Plug-In Hybrid T8 Inscription,2021,24158.0,Plug-In Hybrid,400.0HP 2.0L 4 Cylinder Engine Plug-In Electric/Gas,8-Speed A/T,Gray,Black,None reported,Yes,44900.0,5,1.8585206341322074,0,4026.3333333333335,0
Audi,A6 3.0T Premium Plus,2016,72865.0,Gasoline,333.0HP 3.0L V6 Cylinder Engine Gasoline Fuel,A/T,Black,Black,At least 1 accident or damage reported,Yes,22000.0,10,0.30192407981774766,1,6624.090909090909,1
Mercedes-Benz,E-Class E 350 4MATIC,2014,89563.0,Gasoline,302.0HP 3.5L V6 Cylinder Engine Gasoline Fuel,7-Speed A/T,Blue,Black,None reported,Yes,18995.0,12,0.21208297976865706,1,6889.461538461538,0
Nissan,Juke SL,2012,72639.0,Gasoline,188.0HP 1.6L 4 Cylinder Engine Gasoline Fuel,CVT Transmission,Black,Black,At least 1 accident or damage reported,Yes,15000.0,14,0.2064977973568282,0,4842.6,1
Mercedes-Benz,CLS-Class CLS 550,2012,79000.0,Gasoline,402.0HP 4.6L 8 Cylinder Engine Gasoline Fuel,7-Speed A/T,Black,Black,None reported,Yes,19999.0,14,0.25314869432032505,1,5266.666666666667,0
Audi,A3 2.0T Premium,2012,111564.0,Gasoline,200.0HP 2.0L 4 Cylinder Engine Gasoline Fuel,6-Speed A/T,White,Black,None reported,Yes,11200.0,14,0.10038990722896966,1,7437.6,0
Lexus,GX 460 Base,2018,75000.0,Gasoline,301.0HP 4.6L 8 Cylinder Engine Gasoline Fuel,6-Speed A/T,White,Beige,At least 1 accident or damage reported,Yes,38095.0,8,0.507926560979187,1,8333.333333333334,1
Ford,Mustang Premium,2007,169613.0,Gasoline,210.0HP 4.0L V6 Cylinder Engine Gasoline Fuel,A/T,Black,Black,At least 1 accident or damage reported,Yes,5900.0,19,0.03478486445694341,0,8480.65,1
Honda,Pilot EX-L,2011,175000.0,Gasoline,250.0HP 3.5L V6 Cylinder Engine Gasoline Fuel,5-Speed A/T,Black,Gray,None reported,Yes,9000.0,15,0.0514282775526997,0,10937.5,0
BMW,540 i,2017,98500.0,Gasoline,335.0HP 3.0L Straight 6 Cylinder Engine Gasoline Fuel,8-Speed A/T,Black,Black,None reported,Yes,24500.0,9,0.2487284393051847,1,9850.0,0
Chrysler,300 S,2012,53000.0,Gasoline,292.0HP 3.6L V6 Cylinder Engine Gasoline Fuel,Transmission w/Dual Shift Mode,Black,Black,At least 1 accident or damage reported,Yes,13750.0,14,0.25942906737608723,0,3533.3333333333335,1
RAM,2500 Longhorn,2015,72200.0,Diesel,370.0HP 6.7L Straight 6 Cylinder Engine Diesel Fuel,6-Speed A/T,Black,Black,None reported,Yes,52500.0,11,0.7271367432584036,0,6016.666666666667,0
Acura,TSX Base,2005,151600.0,Gasoline,200.0HP 2.4L 4 Cylinder Engine Gasoline Fuel,6-Speed M/T,Black,Black,None reported,Yes,7899.0,21,0.052103877942757636,0,6890.909090909091,0
Lotus,Evora 2+2,2011,20000.0,Gasoline,276.0HP 3.5L V6 Cylinder Engine Gasoline Fuel,6-Speed M/T,White,Red,None reported,Yes,51000.0,15,2.5498725063746814,0,1250.0,0
Chevrolet,Avalanche 1500 LT,2010,170000.0,E85 Flex Fuel,320.0HP 5.3L 8 Cylinder Engine Flex Fuel Capability,A/T,Black,Black,At least 1 accident or damage reported,Yes,9000.0,16,0.05294086505373498,0,10000.0,1
Ford,F-150 XLT,2019,69800.0,E85 Flex Fuel,395.0HP 5.0L 8 Cylinder Engine Flex Fuel Capability,10-Speed A/T,Silver,Gray,None reported,Yes,34600.0,7,0.4956949040844687,0,8725.0,0
Toyota,Tundra SR5,2020,26300.0,Gasoline,381.0HP 5.7L 8 Cylinder Engine Gasoline Fuel,6-Speed A/T,Gray,Gray,At least 1 accident or damage reported,Yes,46199.0,6,1.7565491806395195,0,3757.1428571428573,1
Honda,Fit Sport,2007,156111.0,Gasoline,109.0HP 1.5L 4 Cylinder Engine Gasoline Fuel,Transmission w/Dual Shift Mode,Red,Black,At least 1 accident or damage reported,Yes,5200.0,19,0.033309418878753716,0,7805.55,1
Chevrolet,Silverado 2500 LTZ,2016,172600.0,Diesel,397.0HP 6.6L 8 Cylinder Engine Diesel Fuel,A/T,Red,Black,At least 1 accident or damage reported,Yes,32500.0,10,0.1882955486932289,0,15690.90909090909,1
Honda,Accord Crosstour EX-L,2010,145000.0,Gasoline,271.0HP 3.5L V6 Cylinder Engine Gasoline Fuel,A/T,Green,Black,None reported,Yes,9000.0,16,0.062068537458362355,0,8529.411764705883,0
Ford,F-250 XLT Super Duty,2001,64309.0,Gasoline,260.0HP 5.4L 8 Cylinder Engine Gasoline Fuel,A/T,White,Gray,None reported,Yes,7500.0,25,0.11662260923651065,0,2473.423076923077,0
RAM,1500 TRX,2021,15183.0,Gasoline,702.0HP 6.2L 8 Cylinder Engine Gasoline Fuel,8-Speed A/T,Black,Black,None reported,Yes,90000.0,5,5.927291886195996,0,2530.5,0
Buick,Envision Essence,2020,28548.0,Gasoline,2.5L I4 16V GDI DOHC,6-Speed Automatic,Ebony Twilight Metallic,Ebony,None reported,Yes,32063.0,6,1.1230866229990542,0,4078.285714285714,0
Volkswagen,Atlas 3.6L SEL Premium R-Line,2022,14000.0,Gasoline,276.0HP 3.6L V6 Cylinder Engine Gasoline Fuel,8-Speed A/T,Gray,Black,None reported,Yes,46900.0,4,3.3497607313763305,0,2800.0,0
Mercedes-Benz,CLS 450 Base,2019,67000.0,Hybrid,369.0HP 3.0L Straight 6 Cylinder Engine Gasoline/Mild Electric Hybrid,Transmission w/Dual Shift Mode,Yellow,Black,None reported,Yes,44500.0,7,0.6641691915046044,1,8375.0,0
Jeep,Wrangler Unlimited Sport,2017,84786.0,Gasoline,285.0HP 3.6L V6 Cylinder Engine Gasoline Fuel,5-Speed A/T,Gray,Black,None reported,Yes,23500.0,9,0.27716513144703786,0,8478.6,0
Mercedes-Benz,S-Class S 63 AMG,2008,93000.0,Gasoline,518.0HP 6.2L 8 Cylinder Engine Gasoline Fuel,A/T,Black,Black,None reported,Yes,17800.0,18,0.19139579144310276,1,4894.736842105263,0
Hyundai,Genesis Coupe 3.8 Track,2010,127500.0,Gasoline,306.0HP 3.8L V6 Cylinder Engine Gasoline Fuel,6-Speed M/T,Blue,Black,At least 1 accident or damage reported,Yes,6000.0,16,0.04705845444349456,0,7500.0,1
Ford,Mustang Mach-E GT,2022,8000.0,Gasoline,480.0HP Electric Motor Electric Fuel System,1-Speed A/T,Blue,Black,None reported,Yes,60999.0,4,7.623922009748782,0,1600.0,0
GMC,Canyon Elevation Standard,2022,16500.0,Gasoline,308.0HP 3.6L V6 Cylinder Engine Gasoline Fuel,8-Speed A/T,Gray,Gray,None reported,Yes,32900.0,4,1.9938185564511242,0,3300.0,0
Jaguar,XK Base,2013,55700.0,Gasoline,385.0HP 5.0L 8 Cylinder Engine Gasoline Fuel,6-Speed A/T,Black,Black,None reported,Yes,27200.0,13,0.48832157411895655,0,3978.5714285714284,0
Ford,F-250 LARIAT,2021,42245.0,Diesel,Intercooled Turbo Diesel V-8 6.7 L/406,Automatic,Agate Black Metallic,Black,None reported,Yes,76598.0,5,1.81314207262226,0,7040.833333333333,0
Toyota,RAV4 Base,2009,78500.0,Gasoline,179.0HP 2.5L 4 Cylinder Engine Gasoline Fuel,4-Speed A/T,Silver,–,None reported,Yes,12000.0,17,0.1528642947223602,0,4361.111111111111,0
Ford,Expedition Platinum,2018,48619.0,Gasoline,400.0HP 3.5L V6 Cylinder Engine Gasoline Fuel,10-Speed A/T,Gray,White,None reported,Yes,51499.0,8,1.059214315096668,0,5402.111111111111,0
Jeep,Wrangler Unlimited 4xe Sahara,2021,51105.0,Hybrid,2.0L I4 16V GDI DOHC Turbo Hybrid,8-Speed Automatic,Black Clearcoat,Black,None reported,Yes,42700.0,5,0.8355183344421399,0,8517.5,0
Ford,F-150 XLT,2016,25880.0,E85 Flex Fuel,282.0HP 3.5L V6 Cylinder Engine Flex Fuel Capability,6-Speed A/T,Red,Gray,None reported,Yes,25500.0,10,0.9852787759360149,0,2352.7272727272725,0
Tesla,Model S Plaid,2021,20100.0,Gasoline,1020.0HP Electric Motor Electric Fuel System,A/T,Red,Black,None reported,Yes,69995.0,5,3.4821650664146064,0,3350.0,0
Toyota,Tacoma SR5,2018,25083.0,Gasoline,3.5L V6 24V PDI DOHC,6-Speed Automatic,Red,Gray,At least 1 accident or damage reported,Yes,34955.0,8,1.393517780258332,0,2787.0,1
Audi,TT Roadster quattro,2002,69300.0,Gasoline,225.0HP 1.8L 4 Cylinder Engine Gasoline Fuel,6-Speed M/T,Gray,Black,At least 1 accident or damage reported,Yes,9995.0,24,0.14422591304598778,1,2772.0,1
Toyota,Highlander Hybrid Limited Platinum,2019,46000.0,Hybrid,306.0HP 3.5L V6 Cylinder Engine Gas/Electric Hybrid,CVT Transmission,Silver,Black,None reported,Yes,40000.0,7,0.8695463142105606,0,5750.0,0
Jeep,Liberty Sport,2008,141485.0,Gasoline,210.0HP 3.7L V6 Cylinder Engine Gasoline Fuel,A/T,Black,Gray,At least 1 accident or damage reported,Yes,6500.0,18,0.0459409411531883,0,7446.578947368421,1
Toyota,Sequoia Limited,2018,63990.0,Gasoline,381.0HP 5.7L 8 Cylinder Engine Gasoline Fuel,6-Speed A/T,White,Gray,At least 1 accident or damage reported,Yes,48000.0,8,0.7501054835836289,0,7110.0,1
Ford,Transit-350 Base,2020,19400.0,Gasoline,310.0HP 3.5L V6 Cylinder Engine Gasoline Fuel,A/T,White,Black,None reported,Yes,58000.0,6,2.9895366218236172,0,2771.4285714285716,0
Subaru,BRZ Limited,2013,129858.0,Gasoline,200.0HP 2.0L 4 Cylinder Engine Gasoline Fuel,6-Speed A/T,Silver,Black,At least 1 accident or damage reported,Yes,13490.0,13,0.1038819026790596,0,9275.57142857143,1
Volvo,XC60 3.2,2012,102000.0,Gasoline,240.0HP 3.2L Straight 6 Cylinder Engine Gasoline Fuel,6-Speed A/T,Blue,Beige,None reported,Yes,10800.0,14,0.10588131488906971,0,6800.0,0
Subaru,Impreza WRX Sti Special Edition,2010,8700.0,Gasoline,305.0HP 2.5L 4 Cylinder Engine Gasoline Fuel,6-Speed M/T,Gray,Black,None reported,Yes,39900.0,16,4.585679806918745,0,511.7647058823529,0
Chevrolet,Bolt EV LT,2018,49279.0,Gasoline,200.0HP Electric Motor Electric Fuel System,1-Speed A/T,Red,Gray,None reported,Yes,17500.0,8,0.35511363636363635,0,5475.444444444444,0
Chevrolet,Monte Carlo Supercharged SS,2004,148800.0,Gasoline,240.0HP 3.8L V6 Cylinder Engine Gasoline Fuel,A/T,Red,Black,None reported,Yes,6500.0,22,0.04368250213372222,0,6469.565217391304,0
Cadillac,Escalade Platinum Edition,2012,160249.0,E85 Flex Fuel,403.0HP 6.2L 8 Cylinder Engine Flex Fuel Capability,A/T,Black,Black,None reported,Yes,12900.0,14,0.08049921996879875,0,10683.266666666666,0
Chrysler,300M Base,2004,45000.0,Gasoline,250.0HP 3.5L V6 Cylinder Engine Gasoline Fuel,A/T,Gray,Gray,None reported,Yes,6000.0,22,0.13333037043621254,0,1956.5217391304348,0
Chevrolet,Silverado 2500 LT H/D Extended Cab,2006,169000.0,Diesel,360.0HP 6.6L 8 Cylinder Engine Diesel Fuel,6-Speed A/T,White,Gray,None reported,Yes,19500.0,20,0.11538393263945183,0,8047.619047619048,0
Mercedes-Benz,AMG C 63 S,2017,46000.0,Gasoline,503.0HP 4.0L 8 Cylinder Engine Gasoline Fuel,7-Speed A/T,Gray,Black,None reported,Yes,56000.0,9,1.217364839894785,1,4600.0,0
Ferrari,488 Spider Base,2019,13900.0,Gasoline,660.0HP 3.9L 8 Cylinder Engine Gasoline Fuel,Transmission w/Dual Shift Mode,Red,Black,None reported,Yes,315000.0,7,22.660240270484138,0,1737.5,0
Acura,TLX V6 Tech,2015,38000.0,Gasoline,290.0HP 3.5L V6 Cylinder Engine Gasoline Fuel,9-Speed A/T,White,Black,None reported,Yes,21900.0,11,0.5763006236677982,0,3166.6666666666665,0
Chevrolet,Corvette Z06,2006,42000.0,Gasoline,505.0HP 7.0L 8 Cylinder Engine Gasoline Fuel,6-Speed M/T,Orange,Black,None reported,Yes,42000.0,20,0.9999761910430705,0,2000.0,0
Lexus,NX 350h Premium,2024,300.0,Hybrid,240.0HP 2.5L 4 Cylinder Engine Gas/Electric Hybrid,A/T,Black,Black,None reported,Yes,50999.0,2,169.43189368770763,1,100.0,0
Mercedes-Benz,SLK-Class SLK 350,2008,120800.0,Gasoline,268.0HP 3.5L V6 Cylinder Engine Gasoline Fuel,7-Speed A/T,Red,Beige,None reported,Yes,13900.0,18,0.11506527263847154,1,6357.894736842105,0
Jeep,Wrangler Unlimited Sahara,2020,76313.0,Gasoline,2.0L I4 16V GDI DOHC Turbo,8-Speed Automatic,Hellayella Clearcoat,Black,None reported,Yes,35234.0,6,0.4616977225672878,0,10901.857142857143,0
Chevrolet,Silverado 1500 LT,2012,104000.0,E85 Flex Fuel,315.0HP 5.3L 8 Cylinder Engine Flex Fuel Capability,6-Speed A/T,Blue,Gray,At least 1 accident or damage reported,Yes,16500.0,14,0.15865232065076298,0,6933.333333333333,1
Lexus,GX 460 Base,2010,97097.0,Gasoline,301.0HP 4.6L 8 Cylinder Engine Gasoline Fuel,A/T,Red,Beige,At least 1 accident or damage reported,Yes,22000.0,16,0.22657521267173372,1,5711.588235294118,1
Jeep,Wrangler Unlimited X,2008,136731.0,Gasoline,202.0HP 3.8L V6 Cylinder Engine Gasoline Fuel,A/T,Yellow,Gray,None reported,Yes,15900.0,18,0.11628587309481321,0,7196.368421052632,0
RAM,1500 Tradesman/Express,2017,40200.0,Gasoline,395.0HP 5.7L 8 Cylinder Engine Gasoline Fuel,A/T,Blue,Gray,At least 1 accident or damage reported,Yes,24000.0,9,0.5970000746250094,0,4020.0,1
Ford,Explorer ST,2021,39105.0,Gasoline,3.0L V6 24V GDI DOHC Twin Turbo,10-Speed Automatic,Black,–,None reported,Yes,44605.0,5,1.1406178080090013,0,6517.5,0
Mercedes-Benz,G 550 4x4 Squared Base,2017,23567.0,Gasoline,416.0HP 4.0L 8 Cylinder Engine Gasoline Fuel,Transmission w/Dual Shift Mode,White,Black,At least 1 accident or damage reported,Yes,215000.0,9,9.12253903598099,1,2356.7,1
BMW,M4 Competition,2021,12500.0,Gasoline,503.0HP 3.0L Straight 6 Cylinder Engine Gasoline Fuel,8-Speed A/T,Gray,Blue,At least 1 accident or damage reported,Yes,90000.0,5,7.199424046076314,1,2083.3333333333335,1
Chevrolet,Colorado ZR2,2019,38900.0,Gasoline,308.0HP 3.6L V6 Cylinder Engine Gasoline Fuel,8-Speed A/T,White,Black,None reported,Yes,34700.0,7,0.8920079175342536,0,4862.5,0
Lincoln,Navigator L Select,2016,84272.0,Gasoline,380.0HP 3.5L V6 Cylinder Engine Gasoline Fuel,6-Speed A/T,Black,Black,At least 1 accident or damage reported,Yes,25221.0,10,0.2992773486169948,0,7661.090909090909,1
Mercedes-Benz,E-Class E 350,2016,58375.0,Gasoline,302.0HP 3.5L V6 Cylinder Engine Gasoline Fuel,A/T,White,Beige,None reported,Yes,24999.0,10,0.4282410579690284,1,5306.818181818182,0
Ford,Mustang Shelby GT500,2007,7346.0,Gasoline,500.0HP 5.4L 8 Cylinder Engine Gasoline Fuel,6-Speed M/T,Red,Black,None reported,Yes,40999.0,19,5.5803729413366,0,367.3,0
Dodge,Charger SRT8,2008,98231.0,Gasoline,425.0HP 6.1L 8 Cylinder Engine Gasoline Fuel,5-Speed A/T,Blue,Black,At least 1 accident or damage reported,Yes,15500.0,18,0.15778972229008878,0,5170.0526315789475,1
Jaguar,XK Base,2007,56000.0,Gasoline,300.0HP 4.2L 8 Cylinder Engine Gasoline Fuel,A/T,White,Beige,None reported,Yes,18000.0,19,0.3214228317351476,0,2800.0,0
Honda,Civic EX,2020,13935.0,Gasoline,174.0HP 1.5L 4 Cylinder Engine Gasoline Fuel,CVT Transmission,Gray,Black,None reported,Yes,26000.0,6,1.8656716417910448,0,1990.7142857142858,0
Subaru,Impreza 2.0i,2019,30000.0,Gasoline,152.0HP 2.0L 4 Cylinder Engine Gasoline Fuel,CVT Transmission,Gray,Black,At least 1 accident or damage reported,Yes,21250.0,7,0.708309723009233,0,3750.0,1
Saab,9-3 Aero,2009,106000.0,Gasoline,280.0HP 2.8L V6 Cylinder Engine Gasoline Fuel,6-Speed A/T,Red,Black,None reported,Yes,12950.0,17,0.12216865878623787,0,5888.888888888889,0
BMW,650 Gran Coupe i xDrive,2014,82978.0,Gasoline,445.0HP 4.4L 8 Cylinder Engine Gasoline Fuel,8-Speed A/T,Black,White,None reported,Yes,18700.0,12,0.22535822316489715,1,6382.923076923077,0
Jeep,Wrangler Unlimited Sport,2018,58500.0,Gasoline,285.0HP 3.6L V6 Cylinder Engine Gasoline Fuel,8-Speed A/T,Black,Black,None reported,Yes,35000.0,8,0.5982803712757047,0,6500.0,0
Ford,F-350 King Ranch,2015,92421.0,Diesel,440.0HP 6.7L 8 Cylinder Engine Diesel Fuel,6-Speed A/T,White,Brown,None reported,Yes,51900.0,11,0.5615546082101665,0,7701.75,0
Mazda,CX-30 Preferred,2020,9927.0,Gasoline,2.5L I4 16V GDI DOHC,6-Speed Automatic,Snowflake White Pearl,Black,None reported,Yes,27518.0,6,2.7717566478646254,0,1418.142857142857,0
Jeep,Wrangler Sport,2000,122945.0,Gasoline,181.0HP 4.0L Straight 6 Cylinder Engine Gasoline Fuel,5-Speed M/T,Beige,Brown,None reported,Yes,13900.0,26,0.11305776519772909,0,4553.518518518518,0
Lexus,RX 330 Base,2006,110250.0,Gasoline,230.0HP 3.3L V6 Cylinder Engine Gasoline Fuel,A/T,White,Beige,None reported,Yes,11000.0,20,0.09977233766587151,1,5250.0,0
INFINITI,QX56 Base,2011,103010.0,Gasoline,400.0HP 5.6L 8 Cylinder Engine Gasoline Fuel,7-Speed A/T,Black,Beige,None reported,Yes,13500.0,15,0.13105396511052217,0,6438.125,0
Hyundai,Veloster Value Edition,2017,55359.0,Gasoline,1.6L I4 16V GDI DOHC,6-Speed Automatic with Auto-Shift,Ironman Silver,Black,None reported,Yes,15599.0,9,0.2817738439306358,0,5535.9,0
Chevrolet,Silverado 1500 LT Extended Cab,2002,118500.0,Gasoline,285.0HP 5.3L 8 Cylinder Engine Gasoline Fuel,A/T,Silver,Black,At least 1 accident or damage reported,Yes,5900.0,24,0.04978860937882381,0,4740.0,1
Rivian,R1S Launch Edition,2022,7800.0,Gasoline,835.0HP Electric Motor Electric Fuel System,1-Speed A/T,Green,Black,None reported,Yes,92500.0,4,11.857454172541981,0,1560.0,0
Land,Rover Range Rover HSE SWB,2020,41500.0,Hybrid,395.0HP 3.0L Straight 6 Cylinder Engine Gasoline/Mild Electric Hybrid,8-Speed A/T,Gray,Gray,None reported,Yes,68000.0,6,1.6385147345847089,1,5928.571428571428,0
BMW,M4 Base,2020,28000.0,Gasoline,425.0HP 3.0L Straight 6 Cylinder Engine Gasoline Fuel,7-Speed A/T,White,White,None reported,Yes,59900.0,6,2.139209313953073,1,4000.0,0
Mercedes-Benz,E-Class E 350,2014,53500.0,Gasoline,302.0HP 3.5L V6 Cylinder Engine Gasoline Fuel,A/T,Black,Brown,None reported,Yes,24500.0,12,0.45793536569409915,1,4115.384615384615,0
Honda,Accord Hybrid Base,2021,33523.0,Hybrid,2.0L I4 16V MPFI DOHC Hybrid,Automatic CVT,Lunar Silver Metallic,Gray,None reported,Yes,28748.0,5,0.8575349003698842,0,5587.166666666667,0
Toyota,Prius v Three,2016,86300.0,Hybrid,134.0HP 1.8L 4 Cylinder Engine Gas/Electric Hybrid,A/T,Gray,Black,At least 1 accident or damage reported,Yes,18000.0,10,0.20857232245281052,0,7845.454545454545,1
Subaru,WRX Premium,2022,7738.0,Gasoline,271.0HP 2.4L 4 Cylinder Engine Gasoline Fuel,Transmission w/Dual Shift Mode,Orange,Black,At least 1 accident or damage reported,Yes,33000.0,4,4.264116810957488,0,1547.6,1
Bentley,Bentayga Speed,2020,22001.0,Gasoline,6.0L W12 48V PDI DOHC Twin Turbo,8-Speed Automatic,Beluga Black,Hotspur Hide,None reported,Yes,173995.0,6,7.908144714116898,1,3143.0,0
Ford,Explorer ST,2022,14361.0,Gasoline,400.0HP 3.0L V6 Cylinder Engine Gasoline Fuel,10-Speed A/T,Black,Black,None reported,Yes,51500.0,4,3.5858515527085366,0,2872.2,0
Chevrolet,Suburban LT,2016,98000.0,E85 Flex Fuel,355.0HP 5.3L 8 Cylinder Engine Flex Fuel Capability,Transmission Overdrive Switch,Gray,Gray,At least 1 accident or damage reported,Yes,30000.0,10,0.306119325313007,0,8909.09090909091,1
Chevrolet,Silverado 1500 Limited Custom,2022,30455.0,Gasoline,2.7 Liter DOHC Turbo,Automatic,Summit White,Jet Black,None reported,Yes,37698.0,4,1.2377856579984239,0,6091.0,0
Ford,Explorer Platinum,2020,64552.0,Gasoline,3.0L V6 24V GDI DOHC Twin Turbo,10-Speed Automatic,Iconic Silver Metallic,Ebony,At least 1 accident or damage reported,Yes,36750.0,6,0.569299645252738,0,9221.714285714286,1
Lexus,RX 350 Base,2017,103866.0,Gasoline,295.0HP 3.5L V6 Cylinder Engine Gasoline Fuel,8-Speed A/T,Beige,Beige,At least 1 accident or damage reported,Yes,24700.0,9,0.2378041148776801,1,10386.6,1
Land,Rover Range Rover 3.0L V6 Supercharged HSE,2019,35650.0,Gasoline,380.0HP 3.0L V6 Cylinder Engine Gasoline Fuel,8-Speed A/T,Black,Black,At least 1 accident or damage reported,Yes,57999.0,7,1.6268547866820005,1,4456.25,1
Ford,Explorer Platinum,2021,64957.0,Gasoline,3.0L V6 24V GDI DOHC Twin Turbo,10-Speed Automatic,Black,Light Slate,None reported,Yes,39979.0,5,0.6154592198035653,0,10826.166666666666,0
Dodge,Challenger SRT8 392,2012,33700.0,–,–,6-Speed M/T,Black,Black,None reported,Yes,33500.0,14,0.9940357852882704,0,2246.6666666666665,0
Chevrolet,Equinox 2LT,2012,96653.0,Gasoline,264.0HP 3.0L V6 Cylinder Engine Gasoline Fuel,6-Speed A/T,Black,Brown,At least 1 accident or damage reported,Yes,7500.0,14,0.07759637469737414,0,6443.533333333334,1
Dodge,Challenger SXT,2022,29500.0,Gasoline,303.0HP 3.6L V6 Cylinder Engine Gasoline Fuel,8-Speed A/T,Gray,Black,None reported,Yes,31000.0,4,1.0508118368868853,0,5900.0,0
Porsche,911 Carrera,2021,7400.0,Gasoline,379.0HP 3.0L Flat 6 Cylinder Engine Gasoline Fuel,8-Speed A/T,Red,Black,None reported,Yes,116999.0,5,15.808539386569382,1,1233.3333333333333,0
Volvo,XC70 T6 Platinum,2012,69000.0,Gasoline,300.0HP 3.0L Straight 6 Cylinder Engine Gasoline Fuel,A/T,Silver,Black,At least 1 accident or damage reported,Yes,15900.0,14,0.23043144302256488,0,4600.0,1
Lexus,GX 470 Base,2005,198000.0,Gasoline,270.0HP 4.7L 8 Cylinder Engine Gasoline Fuel,5-Speed A/T,Gray,Gray,At least 1 accident or damage reported,Yes,15500.0,21,0.07828243291700547,1,9000.0,1
Porsche,911 Carrera GTS,2015,23600.0,Gasoline,430.0HP 3.8L Flat 6 Cylinder Engine Gasoline Fuel,7-Speed M/T,Red,Black,None reported,Yes,132900.0,11,5.631117325537054,1,1966.6666666666667,0
Volvo,XC70 3.2,2008,170000.0,Gasoline,235.0HP 3.2L Straight 6 Cylinder Engine Gasoline Fuel,6-Speed A/T,White,Beige,None reported,Yes,7000.0,18,0.0411762283751272,0,8947.368421052632,0
Nissan,350Z NISMO,2008,76500.0,Gasoline,306.0HP 3.5L V6 Cylinder Engine Gasoline Fuel,6-Speed M/T,Silver,Red,At least 1 accident or damage reported,Yes,28000.0,18,0.36600828747336633,0,4026.315789473684,1
Porsche,911 Turbo,2007,73500.0,Gasoline,480.0HP 3.6L Flat 6 Cylinder Engine Gasoline Fuel,5-Speed A/T,Black,Black,None reported,Yes,75499.0,19,1.027183303628522,1,3675.0,0
Land,Rover Range Rover SWB,2020,29000.0,Hybrid,355.0HP 3.0L Straight 6 Cylinder Engine Gasoline/Mild Electric Hybrid,A/T,Black,Black,None reported,Yes,70000.0,6,2.413709872073377,1,4142.857142857143,0
Porsche,Cayenne E-Hybrid S Platinum Edition,2017,69404.0,Plug-In Hybrid,416.0HP 3.0L V6 Cylinder Engine Plug-In Electric/Gas,8-Speed A/T,Black,Beige,At least 1 accident or damage reported,Yes,29500.0,9,0.4250414235285642,1,6940.4,1
Lexus,IS 350 Base,2007,103000.0,Gasoline,306.0HP 3.5L V6 Cylinder Engine Gasoline Fuel,6-Speed A/T,Red,Beige,At least 1 accident or damage reported,Yes,12900.0,19,0.12524150250968438,1,5150.0,1
Porsche,Macan S,2015,70500.0,Gasoline,340.0HP 3.0L V6 Cylinder Engine Gasoline Fuel,Transmission w/Dual Shift Mode,Silver,Black,At least 1 accident or damage reported,Yes,26500.0,11,0.3758811931745649,1,5875.0,1
Land,Rover Range Rover 5.0L Supercharged,2016,64000.0,Gasoline,510.0HP 5.0L 8 Cylinder Engine Gasoline Fuel,Transmission w/Dual Shift Mode,White,White,None reported,Yes,36995.0,10,0.5780378431587007,1,5818.181818181818,0
GMC,Savana 2500 Work Van,2018,63460.0,E85 Flex Fuel,341.0HP 6.0L 8 Cylinder Engine Flex Fuel Capability,A/T,White,Beige,None reported,Yes,33000.0,8,0.5200044121586486,0,7051.111111111111,0
Toyota,4Runner SR5,2018,32199.0,Gasoline,270.0HP 4.0L V6 Cylinder Engine Gasoline Fuel,A/T,Silver,Black,None reported,Yes,35500.0,8,1.1024844720496894,0,3577.6666666666665,0
Hyundai,Palisade SEL,2020,69487.0,Gasoline,291.0HP 3.8L V6 Cylinder Engine Gasoline Fuel,A/T,White,Black,None reported,Yes,32000.0,6,0.46051116739580933,0,9926.714285714286,0
GMC,Sierra 2500 Denali,2015,86000.0,Diesel,397.0HP 6.6L 8 Cylinder Engine Diesel Fuel,A/T,Gray,Brown,None reported,Yes,49000.0,11,0.5697608167346891,0,7166.666666666667,0
Genesis,GV70 3.5T Sport,2022,8730.0,Gasoline,3.5L V6 24V PDI DOHC Twin Turbo,8-Speed Automatic,Alta White,Red,None reported,Yes,48219.0,4,5.522735081892108,0,1746.0,0
Dodge,Ram Van 1500,2002,70000.0,Gasoline,175.0HP 3.9L V6 Cylinder Engine Gasoline Fuel,A/T,Red,Beige,At least 1 accident or damage reported,Yes,8000.0,24,0.11428408165597634,0,2800.0,1
Chevrolet,Impala 1LT,2017,70000.0,Gasoline,305.0HP 3.6L V6 Cylinder Engine Gasoline Fuel,6-Speed A/T,White,Gray,At least 1 accident or damage reported,Yes,17900.0,9,0.2557106327052471,0,7000.0,1
Audi,A4 2.0T Premium Plus,2015,83420.0,E85 Flex Fuel,220.0HP 2.0L 4 Cylinder Engine Flex Fuel Capability,8-Speed A/T,Red,Gray,At least 1 accident or damage reported,Yes,16000.0,11,0.19179822826386642,1,6951.666666666667,1
Nissan,Altima 2.5 S,2003,189000.0,Gasoline,175.0HP 2.5L 4 Cylinder Engine Gasoline Fuel,A/T,Silver,Beige,At least 1 accident or damage reported,Yes,2899.0,23,0.015338543182311204,0,7875.0,1
Porsche,911 Carrera 4S,2017,31500.0,Gasoline,420.0HP 3.0L Flat 6 Cylinder Engine Gasoline Fuel,7-Speed A/T,Blue,Red,None reported,Yes,97555.0,9,3.096885813148789,1,3150.0,0
BMW,X1 xDrive 28i,2015,85766.0,Gasoline,240.0HP 2.0L 4 Cylinder Engine Gasoline Fuel,A/T,Gray,Black,None reported,Yes,13000.0,11,0.1515734489955344,1,7147.166666666667,0
GMC,Yukon Denali,2018,92800.0,Gasoline,420.0HP 6.2L 8 Cylinder Engine Gasoline Fuel,10-Speed A/T,White,Black,None reported,Yes,34000.0,8,0.3663753623344576,0,10311.111111111111,0
Land,Rover Defender SE,2021,13970.0,Hybrid,395.0HP 3.0L Straight 6 Cylinder Engine Gasoline/Mild Electric Hybrid,A/T,Gray,Black,None reported,Yes,75500.0,5,5.404051249015819,1,2328.3333333333335,0
Porsche,911 Turbo S,2023,154.0,Gasoline,3.8L H6 24V GDI DOHC Twin Turbo,8-Speed Automatic with Auto-Shift,Python Green,Black,None reported,Yes,274900.0,3,1773.5483870967741,1,38.5,0
Toyota,Land Cruiser Base,2000,265000.0,Gasoline,230.0HP 4.7L 8 Cylinder Engine Gasoline Fuel,4-Speed A/T,Black,Beige,None reported,Yes,15500.0,26,0.058490345319451624,0,9814.814814814816,0
Scion,xB Base,2011,95426.0,Gasoline,158.0HP 2.4L 4 Cylinder Engine Gasoline Fuel,A/T,Green,Gray,None reported,Yes,8000.0,15,0.08383371582466179,0,5964.125,0
Honda,S2000 Base,2001,119900.0,Gasoline,240.0HP 2.0L 4 Cylinder Engine Gasoline Fuel,6-Speed M/T,Black,Red,At least 1 accident or damage reported,Yes,18000.0,25,0.15012385217804688,0,4611.538461538462,1
Mazda,CX-30 Select,2020,23162.0,Gasoline,2.5L I4 16V GDI DOHC,6-Speed Automatic,Soul Red Crystal Metallic,Black,None reported,Yes,25495.0,6,1.1006778051202348,0,3308.8571428571427,0
BMW,M4 Competition,2023,3950.0,Gasoline,503.0HP 3.0L Straight 6 Cylinder Engine Gasoline Fuel,A/T,White,Blue,None reported,Yes,83500.0,3,21.133890154391292,1,987.5,0
Porsche,911 Carrera 4S,2006,80000.0,Gasoline,355.0HP 3.8L Flat 6 Cylinder Engine Gasoline Fuel,6-Speed M/T,Black,Beige,None reported,Yes,43000.0,20,0.5374932813339833,1,3809.5238095238096,0
Ford,F-250 Lariat,2015,94634.0,E85 Flex Fuel,385.0HP 6.2L 8 Cylinder Engine Flex Fuel Capability,A/T,White,Black,At least 1 accident or damage reported,Yes,32500.0,11,0.34342473714798966,0,7886.166666666667,1
Chevrolet,Corvette Base,2007,65000.0,Gasoline,400.0HP 6.0L 8 Cylinder Engine Gasoline Fuel,6-Speed A/T,Silver,Beige,At least 1 accident or damage reported,Yes,33885.0,19,0.5212996723127337,0,3250.0,1
Lexus,LS 460 L,2008,100000.0,Gasoline,380.0HP 4.6L 8 Cylinder Engine Gasoline Fuel,A/T,Black,Black,At least 1 accident or damage reported,Yes,11500.0,18,0.11499885001149988,1,5263.1578947368425,1
Toyota,Sienna XSE 25th Anniversary,2023,500.0,Hybrid,245.0HP 2.5L 4 Cylinder Engine Gas/Electric Hybrid,A/T,White,Black,None reported,Yes,59500.0,3,118.7624750499002,0,125.0,0
Mercedes-Benz,AMG G 63 Base,2021,7856.0,Gasoline,4.0L V8 32V GDI DOHC Twin Turbo,9-Speed Automatic,China Blue,Black,None reported,Yes,425000.0,5,54.09189257986509,1,1309.3333333333333,0
Audi,A4 2.0T Premium quattro,2011,181000.0,Gasoline,211.0HP 2.0L 4 Cylinder Engine Gasoline Fuel,A/T,White,Black,None reported,Yes,5500.0,15,0.030386572449875967,1,11312.5,0
Mercedes-Benz,GLC 300 Base 4MATIC,2018,48700.0,Gasoline,241.0HP 2.0L 4 Cylinder Engine Gasoline Fuel,9-Speed A/T,Blue,Brown,None reported,Yes,27900.0,8,0.5728835136855506,1,5411.111111111111,0
Porsche,911 Turbo Cabriolet,2009,13500.0,Gasoline,480.0HP 3.6L Flat 6 Cylinder Engine Gasoline Fuel,6-Speed M/T,Gray,Black,None reported,Yes,130000.0,17,9.6289163765647,1,750.0,0
Toyota,86 860 Special Edition,2017,87500.0,Gasoline,200.0HP 2.0L 4 Cylinder Engine Gasoline Fuel,6-Speed A/T,Silver,Black,None reported,Yes,20000.0,9,0.22856881635638449,0,8750.0,0
Jaguar,XJ8 L,2000,45000.0,Gasoline,290.0HP 4.0L 8 Cylinder Engine Gasoline Fuel,A/T,Silver,Beige,None reported,Yes,12500.0,26,0.2777716050754428,0,1666.6666666666667,0
Chevrolet,Corvette Base,1996,85760.0,Gasoline,300.0HP 5.7L 8 Cylinder Engine Gasoline Fuel,4-Speed A/T,Silver,Black,None reported,Yes,14500.0,30,0.16907452105269294,0,2766.451612903226,0
Tesla,Model 3 Long Range,2018,36187.0,Gasoline,271.0HP Electric Motor Electric Fuel System,1-Speed A/T,White,Black,None reported,Yes,28895.0,8,0.7984691057809219,0,4020.777777777778,0
Hyundai,Tucson SEL,2022,13666.0,Gasoline,2.5L I4 16V PDI DOHC,8-Speed Automatic,Portofino Gray,Black,None reported,Yes,27999.0,4,2.048657349820736,0,2733.2,0
Porsche,911 Carrera S,2007,50500.0,Gasoline,355.0HP 3.8L Flat 6 Cylinder Engine Gasoline Fuel,6-Speed M/T,Silver,Black,None reported,Yes,56000.0,19,1.108888932892418,1,2525.0,0
Lincoln,Nautilus Reserve,2021,19291.0,Gasoline,2.0L I4 16V GDI DOHC Turbo,8-Speed Automatic,Black,Ebony,None reported,Yes,44340.0,5,2.298362015343147,0,3215.1666666666665,0
Ford,Mustang Boss 302,2012,1295.0,Gasoline,444.0HP 5.0L 8 Cylinder Engine Gasoline Fuel,M/T,Silver,Black,None reported,Yes,49990.0,14,38.57253086419753,0,86.33333333333333,0
Cadillac,Escalade Premium Luxury,2017,55000.0,Gasoline,420.0HP 6.2L 8 Cylinder Engine Gasoline Fuel,8-Speed A/T,White,Beige,At least 1 accident or damage reported,Yes,49900.0,9,0.9072562317048781,0,5500.0,1
MINI,Cooper Base,2010,74000.0,Gasoline,118.0HP 1.6L 4 Cylinder Engine Gasoline Fuel,6-Speed M/T,Yellow,Black,None reported,Yes,9650.0,16,0.1304036431940109,0,4352.941176470588,0
Dodge,Durango R/T,2022,14976.0,Gasoline,5.7L V8 16V MPFI OHV,8-Speed Automatic,White Knuckle Clearcoat,Black,None reported,Yes,49999.0,4,3.3383855244708553,0,2995.2,0
BMW,X5 xDrive35i,2018,25348.0,Gasoline,3.0L I6 24V GDI DOHC Turbo,8-Speed Automatic,Imperial Blue Metallic,Black,At least 1 accident or damage reported,Yes,33889.0,8,1.336896919010612,1,2816.4444444444443,1
Chevrolet,Corvette Base,2010,23133.0,Gasoline,430.0HP 6.2L 8 Cylinder Engine Gasoline Fuel,6-Speed M/T,White,Black,None reported,Yes,35000.0,16,1.512924699576381,0,1360.764705882353,0
Jaguar,XE 20d Prestige,2018,34322.0,Diesel,2.0 Liter,Automatic,Blue,Beige,None reported,Yes,29998.0,8,0.8739912012353233,0,3813.5555555555557,0
Dodge,Challenger R/T,2021,39960.0,Gasoline,375.0HP 5.7L 8 Cylinder Engine Gasoline Fuel,8-Speed A/T,White,Gray,At least 1 accident or damage reported,Yes,28500.0,5,0.7131953654813443,0,6660.0,1
BMW,550 i xDrive,2016,76400.0,Gasoline,445.0HP 4.4L 8 Cylinder Engine Gasoline Fuel,8-Speed A/T,Black,Black,At least 1 accident or damage reported,Yes,31300.0,10,0.4096805015641157,1,6945.454545454545,1
Ford,Explorer XLT,2022,18533.0,Gasoline,2.3L I4 16V GDI DOHC Turbo,10-Speed Automatic,White,Ebony,None reported,Yes,38978.0,4,2.1030538469839213,0,3706.6,0
GMC,Yukon XL Denali,2023,7500.0,Gasoline,420.0HP 6.2L 8 Cylinder Engine Gasoline Fuel,10-Speed A/T,Gray,Black,None reported,Yes,92888.0,3,12.383415544594055,0,1875.0,0
INFINITI,QX80 SENSORY,2022,26520.0,Gasoline,400.0HP 5.6L 8 Cylinder Engine Gasoline Fuel,7-Speed A/T,Blue,Brown,At least 1 accident or damage reported,Yes,64000.0,4,2.4131820067116623,0,5304.0,1
Land,Rover Range Rover 3.0L Supercharged,2014,59500.0,E85 Flex Fuel,340.0HP 3.0L V6 Cylinder Engine Flex Fuel Capability,A/T,Red,Black,None reported,Yes,33800.0,12,0.5680576797028621,1,4576.923076923077,0
Honda,Pilot EX-L,2020,44000.0,Gasoline,280.0HP 3.5L V6 Cylinder Engine Gasoline Fuel,A/T,White,Black,None reported,Yes,34999.0,6,0.7954137405968046,0,6285.714285714285,0
Pontiac,Firebird Base,2001,111000.0,Gasoline,200.0HP 3.8L V6 Cylinder Engine Gasoline Fuel,A/T,White,Gray,None reported,Yes,11000.0,25,0.09909820632246556,0,4269.2307692307695,0
Toyota,4Runner Limited,2016,82260.0,Gasoline,4.0L V6 24V MPFI DOHC,5-Speed Automatic,Nautical Blue Pearl,Black,None reported,Yes,31906.0,10,0.38786302135884565,0,7478.181818181818,0
Porsche,911 Carrera Cabriolet,2006,52744.0,Gasoline,325.0HP 3.6L Flat 6 Cylinder Engine Gasoline Fuel,Transmission w/Dual Shift Mode,Gray,Black,At least 1 accident or damage reported,Yes,37500.0,20,0.7109678642525358,1,2511.6190476190477,1
BMW,i8 Base,2019,28200.0,Plug-In Hybrid,369.0HP 1.5L 3 Cylinder Engine Plug-In Electric/Gas,Transmission w/Dual Shift Mode,Gray,Beige,At least 1 accident or damage reported,Yes,79950.0,7,2.8350058508563527,1,3525.0,1
Nissan,Maxima GLE,2000,194277.0,Gasoline,222.0HP 3.0L V6 Cylinder Engine Gasoline Fuel,A/T,Blue,Beige,At least 1 accident or damage reported,Yes,2300.0,26,0.011838705360359896,0,7195.444444444444,1
Pontiac,Firebird Trans Am,2001,91812.0,Gasoline,310.0HP 5.7L 8 Cylinder Engine Gasoline Fuel,A/T,Green,Black,None reported,Yes,12850.0,25,0.13995839369152516,0,3531.230769230769,0
Chevrolet,Suburban Premier,2018,84224.0,Gasoline,5.3L V8 16V GDI OHV,6-Speed Automatic,Tungsten Metallic,Jet Black,None reported,Yes,43775.0,8,0.5197387948946275,0,9358.222222222223,0
BMW,X2 xDrive28i,2018,66690.0,Gasoline,228.0HP 2.0L 4 Cylinder Engine Gasoline Fuel,Transmission w/Dual Shift Mode,Gray,Black,At least 1 accident or damage reported,Yes,24900.0,8,0.37336372224138187,1,7410.0,1
Mercedes-Benz,AMG C 43 Base 4MATIC,2018,41500.0,Gasoline,362.0HP 3.0L V6 Cylinder Engine Gasoline Fuel,9-Speed A/T,White,Brown,At least 1 accident or damage reported,Yes,39848.0,8,0.9601696344666394,1,4611.111111111111,1
BMW,750 i xDrive,2014,85095.0,Gasoline,445.0HP 4.4L 8 Cylinder Engine Gasoline Fuel,8-Speed A/T,Black,Brown,At least 1 accident or damage reported,Yes,24900.0,12,0.29261069850521765,1,6545.7692307692305,1
Volvo,S60 T5 Premier Plus,2015,39000.0,Gasoline,250.0HP 2.5L 5 Cylinder Engine Gasoline Fuel,Transmission w/Dual Shift Mode,Silver,Gray,At least 1 accident or damage reported,Yes,17900.0,11,0.4589625907028025,0,3250.0,1
Tesla,Model Y Long Range,2022,20500.0,Gasoline,425.0HP Electric Motor Electric Fuel System,1-Speed A/T,Gray,Black,None reported,Yes,46500.0,4,2.2681820399004926,0,4100.0,0
Ford,F-350 Platinum,2019,112000.0,Diesel,450.0HP 6.7L 8 Cylinder Engine Diesel Fuel,6-Speed A/T,Black,Black,None reported,Yes,61995.0,7,0.5535218435549683,0,14000.0,0
Volkswagen,ID.4 Pro S,2023,1716.0,Gasoline,Battery Electric,Automatic,Gray,Gray w/Blue Bolsters,None reported,Yes,39998.0,3,23.295282469423412,0,429.0,0
Audi,A3 2.0T Premium,2016,90360.0,Gasoline,220.0HP 2.0L 4 Cylinder Engine Gasoline Fuel,A/T,Black,Black,At least 1 accident or damage reported,Yes,15499.0,10,0.17152311284735672,1,8214.545454545454,1
Ford,Explorer Limited,2020,82146.0,Gasoline,2.3L I4 16V GDI DOHC Turbo,10-Speed Automatic,Gray,Ebony,None reported,Yes,30825.0,6,0.37524194431933,0,11735.142857142857,0
Ford,Mustang GT Premium,2020,16850.0,Gasoline,460.0HP 5.0L 8 Cylinder Engine Gasoline Fuel,10-Speed A/T,Blue,Black,At least 1 accident or damage reported,Yes,41000.0,6,2.4330900243309004,0,2407.1428571428573,1
Honda,S2000 Base,2003,101000.0,Gasoline,240.0HP 2.0L 4 Cylinder Engine Gasoline Fuel,6-Speed M/T,Silver,Black,None reported,Yes,28000.0,23,0.27722497797051515,0,4208.333333333333,0
BMW,M235 i,2015,68750.0,Gasoline,320.0HP 3.0L Straight 6 Cylinder Engine Gasoline Fuel,6-Speed M/T,Red,Black,None reported,Yes,25999.0,11,0.3781617721924045,1,5729.166666666667,0
Lamborghini,Aventador S Base,2018,5858.0,Gasoline,729.0HP 6.5L 12 Cylinder Engine Gasoline Fuel,7-Speed A/T,White,Gray,None reported,Yes,491836.0,8,83.94538317118962,0,650.8888888888889,0
Dodge,Durango SLT,2004,143000.0,Gasoline,335.0HP 5.7L 8 Cylinder Engine Gasoline Fuel,A/T,Beige,Beige,None reported,Yes,3200.0,22,0.02237746589184691,0,6217.391304347826,0
Nissan,Armada LE,2005,152270.0,Gasoline,305.0HP 5.6L 8 Cylinder Engine Gasoline Fuel,A/T,Green,Beige,At least 1 accident or damage reported,Yes,6900.0,21,0.04531394684477018,0,6921.363636363636,1
Kia,Sorento S,2021,19605.0,Gasoline,2.5L I4 16V PDI DOHC,8-Speed Automatic,Glacial White Pearl,Black,None reported,Yes,33591.0,5,1.713302050392737,0,3267.5,0
Chevrolet,Silverado 1500 RST,2020,19200.0,Gasoline,355.0HP 5.3L 8 Cylinder Engine Gasoline Fuel,10-Speed A/T,Gray,Black,None reported,Yes,69999.0,6,3.6455913754491953,0,2742.8571428571427,0
Chevrolet,Impala Base,2004,64500.0,Gasoline,180.0HP 3.4L V6 Cylinder Engine Gasoline Fuel,A/T,Beige,Beige,None reported,Yes,5900.0,22,0.0914714500550379,0,2804.3478260869565,0
Toyota,Tacoma PreRunner,2011,149000.0,Gasoline,236.0HP 4.0L V6 Cylinder Engine Gasoline Fuel,A/T,Black,Beige,None reported,Yes,18995.0,15,0.12748236589016182,0,9312.5,0
McLaren,570S Spider,2018,5918.0,Gasoline,3.8L V8 32V MPFI DOHC Twin Turbo,7-Speed Automatic with Auto-Shift,Silician Yellow,Jet Black,None reported,Yes,179900.0,8,30.393647575603985,0,657.5555555555555,0
Pontiac,Firebird Trans Am,1997,134033.0,Gasoline,285.0HP 5.7L 8 Cylinder Engine Gasoline Fuel,A/T,Red,Beige,At least 1 accident or damage reported,Yes,7200.0,29,0.05371771341599892,0,4467.766666666666,1
Kia,Stinger GT1,2019,37226.0,Gasoline,"3.3L V-6 gasoline direct injection, DOHC, D-CVVT variable valve",Automatic,Snow White Pearl,Black,None reported,Yes,34998.0,7,0.9401241034732856,0,4653.25,0
Ford,Escape SE,2017,71924.0,Gasoline,179.0HP 1.5L 4 Cylinder Engine Gasoline Fuel,A/T,Beige,Beige,None reported,Yes,13700.0,9,0.19047619047619047,0,7192.4,0
Lamborghini,Huracan EVO Coupe,2021,5718.0,Gasoline,"5.2L V-10 gasoline direct injection, DOHC, variable valve contro",Automatic,Arancio Borealis,Nero Ade,None reported,Yes,279991.0,5,48.958034621437314,0,953.0,0
Jeep,Wrangler Unlimited Sport,2014,122200.0,Gasoline,285.0HP 3.6L V6 Cylinder Engine Gasoline Fuel,A/T,Orange,Black,At least 1 accident or damage reported,Yes,21500.0,12,0.1759396404284744,0,9400.0,1
Land,Rover Range Rover Sport HST MHEV,2020,37248.0,Hybrid,395.0HP 3.0L Straight 6 Cylinder Engine Gasoline/Mild Electric Hybrid,8-Speed A/T,Silver,Black,None reported,Yes,54500.0,6,1.4631265268866278,1,5321.142857142857,0
Chevrolet,Silverado 1500 Base,1999,88750.0,Gasoline,255.0HP 4.8L 8 Cylinder Engine Gasoline Fuel,A/T,White,Gray,None reported,Yes,6800.0,27,0.07661885499881692,0,3169.6428571428573,0
Cadillac,XLR V,2008,64800.0,Gasoline,443.0HP 4.4L 8 Cylinder Engine Gasoline Fuel,6-Speed A/T,Black,Black,None reported,Yes,24700.0,18,0.3811669573000417,0,3410.5263157894738,0
Ford,Fusion Hybrid Titanium,2014,112180.0,Hybrid,2.0L I4 16V MPFI DOHC Hybrid,Automatic CVT,White,Charcoal Black,None reported,Yes,12599.0,12,0.11230957113949777,0,8629.23076923077,0
RAM,2500 SLT,2015,149130.0,Diesel,350.0HP 6.7L Straight 6 Cylinder Engine Diesel Fuel,6-Speed A/T,White,Black,At least 1 accident or damage reported,Yes,35000.0,11,0.23469298804406863,0,12427.5,1
Tesla,Model Y Long Range,2020,88000.0,Gasoline,425.0HP Electric Motor Electric Fuel System,1-Speed A/T,Gray,White,None reported,Yes,35500.0,6,0.40340450676696854,0,12571.42857142857,0
Toyota,Highlander XLE,2018,74000.0,Gasoline,295.0HP 3.5L V6 Cylinder Engine Gasoline Fuel,8-Speed A/T,White,Black,None reported,Yes,27950.0,8,0.3776975986810989,0,8222.222222222223,0
Ford,F-150 XLT,2019,44460.0,Gasoline,325.0HP 2.7L V6 Cylinder Engine Gasoline Fuel,10-Speed A/T,Red,Gray,None reported,Yes,34500.0,7,0.7759609545444321,0,5557.5,0
GMC,Acadia SLE-2,2015,96000.0,Gasoline,281.0HP 3.6L V6 Cylinder Engine Gasoline Fuel,6-Speed A/T,Blue,Beige,None reported,Yes,17000.0,11,0.17708148873449234,0,8000.0,0
Porsche,Boxster Base,2005,75000.0,Gasoline,240.0HP 2.7L Flat 6 Cylinder Engine Gasoline Fuel,5-Speed M/T,Silver,Black,None reported,Yes,17500.0,21,0.23333022226370315,1,3409.090909090909,0
Dodge,Charger R/T,2014,95000.0,Gasoline,370.0HP 5.7L 8 Cylinder Engine Gasoline Fuel,Transmission w/Dual Shift Mode,Black,Black,None reported,Yes,17900.0,12,0.18841906927295501,0,7307.692307692308,0
Land,Rover Range Rover Sport Supercharged HSE,2016,49799.0,Gasoline,340.0HP 3.0L V6 Cylinder Engine Gasoline Fuel,A/T,Brown,Brown,None reported,Yes,37500.0,10,0.7530120481927711,1,4527.181818181818,0
Ford,Mustang GT,2006,27407.0,Gasoline,300.0HP 4.6L 8 Cylinder Engine Gasoline Fuel,5-Speed M/T,Silver,Red,None reported,Yes,21750.0,20,0.7935639229422067,0,1305.095238095238,0
Alfa,Romeo Giulia Ti,2020,23339.0,Gasoline,2.0L I4 16V GDI SOHC Turbo,8-Speed Automatic,Rosso,Black,None reported,Yes,34645.0,6,1.4843616109682947,0,3334.1428571428573,0
Tesla,Model S 90D,2016,74122.0,Gasoline,417.0HP Electric Motor Electric Fuel System,A/T,Black,Black,None reported,Yes,35900.0,10,0.4843300999689705,0,6738.363636363636,0
Jaguar,XK8 Base,1997,50000.0,Gasoline,290.0HP 4.0L 8 Cylinder Engine Gasoline Fuel,A/T,White,Beige,None reported,Yes,6000.0,29,0.11999760004799905,0,1666.6666666666667,0
Mercedes-Benz,GLC 300 GLC 300,2021,14745.0,Gasoline,2.0 Liter Turbo,Automatic,Graphite Grey,–,None reported,Yes,38998.0,5,2.644649396446494,1,2457.5,0
Chevrolet,Corvette Stingray w/3LT,2021,2700.0,Gasoline,490.0HP 6.2L 8 Cylinder Engine Gasoline Fuel,Transmission w/Dual Shift Mode,Blue,Blue,None reported,Yes,85950.0,5,31.821547574972232,0,450.0,0
Buick,Regal Turbo - Premium 1,2012,190000.0,Gasoline,220.0HP 2.0L 4 Cylinder Engine Gasoline Fuel,6-Speed A/T,Beige,Beige,At least 1 accident or damage reported,Yes,6000.0,14,0.03157878116430966,0,12666.666666666666,1
Audi,A4 2.0T Premium,2014,90236.0,E85 Flex Fuel,220.0HP 2.0L 4 Cylinder Engine Flex Fuel Capability,Transmission w/Dual Shift Mode,Gray,Black,None reported,Yes,9999.0,12,0.11080820506000864,1,6941.2307692307695,0
Jeep,Gladiator Overland,2020,4000.0,Gasoline,285.0HP 3.6L V6 Cylinder Engine Gasoline Fuel,8-Speed A/T,Silver,Black,None reported,Yes,50000.0,6,12.496875781054737,0,571.4285714285714,0
Land,Rover Range Rover Westminster SWB,2022,2220.0,Hybrid,395.0HP 3.0L Straight 6 Cylinder Engine Gasoline/Mild Electric Hybrid,8-Speed A/T,Blue,White,None reported,Yes,115999.0,4,52.22827555155335,1,444.0,0
GMC,Yukon XL Denali,2017,124000.0,Gasoline,420.0HP 6.2L 8 Cylinder Engine Gasoline Fuel,8-Speed A/T,Gray,Beige,At least 1 accident or damage reported,Yes,32000.0,9,0.2580624349803631,0,12400.0,1
Ford,Ranger Lariat,2019,45163.0,Gasoline,2.3L I4 16V GDI DOHC Turbo,10-Speed Automatic,Red,–,None reported,Yes,35690.0,7,0.7902311575591179,0,5645.375,0
Volkswagen,Passat 2.0T SE,2020,49400.0,Gasoline,174.0HP 2.0L 4 Cylinder Engine Gasoline Fuel,6-Speed A/T,Black,Brown,None reported,Yes,20900.0,6,0.4230683589401024,0,7057.142857142857,0
Porsche,911 Carrera,2020,11256.0,Gasoline,379.0HP 3.0L Flat 6 Cylinder Engine Gasoline Fuel,8-Speed A/T,Red,Black,None reported,Yes,124900.0,6,11.095318468508484,1,1608.0,0
Chevrolet,Corvette Stingray w/1LT,2021,13700.0,Gasoline,490.0HP 6.2L 8 Cylinder Engine Gasoline Fuel,A/T,White,Red,None reported,Yes,75000.0,5,5.474052988832932,0,2283.3333333333335,0
Land,Rover Range Rover HSE,2011,174678.0,Gasoline,230.0HP 3.2L Straight 6 Cylinder Engine Gasoline Fuel,6-Speed A/T,Black,Black,None reported,Yes,9500.0,15,0.05438547278150207,1,10917.375,0
Lexus,RX 450h F Sport Handling,2022,1600.0,Hybrid,308.0HP 3.5L V6 Cylinder Engine Gas/Electric Hybrid,A/T,White,Black,None reported,Yes,59000.0,4,36.851967520299816,1,320.0,0
Porsche,911 GT3 RS,2019,15509.0,Gasoline,4.0L H6 24V GDI DOHC,7-Speed Automatic with Auto-Shift,Lizard Green,Black,None reported,Yes,229900.0,7,14.822695035460994,1,1938.625,0
Ford,Expedition Platinum,2020,69849.0,Gasoline,3.5L V6 24V GDI DOHC Twin Turbo,10-Speed Automatic,Red,Ebony,None reported,Yes,48149.0,6,0.6893199713672155,0,9978.42857142857,0
Toyota,Tacoma PreRunner,2008,160000.0,Gasoline,236.0HP 4.0L V6 Cylinder Engine Gasoline Fuel,A/T,White,–,At least 1 accident or damage reported,Yes,17000.0,18,0.10624933594165037,0,8421.052631578947,1
Toyota,Mirai Base,2016,40000.0,not supported,151.0HP Electric Motor Hydrogen Fuel,A/T,Silver,Black,None reported,Yes,9500.0,10,0.23749406264843378,0,3636.3636363636365,0
Ford,Explorer Sport Trac XLT,2007,228000.0,Gasoline,292.0HP 4.6L 8 Cylinder Engine Gasoline Fuel,A/T,Red,Beige,At least 1 accident or damage reported,Yes,3850.0,19,0.016885890851355913,0,11400.0,1
GMC,Sierra 1500 SLE1 Extended Cab,2008,187000.0,–,–,4-Speed A/T,Red,Gray,At least 1 accident or damage reported,Yes,6100.0,18,0.03262014641632933,0,9842.105263157895,1
Mercedes-Benz,C-Class C 300 Luxury,2015,102000.0,Gasoline,241.0HP 2.0L 4 Cylinder Engine Gasoline Fuel,7-Speed A/T,Black,Black,None reported,Yes,17000.0,11,0.1666650326957579,1,8500.0,0
Cadillac,SRX Standard,2016,48000.0,Gasoline,308.0HP 3.6L V6 Cylinder Engine Gasoline Fuel,6-Speed A/T,White,Black,At least 1 accident or damage reported,Yes,24995.0,10,0.5207183183683673,0,4363.636363636364,1
Chrysler,Town & Country Touring-L,2012,163500.0,E85 Flex Fuel,283.0HP 3.6L V6 Cylinder Engine Flex Fuel Capability,6-Speed A/T,Gray,Beige,None reported,Yes,5949.0,14,0.036385098562088304,0,10900.0,0
Porsche,911 Carrera,2023,1500.0,Gasoline,379.0HP 3.0L Flat 6 Cylinder Engine Gasoline Fuel,A/T,Silver,Black,None reported,Yes,149000.0,3,99.26715522984676,1,375.0,0
Porsche,718 Cayman GT4,2021,2100.0,Gasoline,414.0HP 4.0L Flat 6 Cylinder Engine Gasoline Fuel,6-Speed M/T,Yellow,Black,None reported,Yes,136900.0,5,65.15944788196097,1,350.0,0
Ford,F-350 Lariat,2018,66281.0,Diesel,450.0HP 6.7L 8 Cylinder Engine Diesel Fuel,Transmission w/Dual Shift Mode,Gray,Black,None reported,Yes,63500.0,8,0.9580278205244259,0,7364.555555555556,0
Ford,Mustang Mach-E Select,2021,18000.0,Gasoline,266.0HP Electric Motor Electric Fuel System,A/T,Blue,Black,None reported,Yes,39499.0,5,2.1942669851674905,0,3000.0,0
Ford,F-150 XL,2014,27300.0,Gasoline,365.0HP 3.5L V6 Cylinder Engine Gasoline Fuel,6-Speed A/T,Gray,Gray,None reported,Yes,21500.0,12,0.7875169407714003,0,2100.0,0
Mazda,CX-30 Base,2020,19319.0,Gasoline,2.5L I4 16V GDI DOHC,6-Speed Automatic,Snowflake White Pearl,Black,At least 1 accident or damage reported,Yes,24899.0,6,1.288768115942029,0,2759.8571428571427,1
Mercedes-Benz,AMG G AMG G 63 4MATIC,2016,32936.0,Gasoline,563.0HP 5.5L 8 Cylinder Engine Gasoline Fuel,Transmission w/Dual Shift Mode,White,Beige,At least 1 accident or damage reported,Yes,90000.0,10,2.7324892977502504,1,2994.181818181818,1
BMW,M4 Base,2017,30450.0,Gasoline,425.0HP 3.0L Straight 6 Cylinder Engine Gasoline Fuel,Transmission w/Dual Shift Mode,White,Black,None reported,Yes,52999.0,9,1.7404682933237003,1,3045.0,0
Jeep,Wrangler Sport,2017,38200.0,Gasoline,285.0HP 3.6L V6 Cylinder Engine Gasoline Fuel,A/T,Red,–,None reported,Yes,29500.0,9,0.7722310934268737,0,3820.0,0
Jeep,Wrangler Sport,2020,26315.0,Gasoline,2.0L I4 16V GDI DOHC Turbo,8-Speed Automatic,Black Clearcoat,Black,None reported,Yes,31871.0,6,1.2110883112935096,0,3759.285714285714,0
Chevrolet,Silverado 1500 LS,2003,110000.0,Gasoline,270.0HP 4.8L 8 Cylinder Engine Gasoline Fuel,A/T,Green,Beige,None reported,Yes,8900.0,23,0.08090835537858747,0,4583.333333333333,0
MINI,Hardtop Cooper,2014,19700.0,Gasoline,189.0HP 2.0L 4 Cylinder Engine Gasoline Fuel,6-Speed A/T,Silver,Black,None reported,Yes,13500.0,12,0.6852444038373686,0,1515.3846153846155,0
Honda,Element EX,2008,192000.0,Gasoline,166.0HP 2.4L 4 Cylinder Engine Gasoline Fuel,5-Speed A/T,Black,Gray,At least 1 accident or damage reported,Yes,11000.0,18,0.05729136827412357,0,10105.263157894737,1
Porsche,911 Carrera 4S,2017,26000.0,Gasoline,420.0HP 3.0L Flat 6 Cylinder Engine Gasoline Fuel,Transmission w/Dual Shift Mode,Gray,Red,None reported,Yes,116911.0,9,4.496403984462136,1,2600.0,0
Subaru,Impreza Outback Sport Wagon,2008,98313.0,Gasoline,170.0HP 2.5L 4 Cylinder Engine Gasoline Fuel,4-Speed A/T,Silver,Gray,None reported,Yes,7495.0,18,0.0762353276237362,0,5174.368421052632,0
Cadillac,XT5 Premium Luxury,2021,66500.0,Gasoline,310.0HP 3.6L V6 Cylinder Engine Gasoline Fuel,A/T,Silver,Black,None reported,Yes,28500.0,5,0.4285649839852032,0,11083.333333333334,0
Nissan,Kicks S,2022,19877.0,Gasoline,1.6L I4 16V MPFI DOHC,Automatic CVT,Super Black,Charcoal,None reported,Yes,18999.0,4,0.9557802595834591,0,3975.4,0
Kia,Seltos S,2021,16100.0,Gasoline,146.0HP 2.0L 4 Cylinder Engine Gasoline Fuel,A/T,Blue,Black,None reported,Yes,25500.0,5,1.5837525619526738,0,2683.3333333333335,0
GMC,Yukon SLE,2016,83858.0,Gasoline,355.0HP 5.3L 8 Cylinder Engine Gasoline Fuel,6-Speed A/T,Blue,Gray,At least 1 accident or damage reported,Yes,27633.0,10,0.3295174042142167,0,7623.454545454545,1
Mercedes-Benz,GLE 350 Base 4MATIC,2020,24108.0,Gasoline,255.0HP 2.0L 4 Cylinder Engine Gasoline Fuel,9-Speed A/T,Black,Black,None reported,Yes,56000.0,6,2.322784022564188,1,3444.0,0
Ford,Explorer XLT,2020,42609.0,Gasoline,2.3L I4 16V GDI DOHC Turbo,10-Speed Automatic,Magnetic Metallic,Ebony,At least 1 accident or damage reported,Yes,32107.0,6,0.7535085660643042,0,6087.0,1
Subaru,Impreza 2.0i Premium,2017,160000.0,Gasoline,152.0HP 2.0L 4 Cylinder Engine Gasoline Fuel,A/T,White,Beige,At least 1 accident or damage reported,Yes,7750.0,9,0.04843719726751708,0,16000.0,1
INFINITI,QX80 Base,2017,121525.0,Gasoline,400.0HP 5.6L 8 Cylinder Engine Gasoline Fuel,A/T,Black,Black,At least 1 accident or damage reported,Yes,28500.0,9,0.23451771637345095,0,12152.5,1
Kia,Telluride S,2023,6423.0,Gasoline,291.0HP 3.8L V6 Cylinder Engine Gasoline Fuel,A/T,Gray,Black,None reported,Yes,42500.0,3,6.615815691158157,0,1605.75,0
Pontiac,Solstice Base,2007,62310.0,Gasoline,177.0HP 2.4L 4 Cylinder Engine Gasoline Fuel,5-Speed A/T,Gray,Black,None reported,Yes,12900.0,19,0.20702604676541864,0,3115.5,0
Mazda,Mazda6 Carbon Edition,2021,21444.0,Gasoline,2.5L I4 16V,6-Speed Automatic,Polymetal Gray Metallic,Red,None reported,Yes,29995.0,5,1.3986943343436697,0,3574.0,0
Ford,Transit-350 Base,2015,112000.0,Gasoline,310.0HP 3.5L V6 Cylinder Engine Gasoline Fuel,A/T,White,Gray,At least 1 accident or damage reported,Yes,29500.0,11,0.2633905054419157,0,9333.333333333334,1
Hyundai,Genesis Coupe 3.8 Grand Touring,2013,60000.0,Gasoline,344.0HP 3.8L V6 Cylinder Engine Gasoline Fuel,A/T,White,–,None reported,Yes,16500.0,13,0.2749954167430543,0,4285.714285714285,0
Dodge,Dart SE,2013,153250.0,Gasoline,160.0HP 1.4L 4 Cylinder Engine Gasoline Fuel,6-Speed A/T,Silver,Black,None reported,Yes,4399.0,13,0.028704543526632778,0,10946.42857142857,0
Jeep,Wrangler Unlimited Sahara,2019,57000.0,Gasoline,285.0HP 3.6L V6 Cylinder Engine Gasoline Fuel,8-Speed A/T,Gray,Black,None reported,Yes,39900.0,7,0.6999877195136928,0,7125.0,0
Chevrolet,Tahoe LTZ,2011,140401.0,E85 Flex Fuel,320.0HP 5.3L 8 Cylinder Engine Flex Fuel Capability,6-Speed A/T,Red,Beige,At least 1 accident or damage reported,Yes,16000.0,15,0.11395849061979174,0,8775.0625,1
Ford,F-150 Tremor,2023,5500.0,Gasoline,400.0HP 3.5L V6 Cylinder Engine Gasoline Fuel,10-Speed A/T,Gray,Black,None reported,Yes,70000.0,3,12.724959098345755,0,1375.0,0
Chevrolet,Corvette Stingray w/2LT,2022,2010.0,Gasoline,490.0HP 6.2L 8 Cylinder Engine Gasoline Fuel,Transmission w/Dual Shift Mode,Gray,Brown,None reported,Yes,89000.0,4,44.25658876181004,0,402.0,0
Tesla,Model 3 Long Range,2018,24360.0,Gasoline,271.0HP Electric Motor Electric Fuel System,A/T,Black,White,None reported,Yes,31500.0,8,1.2930503673905012,0,2706.6666666666665,0
Audi,A4 2.0T Premium,2013,96800.0,Gasoline,211.0HP 2.0L 4 Cylinder Engine Gasoline Fuel,A/T,Gray,Black,At least 1 accident or damage reported,Yes,11000.0,13,0.11363518971911447,1,6914.285714285715,1
Cadillac,CTS Performance,2014,34988.0,Gasoline,318.0HP 3.6L V6 Cylinder Engine Gasoline Fuel,6-Speed A/T,Red,Black,None reported,Yes,21500.0,12,0.6144788362056647,0,2691.3846153846152,0
Nissan,Frontier SV,2012,65750.0,Gasoline,261.0HP 4.0L V6 Cylinder Engine Gasoline Fuel,A/T,Black,Gray,At least 1 accident or damage reported,Yes,15995.0,14,0.24326626211008198,0,4383.333333333333,1
Chevrolet,Silverado 1500 LTZ,2019,56654.0,Gasoline,6.2L V8 16V GDI OHV,Automatic,Cajun Red Tintcoat,Jet Black,None reported,Yes,43860.0,7,0.7741593857558909,0,7081.75,0
Lincoln,MKT Base,2016,140200.0,Gasoline,303.0HP 3.7L V6 Cylinder Engine Gasoline Fuel,6-Speed A/T,Black,Black,None reported,Yes,10500.0,10,0.0748924758025977,0,12745.454545454546,0
Chevrolet,Cruze LT Automatic,2016,122971.0,Gasoline,1.4L I4 16V GDI DOHC Turbo,6-Speed Automatic,Kinetic Blue,Jet Black,At least 1 accident or damage reported,Yes,12999.0,10,0.1057069902091533,0,11179.181818181818,1
Nissan,Xterra S,2008,227010.0,Gasoline,261.0HP 4.0L V6 Cylinder Engine Gasoline Fuel,5-Speed A/T,Gray,Gray,None reported,Yes,3850.0,18,0.016959530595433703,0,11947.894736842105,0
Ford,F-150 Lariat SuperCrew,2004,271000.0,Gasoline,300.0HP 5.4L 8 Cylinder Engine Gasoline Fuel,A/T,Red,Beige,At least 1 accident or damage reported,Yes,9500.0,22,0.035055221198445764,0,11782.608695652174,1
Porsche,911 Turbo,2022,13800.0,Gasoline,572.0HP 3.8L Flat 6 Cylinder Engine Gasoline Fuel,8-Speed A/T,Gray,Red,None reported,Yes,234000.0,4,16.955293094703283,1,2760.0,0
Dodge,Ram 2500 Quad Cab,2001,171079.0,Diesel,245.0HP 5.9L Straight 6 Cylinder Engine Diesel Fuel,A/T,Silver,Gray,None reported,Yes,27500.0,25,0.1607435118073416,0,6579.961538461538,0
Chevrolet,Colorado ZR2,2021,24915.0,Gasoline,3.6L V6 24V GDI DOHC,Automatic,Satin Steel Metallic,Jet Black,None reported,Yes,44791.0,5,1.797680205490448,0,4152.5,0
Nissan,Kicks S,2022,15577.0,Gasoline,1.6L I4 16V MPFI DOHC,Automatic CVT,Electric Blue Metallic,Charcoal,None reported,Yes,19599.0,4,1.2581204262421364,0,3115.4,0
Audi,S4 3.0T Premium Plus,2014,102370.0,Gasoline,333.0HP 3.0L V6 Cylinder Engine Gasoline Fuel,7-Speed A/T,Gray,Black,None reported,Yes,21373.0,12,0.2087798302253568,1,7874.615384615385,0
Lamborghini,Gallardo LP570-4 Superleggera,2011,16000.0,Gasoline,562.0HP 5.2L 10 Cylinder Engine Gasoline Fuel,Transmission w/Dual Shift Mode,Yellow,Black,None reported,Yes,229000.0,15,14.31160552465471,0,1000.0,0
Mercedes-Benz,C-Class C 250 Luxury,2012,122000.0,Gasoline,201.0HP 1.8L 4 Cylinder Engine Gasoline Fuel,7-Speed A/T,White,White,None reported,Yes,15000.0,14,0.12294981188678782,1,8133.333333333333,0
FIAT,500X Trekking Plus,2016,48500.0,Gasoline,180.0HP 2.4L 4 Cylinder Engine Gasoline Fuel,A/T,Yellow,Brown,None reported,Yes,15999.0,10,0.3298694872270675,0,4409.090909090909,0
Ford,F-150 XLT,2018,53500.0,Gasoline,325.0HP 2.7L V6 Cylinder Engine Gasoline Fuel,10-Speed A/T,Brown,Beige,At least 1 accident or damage reported,Yes,31500.0,8,0.588774041606699,0,5944.444444444444,1
Ford,F-250 XL Crew Cab Super Duty,2004,315000.0,Diesel,325.0HP 6.0L 8 Cylinder Engine Diesel Fuel,A/T,White,Gray,None reported,Yes,9200.0,22,0.02920625648807464,0,13695.652173913044,0
Ford,E350 Super Duty Base,2006,158000.0,Gasoline,305.0HP 6.8L 10 Cylinder Engine Gasoline Fuel,A/T,White,Gray,At least 1 accident or damage reported,Yes,8500.0,20,0.053797127866279326,0,7523.809523809524,1
Kia,Sorento SXL,2019,43850.0,Gasoline,290.0HP 3.3L V6 Cylinder Engine Gasoline Fuel,8-Speed A/T,Black,Black,At least 1 accident or damage reported,Yes,30000.0,7,0.684134911404529,0,5481.25,1
Mercedes-Benz,C-Class C 300 4MATIC Sport,2015,73500.0,Gasoline,241.0HP 2.0L 4 Cylinder Engine Gasoline Fuel,7-Speed A/T,White,Black,None reported,Yes,19000.0,11,0.2584998843553149,1,6125.0,0
Nissan,Altima 2.5 SL,2014,153350.0,Gasoline,182.0HP 2.5L 4 Cylinder Engine Gasoline Fuel,A/T,Black,Black,At least 1 accident or damage reported,Yes,9000.0,12,0.05868889019308645,0,11796.153846153846,1
Volkswagen,Tiguan 2.0T SEL Premium R-Line,2019,74000.0,Gasoline,184.0HP 2.0L 4 Cylinder Engine Gasoline Fuel,A/T,White,Silver,None reported,Yes,25500.0,7,0.34458993797381116,0,9250.0,0
BMW,328 i xDrive,2013,52000.0,Gasoline,240.0HP 2.0L 4 Cylinder Engine Gasoline Fuel,Transmission w/Dual Shift Mode,White,Beige,None reported,Yes,17500.0,13,0.3365319897694275,1,3714.285714285714,0
Audi,Q4 e-tron 50 Premium Plus,2022,250.0,Gasoline,295.0HP Electric Motor Electric Fuel System,1-Speed A/T,Gray,Black,None reported,Yes,52000.0,4,207.17131474103584,1,50.0,0
Nissan,Pathfinder S,2017,145000.0,Gasoline,284.0HP 3.5L V6 Cylinder Engine Gasoline Fuel,A/T,Silver,Gray,At least 1 accident or damage reported,Yes,8500.0,9,0.05862028537734223,0,14500.0,1
Subaru,Ascent Touring 7-Passenger,2020,40971.0,Gasoline,260.0HP 2.4L 4 Cylinder Engine Gasoline Fuel,Transmission w/Dual Shift Mode,Blue,Brown,None reported,Yes,32500.0,6,0.7932246412183931,0,5853.0,0
Ford,E350 Super Duty XLT,2010,248000.0,E85 Flex Fuel,255.0HP 5.4L 8 Cylinder Engine Flex Fuel Capability,A/T,Silver,Beige,At least 1 accident or damage reported,Yes,14000.0,16,0.05645138527667227,0,14588.235294117647,1
GMC,HUMMER EV Edition 1,2023,940.0,Gasoline,Electric Motor Electric Fuel System,A/T,White,Black,None reported,Yes,146000.0,3,155.15409139213602,0,235.0,0
BMW,M3 CS,2018,38000.0,Gasoline,453.0HP 3.0L Straight 6 Cylinder Engine Gasoline Fuel,A/T,White,Black,None reported,Yes,60500.0,8,1.5920633667535065,1,4222.222222222223,0
Acura,TLX V6 Advance,2016,128000.0,Gasoline,290.0HP 3.5L V6 Cylinder Engine Gasoline Fuel,A/T,Gray,Black,None reported,Yes,19500.0,10,0.1523425598237514,0,11636.363636363636,0
Chevrolet,Silverado 1500 ZR2,2022,7455.0,Gasoline,6.2L V8 16V GDI OHV,Automatic,Glacier Blue Metallic,Jet Black,None reported,Yes,68990.0,4,9.252950643776824,0,1491.0,0
Jeep,Wrangler SE,1999,137790.0,Gasoline,120.0HP 2.5L 4 Cylinder Engine Gasoline Fuel,5-Speed M/T,Red,–,None reported,Yes,12000.0,27,0.08708841651486672,0,4921.071428571428,0
Ford,Edge Sport,2016,92000.0,Gasoline,315.0HP 2.7L V6 Cylinder Engine Gasoline Fuel,6-Speed A/T,White,Black,None reported,Yes,19995.0,10,0.2173345941891936,0,8363.636363636364,0
Porsche,911 Carrera Cabriolet,2001,21450.0,Gasoline,300.0HP 3.4L Flat 6 Cylinder Engine Gasoline Fuel,6-Speed M/T,Black,Black,None reported,Yes,36000.0,25,1.678243438534334,1,825.0,0
Nissan,Murano SL,2021,43875.0,Gasoline,3.5L V6 24V MPFI DOHC,Automatic CVT,Magnetic Black,Graphite,At least 1 accident or damage reported,Yes,29725.0,5,0.6774774364117058,0,7312.5,1
Pontiac,G8 GT,2009,81327.0,Gasoline,355.0HP 6.0L 8 Cylinder Engine Gasoline Fuel,Transmission w/Dual Shift Mode,Black,Black,None reported,Yes,17500.0,17,0.21517804446193192,0,4518.166666666667,0
Mercedes-Benz,E-Class E 350,2021,72836.0,Gasoline,255.0HP 2.0L 4 Cylinder Engine Gasoline Fuel,9-Speed A/T,White,Beige,None reported,Yes,41000.0,5,0.5629007235333691,1,12139.333333333334,0
McLaren,720S Performance,2020,5072.0,Gasoline,4.0L V8 32V MPFI DOHC Twin Turbo,7-Speed Automatic with Auto-Shift,Black,Red,None reported,Yes,279950.0,6,55.184309087325055,0,724.5714285714286,0
Jeep,Commander Sport,2007,161900.0,E85 Flex Fuel,235.0HP 4.7L 8 Cylinder Engine Flex Fuel Capability,A/T,Blue,Gray,At least 1 accident or damage reported,Yes,4800.0,19,0.029647747697667093,0,8095.0,1
Audi,A5 45 S line Premium Plus,2022,24500.0,Hybrid,261.0HP 2.0L 4 Cylinder Engine Gasoline/Mild Electric Hybrid,Transmission w/Dual Shift Mode,White,Black,None reported,Yes,47000.0,4,1.918289049426554,1,4900.0,0
BMW,M550 i xDrive,2018,14993.0,Gasoline,456.0HP 4.4L 8 Cylinder Engine Gasoline Fuel,8-Speed A/T,Gray,Black,None reported,Yes,44900.0,8,2.99453114579165,1,1665.888888888889,0
Volkswagen,Jetta 1.4T R-Line,2019,96000.0,Gasoline,147.0HP 1.4L 4 Cylinder Engine Gasoline Fuel,A/T,Orange,White,At least 1 accident or damage reported,Yes,14980.0,7,0.15604004124957033,0,12000.0,1
Porsche,Taycan 4S,2022,7900.0,Gasoline,482.0HP Electric Motor Electric Fuel System,2-Speed A/T,Red,–,None reported,Yes,108000.0,4,13.669155803062903,1,1580.0,0
Cadillac,CTS 2.0L Turbo Luxury,2019,35566.0,Gasoline,265.0HP 2.0L 4 Cylinder Engine Gasoline Fuel,8-Speed A/T,White,Beige,At least 1 accident or damage reported,Yes,26000.0,7,0.7310147046419434,0,4445.75,1
Lexus,IS-F Base,2008,113000.0,Gasoline,416.0HP 5.0L 8 Cylinder Engine Gasoline Fuel,8-Speed A/T,Black,Black,At least 1 accident or damage reported,Yes,34000.0,18,0.30088229307705244,1,5947.368421052632,1
Ford,Explorer XLT,2022,20678.0,Gasoline,300.0HP 2.3L 4 Cylinder Engine Gasoline Fuel,A/T,Red,Black,None reported,Yes,46000.0,4,2.224478939987427,0,4135.6,0
Porsche,911 Turbo Cabriolet,2008,10900.0,Gasoline,480.0HP 3.6L Flat 6 Cylinder Engine Gasoline Fuel,6-Speed M/T,Black,Black,None reported,Yes,129000.0,18,11.833776717732318,1,573.6842105263158,0
Buick,LaCrosse Leather,2012,19079.0,Hybrid,182.0HP 2.4L 4 Cylinder Engine Gasoline/Mild Electric Hybrid,6-Speed A/T,Gold,Beige,None reported,Yes,15995.0,14,0.8383123689727463,0,1271.9333333333334,0
Mazda,RX-8 Sport,2008,155500.0,Gasoline,212.0HP 1.3L Rotary engine Gasoline Fuel,A/T,Blue,Black,At least 1 accident or damage reported,Yes,6800.0,18,0.043729622317541364,0,8184.210526315789,1
Ford,Mustang GT Premium,2019,35500.0,Gasoline,460.0HP 5.0L 8 Cylinder Engine Gasoline Fuel,10-Speed A/T,White,Black,None reported,Yes,32300.0,7,0.9098335258161742,0,4437.5,0
Mazda,Mazda6 Touring,2021,52253.0,Gasoline,2.5L I4 16V GDI DOHC,6-Speed Automatic,Snowflake White Pearl,Black,At least 1 accident or damage reported,Yes,25215.0,5,0.48254679067631184,0,8708.833333333334,1
Ford,Ranger Edge SuperCab,2004,110000.0,Gasoline,148.0HP 3.0L V6 Cylinder Engine Gasoline Fuel,A/T,White,Gray,At least 1 accident or damage reported,Yes,8500.0,22,0.07727202479977455,0,4782.608695652174,1
Volkswagen,Golf GTI 2.0T SE w/Performance Package 4-Door,2016,59250.0,Gasoline,220.0HP 2.0L 4 Cylinder Engine Gasoline Fuel,Transmission w/Dual Shift Mode,Gray,Black,None reported,Yes,18999.0,10,0.3206528159862281,0,5386.363636363636,0
Ford,Thunderbird Deluxe,2004,39000.0,Gasoline,280.0HP 3.9L 8 Cylinder Engine Gasoline Fuel,A/T,Black,Beige,None reported,Yes,22000.0,22,0.5640881003051204,0,1695.6521739130435,0
Hummer,H2 Base,2008,155000.0,Gasoline,393.0HP 6.2L 8 Cylinder Engine Gasoline Fuel,6-Speed A/T,Green,Black,At least 1 accident or damage reported,Yes,37000.0,18,0.2387081373668557,0,8157.894736842105,1
BMW,X5 sDrive35i,2017,39250.0,Gasoline,300.0HP 3.0L Straight 6 Cylinder Engine Gasoline Fuel,A/T,Black,Beige,None reported,Yes,28900.0,9,0.7362869735802909,1,3925.0,0
BMW,X3 xDrive30i,2020,23647.0,Gasoline,2.0L I4 16V GDI DOHC Turbo,8-Speed Automatic,Black Sapphire Metallic,Canberra Beige,None reported,Yes,37998.0,6,1.606816644113667,1,3378.1428571428573,0
Hyundai,Accent GLS,2014,127941.0,Gasoline,138.0HP 1.6L 4 Cylinder Engine Gasoline Fuel,A/T,Silver,Gray,None reported,Yes,7500.0,12,0.05862031232902409,0,9841.615384615385,0
RAM,1500 Big Horn,2014,124000.0,Gasoline,395.0HP 5.7L 8 Cylinder Engine Gasoline Fuel,8-Speed A/T,Black,Black,None reported,Yes,24850.0,12,0.20040160966443818,0,9538.461538461539,0
Ford,Bronco Heritage Edition Advanced,2023,1500.0,Gasoline,275.0HP 2.3L 4 Cylinder Engine Gasoline Fuel,7-Speed M/T,Red,–,None reported,Yes,60000.0,3,39.973351099267155,0,375.0,0
MINI,Countryman Cooper S ALL4,2014,70700.0,Gasoline,181.0HP 1.6L 4 Cylinder Engine Gasoline Fuel,6-Speed A/T,White,Black,None reported,Yes,15750.0,12,0.22276912632070267,0,5438.461538461538,0
Cadillac,Escalade Premium,2013,113395.0,E85 Flex Fuel,403.0HP 6.2L 8 Cylinder Engine Flex Fuel Capability,6-Speed A/T,Beige,Beige,At least 1 accident or damage reported,Yes,18800.0,13,0.1657906804472821,0,8099.642857142857,1
Mercedes-Benz,GLE 350 GLE 350,2022,18815.0,Gasoline,2.0 Liter Turbo,Automatic,Black,Black,None reported,Yes,61998.0,4,3.2949617346938775,1,3763.0,0
Toyota,4Runner Limited,2014,65000.0,Gasoline,270.0HP 4.0L V6 Cylinder Engine Gasoline Fuel,A/T,Gray,Red,None reported,Yes,27999.0,12,0.43074721927354964,0,5000.0,0
Audi,A8 L 55,2019,23350.0,Hybrid,335.0HP 3.0L V6 Cylinder Engine Gasoline/Mild Electric Hybrid,Transmission w/Dual Shift Mode,Black,Brown,None reported,Yes,48000.0,7,2.0555864845188645,1,2918.75,0
Lexus,ES 350 Base,2019,39000.0,Gasoline,302.0HP 3.5L V6 Cylinder Engine Gasoline Fuel,Transmission w/Dual Shift Mode,Black,Red,At least 1 accident or damage reported,Yes,34000.0,7,0.8717725186533679,1,4875.0,1
Toyota,4Runner Limited Nightshade,2019,48842.0,Gasoline,4.0L V6 24V MPFI DOHC,5-Speed Automatic,White,–,At least 1 accident or damage reported,Yes,39857.0,7,0.8160227668243146,0,6105.25,1
FIAT,500 Sport,2015,47800.0,Gasoline,101.0HP 1.4L 4 Cylinder Engine Gasoline Fuel,A/T,Black,Black,At least 1 accident or damage reported,Yes,11500.0,11,0.24058074098868223,0,3983.3333333333335,1
Ford,Maverick XLT,2022,52000.0,Hybrid,191.0HP 2.5L 4 Cylinder Engine Gas/Electric Hybrid,CVT Transmission,Blue,Gray,None reported,Yes,28000.0,4,0.538451183631084,0,10400.0,0
Ford,Mustang GT,2006,16000.0,Gasoline,300.0HP 4.6L 8 Cylinder Engine Gasoline Fuel,5-Speed A/T,Silver,Black,None reported,Yes,22000.0,20,1.374914067870758,0,761.9047619047619,0
Jeep,Wrangler Sport,2023,7102.0,Gasoline,2.0L I4 16V GDI DOHC Turbo,8-Speed Automatic,Bright White Clearcoat,Black,None reported,Yes,40995.0,3,5.771504997888216,0,1775.5,0
Jeep,Grand Cherokee Limited,2015,157000.0,E85 Flex Fuel,290.0HP 3.6L V6 Cylinder Engine Flex Fuel Capability,A/T,White,Black,None reported,Yes,17000.0,11,0.10827956509831148,0,13083.333333333334,0
Ford,Mustang Mach-E GT,2023,9095.0,Gasoline,480.0HP Electric Motor Electric Fuel System,A/T,Orange,Gray,None reported,Yes,59000.0,3,6.48636763412489,0,2273.75,0
Jeep,Compass Sport,2010,179700.0,Gasoline,172.0HP 2.4L 4 Cylinder Engine Gasoline Fuel,A/T,Black,Gray,At least 1 accident or damage reported,Yes,4500.0,16,0.02504159687480871,0,10570.588235294117,1
Lexus,LS 430 Base,2006,170000.0,Gasoline,278.0HP 4.3L 8 Cylinder Engine Gasoline Fuel,A/T,Silver,Gray,None reported,Yes,7500.0,20,0.044117387544779146,1,8095.238095238095,0
Rolls-Royce,Cullinan,2022,3420.0,Gasoline,6.7L V12 48V GDI DOHC Twin Turbo,8-Speed Automatic,Red,Black,None reported,Yes,399950.0,4,116.91026015784858,0,684.0,0
Ford,F-250 King Ranch,2021,93400.0,Diesel,475.0HP 6.7L 8 Cylinder Engine Diesel Fuel,10-Speed A/T,Red,Brown,None reported,Yes,69995.0,5,0.7494031113157247,0,15566.666666666666,0
BMW,X5 xDrive50i,2011,110000.0,Gasoline,400.0HP 4.4L 8 Cylinder Engine Gasoline Fuel,Transmission w/Dual Shift Mode,White,Blue,At least 1 accident or damage reported,Yes,12000.0,15,0.1090899173643876,1,6875.0,1
Porsche,911 Carrera,2016,22500.0,Gasoline,350.0HP 3.4L Flat 6 Cylinder Engine Gasoline Fuel,A/T,Gray,Beige,None reported,Yes,78000.0,10,3.466512599440025,1,2045.4545454545455,0
Ford,Focus ST Base,2013,20800.0,Gasoline,252.0HP 2.0L 4 Cylinder Engine Gasoline Fuel,6-Speed M/T,Yellow,Gray,None reported,Yes,19795.0,13,0.9516369405317052,0,1485.7142857142858,0
Lexus,ES 300h Base,2018,100868.0,Hybrid,200.0HP 2.5L 4 Cylinder Engine Gas/Electric Hybrid,CVT Transmission,White,Beige,At least 1 accident or damage reported,Yes,23400.0,8,0.23198405853136245,1,11207.555555555555,1
Volkswagen,CC Sport,2012,131986.0,Gasoline,200.0HP 2.0L 4 Cylinder Engine Gasoline Fuel,M/T,White,Black,At least 1 accident or damage reported,Yes,9000.0,14,0.06818853371922992,0,8799.066666666668,1
Volkswagen,Golf SportWagen TSI S 4-Door,2016,127770.0,Gasoline,170.0HP 1.8L 4 Cylinder Engine Gasoline Fuel,5-Speed M/T,White,Beige,None reported,Yes,13800.0,10,0.10800572899953824,0,11615.454545454546,0
Porsche,911 Carrera S,2013,56985.0,Gasoline,400.0HP 3.8L Flat 6 Cylinder Engine Gasoline Fuel,7-Speed A/T,Blue,Gray,None reported,Yes,65900.0,13,1.1564243849366511,1,4070.3571428571427,0
Toyota,Prius Plug-in Base,2014,106000.0,Plug-In Hybrid,134.0HP 1.8L 4 Cylinder Engine Plug-In Electric/Gas,A/T,Green,Beige,At least 1 accident or damage reported,Yes,11800.0,12,0.11131970453108933,0,8153.846153846154,1
Ford,F-250 XLT,2019,92671.0,Diesel,450.0HP 6.7L 8 Cylinder Engine Diesel Fuel,A/T,Black,Black,At least 1 accident or damage reported,Yes,50000.0,7,0.5395372928176796,0,11583.875,1
Mercedes-Benz,S-Class S 560 4MATIC,2019,49500.0,Gasoline,463.0HP 4.0L 8 Cylinder Engine Gasoline Fuel,A/T,Black,Beige,None reported,Yes,55900.0,7,1.1292701157552372,1,6187.5,0
Porsche,911 Carrera,2020,16741.0,Gasoline,379.0HP 3.0L Flat 6 Cylinder Engine Gasoline Fuel,A/T,Green,Black,None reported,Yes,112500.0,6,6.719627284673277,1,2391.5714285714284,0
Ford,Mustang GT,2011,133504.0,Gasoline,412.0HP 5.0L 8 Cylinder Engine Gasoline Fuel,6-Speed M/T,Black,Black,None reported,Yes,23500.0,15,0.1760233699112393,0,8344.0,0
Cadillac,CTS 2.0L Turbo Luxury,2019,20296.0,Gasoline,2.0L I4 16V GDI DOHC Turbo,8-Speed Automatic,Red Obsession,Very Light Cashmere,None reported,Yes,30599.0,7,1.5075626939941864,0,2537.0,0
Volkswagen,Jetta 1.4T R-Line,2019,55234.0,Gasoline,1.4L I4 16V GDI DOHC Turbo,8-Speed Automatic,Platinum Gray Metallic,Black / Gray,None reported,Yes,19290.0,7,0.34923508644880963,0,6904.25,0
Jeep,Wrangler X,2005,162482.0,Gasoline,190.0HP 4.0L Straight 6 Cylinder Engine Gasoline Fuel,6-Speed M/T,Orange,Gray,None reported,Yes,11000.0,21,0.0676993900900402,0,7385.545454545455,0
Lincoln,LS V8,2002,42000.0,Gasoline,252.0HP 3.9L 8 Cylinder Engine Gasoline Fuel,A/T,Silver,Black,At least 1 accident or damage reported,Yes,11000.0,24,0.26189852622556603,0,1680.0,1
Ford,F-150 Lightning LARIAT,2022,470.0,Gasoline,563.0HP Electric Motor Electric Fuel System,1-Speed A/T,White,Gray,None reported,Yes,71900.0,4,152.65392781316348,0,94.0,0
Mercedes-Benz,C-Class C55 AMG Sport,2006,98300.0,Gasoline,362.0HP 5.4L 8 Cylinder Engine Gasoline Fuel,Transmission w/Dual Shift Mode,Black,Black,At least 1 accident or damage reported,Yes,15900.0,20,0.16174810022278513,1,4680.952380952381,1
Audi,S6 4.0T Prestige,2013,53900.0,Gasoline,420.0HP 4.0L 8 Cylinder Engine Gasoline Fuel,7-Speed A/T,Black,Black,None reported,Yes,27450.0,13,0.5092669894807147,1,3850.0,0
BMW,335 i xDrive,2013,82849.0,Gasoline,300.0HP 3.0L Straight 6 Cylinder Engine Gasoline Fuel,8-Speed A/T,Red,Black,None reported,Yes,19999.0,13,0.24138805069402536,1,5917.785714285715,0
Porsche,911 Carrera 4S Cabriolet,2009,25500.0,Gasoline,385.0HP 3.8L Flat 6 Cylinder Engine Gasoline Fuel,6-Speed M/T,Black,Black,None reported,Yes,79995.0,17,3.136935806438963,1,1416.6666666666667,0
Kia,Forte LXS,2020,53452.0,Gasoline,147.0HP 2.0L 4 Cylinder Engine Gasoline Fuel,A/T,Silver,Black,At least 1 accident or damage reported,Yes,16995.0,6,0.3179428656950966,0,7636.0,1
Chevrolet,Corvette Base,2004,40011.0,Gasoline,350.0HP 5.7L 8 Cylinder Engine Gasoline Fuel,4-Speed A/T,Red,Black,None reported,Yes,23500.0,22,0.5873238028591422,0,1739.608695652174,0
Hyundai,Santa Fe Sport 2.0L Turbo,2018,45800.0,Gasoline,240.0HP 2.0L 4 Cylinder Engine Gasoline Fuel,A/T,Silver,Black,At least 1 accident or damage reported,Yes,20900.0,8,0.4563219143686819,0,5088.888888888889,1
RAM,1500 Laramie,2022,15741.0,Gasoline,5.7L V8 16V MPFI OHV,8-Speed Automatic,Flame Red Clearcoat,Black,None reported,Yes,45999.0,4,2.922055647312921,0,3148.2,0
Kia,Sorento SX Prestige,2023,11100.0,Gasoline,281.0HP 2.5L 4 Cylinder Engine Gasoline Fuel,Transmission w/Dual Shift Mode,White,Black,None reported,Yes,40200.0,3,3.621295378794703,0,2775.0,0
Ford,F-250 XL,2020,36000.0,E85 Flex Fuel,385.0HP 6.2L 8 Cylinder Engine Flex Fuel Capability,A/T,White,Gray,None reported,Yes,44000.0,6,1.2221882725479847,0,5142.857142857143,0
BMW,X5 xDrive35i,2013,69750.0,Gasoline,300.0HP 3.0L Straight 6 Cylinder Engine Gasoline Fuel,8-Speed A/T,White,Brown,At least 1 accident or damage reported,Yes,15999.0,13,0.2293730555834325,1,4982.142857142857,1
Mercedes-Benz,C-Class C 300 4MATIC,2021,19162.0,Gasoline,255.0HP 2.0L 4 Cylinder Engine Gasoline Fuel,Transmission w/Dual Shift Mode,Black,Black,None reported,Yes,38500.0,5,2.0090799979126444,1,3193.6666666666665,0
Audi,Q5 S line Premium Plus,2023,6046.0,Hybrid,2.0 Liter TFSI,Automatic,Daytona Gray,Black,None reported,Yes,51598.0,3,8.532826194807342,1,1511.5,0
Ford,Explorer XLT,2020,17000.0,Gasoline,300.0HP 2.3L 4 Cylinder Engine Gasoline Fuel,10-Speed A/T,Blue,Black,At least 1 accident or damage reported,Yes,21000.0,6,1.2352214575613198,0,2428.5714285714284,1
Audi,A6 55 Premium,2019,10832.0,Hybrid,335.0HP 3.0L V6 Cylinder Engine Gasoline/Mild Electric Hybrid,7-Speed A/T,Black,Black,None reported,Yes,42500.0,7,3.9231976368503645,1,1354.0,0
Toyota,Matrix XR,2004,173452.0,Gasoline,130.0HP 1.8L 4 Cylinder Engine Gasoline Fuel,4-Speed A/T,Silver,Black,At least 1 accident or damage reported,Yes,4000.0,22,0.023061002115846944,0,7541.391304347826,1
Kia,Optima SX Turbo,2017,103338.0,Gasoline,2.0L I4 16V GDI DOHC Turbo,6-Speed Automatic,Remington Red Metallic,Black,At least 1 accident or damage reported,Yes,17238.0,9,0.16681020718218678,0,10333.8,1
Ford,F-150 Lariat,2022,28000.0,Gasoline,400.0HP 3.5L V6 Cylinder Engine Gasoline Fuel,A/T,Black,Black,None reported,Yes,53500.0,4,1.910646048355416,0,5600.0,0
Audi,Q8 3.0T Premium,2019,51984.0,Hybrid,335.0HP 3.0L V6 Cylinder Engine Gasoline/Mild Electric Hybrid,8-Speed A/T,White,–,None reported,Yes,44870.0,7,0.8631335962296817,1,6498.0,0
Chevrolet,Corvette Stingray w/2LT,2020,8974.0,Gasoline,490.0HP 6.2L 8 Cylinder Engine Gasoline Fuel,A/T,Orange,Black,At least 1 accident or damage reported,Yes,79900.0,6,8.902506963788301,0,1282.0,1
Scion,tC Anniversary Edition,2014,99999.0,Gasoline,179.0HP 2.5L 4 Cylinder Engine Gasoline Fuel,6-Speed M/T,White,Black,None reported,Yes,10998.0,12,0.10998,0,7692.2307692307695,0
Mercedes-Benz,C-Class C 300,2017,59400.0,Gasoline,241.0HP 2.0L 4 Cylinder Engine Gasoline Fuel,7-Speed A/T,Black,Black,At least 1 accident or damage reported,Yes,21000.0,9,0.3535294018619215,1,5940.0,1
Nissan,Murano SV,2020,47147.0,Gasoline,3.5L V6 24V MPFI DOHC,Automatic CVT,Brilliant Silver Metallic,Graphite,None reported,Yes,23625.0,6,0.5010817001781623,0,6735.285714285715,0
Ford,Mustang GT,2018,53782.0,Gasoline,460.0HP 5.0L 8 Cylinder Engine Gasoline Fuel,6-Speed M/T,Black,Black,At least 1 accident or damage reported,Yes,29950.0,8,0.5568674116356469,0,5975.777777777777,1
Ford,Taurus SHO,2011,160000.0,Gasoline,365.0HP 3.5L V6 Cylinder Engine Gasoline Fuel,A/T,Black,Black,None reported,Yes,4700.0,15,0.029374816407397454,0,10000.0,0
Chevrolet,Tahoe LTZ,2015,500.0,Gasoline,355.0HP 5.3L 8 Cylinder Engine Gasoline Fuel,6-Speed A/T,White,Black,At least 1 accident or damage reported,Yes,37000.0,11,73.85229540918164,0,41.666666666666664,1
Ford,Escape SEL,2020,42000.0,Gasoline,181.0HP 1.5L 3 Cylinder Engine Gasoline Fuel,A/T,White,Beige,None reported,Yes,19000.0,6,0.4523701816623414,0,6000.0,0
Dodge,Grand Caravan SE,2018,64000.0,E85 Flex Fuel,283.0HP 3.6L V6 Cylinder Engine Flex Fuel Capability,A/T,White,Gray,None reported,Yes,35000.0,8,0.5468664552116373,0,7111.111111111111,0
Hyundai,Elantra HEV Limited,2021,28600.0,Hybrid,139.0HP 1.6L 4 Cylinder Engine Gas/Electric Hybrid,A/T,Gray,Black,None reported,Yes,23999.0,5,0.8390965350861858,0,4766.666666666667,0
GMC,Canyon Denali,2019,26339.0,Gasoline,308.0HP 3.6L V6 Cylinder Engine Gasoline Fuel,8-Speed A/T,Red,Black,At least 1 accident or damage reported,Yes,36750.0,7,1.3952164009111618,0,3292.375,1
Alfa,Romeo Giulia Quadrifoglio,2018,28644.0,Gasoline,505.0HP 2.9L V6 Cylinder Engine Gasoline Fuel,8-Speed A/T,Black,Black,None reported,Yes,41500.0,8,1.4487694187467273,0,3182.6666666666665,0
Subaru,Impreza WRX,2008,148740.0,Gasoline,224.0HP 2.5L 4 Cylinder Engine Gasoline Fuel,5-Speed M/T,Black,Black,At least 1 accident or damage reported,Yes,14500.0,18,0.09748488984207448,0,7828.421052631579,1
GMC,Sierra 2500 Denali,2021,16919.0,Diesel,445.0HP 6.6L 8 Cylinder Engine Diesel Fuel,10-Speed A/T,Black,Black,At least 1 accident or damage reported,Yes,73000.0,5,4.314420803782506,0,2819.8333333333335,1
Chevrolet,Tahoe LS,2005,170000.0,Gasoline,285.0HP 4.8L 8 Cylinder Engine Gasoline Fuel,4-Speed A/T,Silver,Gray,At least 1 accident or damage reported,Yes,9000.0,21,0.05294086505373498,0,7727.272727272727,1
Mercedes-Benz,SL-Class SL 550,2013,130000.0,Gasoline,429.0HP 4.6L 8 Cylinder Engine Gasoline Fuel,A/T,Gray,Beige,At least 1 accident or damage reported,Yes,26900.0,13,0.20692148521934448,1,9285.714285714286,1
Ford,Escape PHEV SE,2022,1889.0,Plug-In Hybrid,221.0HP 2.5L 4 Cylinder Engine Plug-In Electric/Gas,CVT Transmission,White,Gray,None reported,Yes,32850.0,4,17.38095238095238,0,377.8,0
Dodge,Charger GT,2018,62197.0,Gasoline,3.6L V6 24V MPFI DOHC,8-Speed Automatic,White Knuckle Clearcoat,Black,None reported,Yes,26691.0,8,0.42912955400495195,0,6910.777777777777,0
Ford,F-150 XLT,2016,71000.0,E85 Flex Fuel,385.0HP 5.0L 8 Cylinder Engine Flex Fuel Capability,A/T,Black,–,At least 1 accident or damage reported,Yes,24350.0,10,0.34295291615611045,0,6454.545454545455,1
Lexus,NX 200t Base,2016,83400.0,Gasoline,235.0HP 2.0L 4 Cylinder Engine Gasoline Fuel,A/T,Blue,Brown,At least 1 accident or damage reported,Yes,22495.0,10,0.2697209865589142,1,7581.818181818182,1
Cadillac,XT5 Base,2019,74414.0,Gasoline,310.0HP 3.6L V6 Cylinder Engine Gasoline Fuel,8-Speed A/T,Black,Beige,None reported,Yes,26000.0,7,0.34939192367130284,0,9301.75,0
Ford,Mustang Shelby GT500,2010,29816.0,Gasoline,540.0HP 5.4L 8 Cylinder Engine Gasoline Fuel,6-Speed M/T,Black,Black,None reported,Yes,38000.0,16,1.274440755273837,0,1753.8823529411766,0
Ford,F-250 Lariat,2015,68749.0,Diesel,440.0HP 6.7L 8 Cylinder Engine Diesel Fuel,Transmission w/Dual Shift Mode,Gray,Black,None reported,Yes,45000.0,11,0.6545454545454545,0,5729.083333333333,0
BMW,325 i,2005,190395.0,Gasoline,184.0HP 2.5L Straight 6 Cylinder Engine Gasoline Fuel,A/T,Black,Brown,None reported,Yes,5000.0,21,0.02626105590453581,1,8654.318181818182,0
Lamborghini,Huracan LP610-4,2015,34152.0,Gasoline,602.0HP 5.2L 10 Cylinder Engine Gasoline Fuel,7-Speed A/T,Blue,Red,None reported,Yes,185500.0,11,5.431440869030539,0,2846.0,0
Toyota,Camry XLE,2007,98528.0,Gasoline,158.0HP 2.4L 4 Cylinder Engine Gasoline Fuel,5-Speed A/T,White,Gray,At least 1 accident or damage reported,Yes,7450.0,19,0.07561225629002628,0,4926.4,1
BMW,335 i,2011,91500.0,Gasoline,300.0HP 3.0L Straight 6 Cylinder Engine Gasoline Fuel,6-Speed A/T,Blue,Beige,At least 1 accident or damage reported,Yes,13599.0,15,0.14862132654287932,1,5718.75,1
Chevrolet,Camaro 1SS,2017,50850.0,Gasoline,455.0HP 6.2L 8 Cylinder Engine Gasoline Fuel,6-Speed M/T,Blue,Black,None reported,Yes,37000.0,9,0.7276159760869992,0,5085.0,0
Mazda,MX-5 Miata Base,1999,130000.0,Gasoline,140.0HP 1.8L 4 Cylinder Engine Gasoline Fuel,A/T,Green,Beige,At least 1 accident or damage reported,Yes,9000.0,27,0.069230236690487,0,4642.857142857143,1
Toyota,Tundra SR5 Double Cab,2005,199400.0,Gasoline,282.0HP 4.7L 8 Cylinder Engine Gasoline Fuel,A/T,Gray,Gray,At least 1 accident or damage reported,Yes,8500.0,21,0.042627669871264436,0,9063.636363636364,1
RAM,2500 Powerwagon,2013,84220.0,Gasoline,383.0HP 5.7L 8 Cylinder Engine Gasoline Fuel,6-Speed A/T,White,Gray,At least 1 accident or damage reported,Yes,26500.0,13,0.3146483656095273,0,6015.714285714285,1
Mercedes-Benz,S-Class S 550 4MATIC,2016,67280.0,Gasoline,449.0HP 4.7L 8 Cylinder Engine Gasoline Fuel,7-Speed A/T,White,Black,None reported,Yes,41999.0,10,0.6242326957090412,1,6116.363636363636,0
Volkswagen,Passat 2.0T R-Line,2021,16538.0,Gasoline,2.0 Liter TSI,Automatic,Reflex Silver,Titan Black,None reported,Yes,25998.0,5,1.5719209142027935,0,2756.3333333333335,0
Toyota,Tundra Platinum,2018,66000.0,Gasoline,381.0HP 5.7L 8 Cylinder Engine Gasoline Fuel,6-Speed A/T,Gray,Black,None reported,Yes,51000.0,8,0.772715564915683,0,7333.333333333333,0
Cadillac,Escalade Luxury,2018,53450.0,Gasoline,420.0HP 6.2L 8 Cylinder Engine Gasoline Fuel,10-Speed A/T,White,Beige,None reported,Yes,49999.0,8,0.9354174851733363,0,5938.888888888889,0
Volkswagen,Golf Alltrack TSI SE,2018,63277.0,Gasoline,170.0HP 1.8L 4 Cylinder Engine Gasoline Fuel,6-Speed A/T,White,Black,None reported,Yes,20900.0,8,0.3302885679066974,0,7030.777777777777,0
Nissan,Altima 2.5 S,2020,30900.0,Gasoline,182.0HP 2.5L 4 Cylinder Engine Gasoline Fuel,A/T,Silver,Gray,None reported,Yes,21000.0,6,0.6795896572926442,0,4414.285714285715,0
Mercedes-Benz,GLA 250 Base 4MATIC,2019,60854.0,Gasoline,2.0 Liter Turbo,Automatic,White,Black,None reported,Yes,25498.0,7,0.41899597403664446,1,7606.75,0
Ford,F-150 Platinum,2015,85000.0,Gasoline,365.0HP 3.5L V6 Cylinder Engine Gasoline Fuel,6-Speed A/T,White,Black,None reported,Yes,31000.0,11,0.36470159174597944,0,7083.333333333333,0
Toyota,RAV4 SE,2016,108130.0,Gasoline,176.0HP 2.5L 4 Cylinder Engine Gasoline Fuel,Transmission w/Dual Shift Mode,Gray,Orange,None reported,Yes,18500.0,10,0.17108877195253905,0,9830.0,0
Toyota,4Runner TRD Sport,2023,11400.0,Gasoline,270.0HP 4.0L V6 Cylinder Engine Gasoline Fuel,A/T,Green,Black,None reported,Yes,46000.0,3,4.034733795281116,0,2850.0,0
Mercedes-Benz,GL-Class GL 450 4MATIC,2013,63300.0,Gasoline,362.0HP 4.6L 8 Cylinder Engine Gasoline Fuel,7-Speed A/T,Black,Black,None reported,Yes,22800.0,13,0.3601838833509739,1,4521.428571428572,0
Tesla,Model Y Performance,2020,27500.0,Gasoline,455.0HP Electric Motor Electric Fuel System,A/T,Gray,White,None reported,Yes,44000.0,6,1.5999418202974438,0,3928.5714285714284,0
BMW,X5 xDrive 35i Sport Activity,2012,122600.0,Gasoline,300.0HP 3.0L Straight 6 Cylinder Engine Gasoline Fuel,8-Speed A/T,Black,Black,At least 1 accident or damage reported,Yes,12900.0,14,0.10521937015195634,1,8173.333333333333,1
Dodge,Charger Base,2006,145565.0,Gasoline,250.0HP 3.5L V6 Cylinder Engine Gasoline Fuel,A/T,Blue,Gray,At least 1 accident or damage reported,Yes,4500.0,20,0.030913812291331767,0,6931.666666666667,1
Ford,Transit-250 Base,2016,66500.0,Gasoline,310.0HP 3.5L V6 Cylinder Engine Gasoline Fuel,6-Speed A/T,White,Gray,None reported,Yes,27000.0,10,0.4060089321965083,0,6045.454545454545,0
BMW,330 i xDrive,2017,75000.0,Gasoline,248.0HP 2.0L 4 Cylinder Engine Gasoline Fuel,A/T,Blue,Black,None reported,Yes,20000.0,9,0.2666631111585179,1,7500.0,0
Mazda,CX-5 Grand Touring,2021,24781.0,Gasoline,2.5L I4 16V GDI DOHC,6-Speed Automatic,Machine Gray Metallic,Black,None reported,Yes,28991.0,5,1.1698410136389314,0,4130.166666666667,0
BMW,X5 M Base,2013,67000.0,Gasoline,555.0HP 4.4L 8 Cylinder Engine Gasoline Fuel,A/T,Silver,Black,At least 1 accident or damage reported,Yes,24500.0,13,0.3656661840868047,1,4785.714285714285,1
Audi,Q5 2.0T Premium Plus,2019,24500.0,Gasoline,248.0HP 2.0L 4 Cylinder Engine Gasoline Fuel,A/T,Black,–,None reported,Yes,31000.0,7,1.2652544794090037,1,3062.5,0
Audi,S5 3.0T Prestige,2013,37500.0,Gasoline,333.0HP 3.0L V6 Cylinder Engine Gasoline Fuel,7-Speed A/T,Black,Black,None reported,Yes,26000.0,13,0.6933148449374683,1,2678.5714285714284,0
Nissan,GT-R Premium,2013,101000.0,Gasoline,545.0HP 3.8L V6 Cylinder Engine Gasoline Fuel,Transmission w/Dual Shift Mode,White,Black,None reported,Yes,59000.0,13,0.584152632152157,0,7214.285714285715,0
Tesla,Model 3 Long Range,2020,25000.0,Gasoline,425.0HP Electric Motor Electric Fuel System,1-Speed A/T,Blue,Black,None reported,Yes,49995.0,6,1.9997200111995521,0,3571.4285714285716,0
Toyota,Camry Solara SLE V6,2000,245000.0,Gasoline,200.0HP 3.0L V6 Cylinder Engine Gasoline Fuel,A/T,Black,Beige,At least 1 accident or damage reported,Yes,2500.0,26,0.010204039983510271,0,9074.074074074075,1
Tesla,Model Y Long Range,2021,49252.0,Gasoline,Electric,1-Speed Automatic,Deep Blue Metallic,Black,None reported,Yes,37999.0,5,0.7715063041845167,0,8208.666666666666,0
Buick,Cascada Base,2016,103814.0,Gasoline,200.0HP 1.6L 4 Cylinder Engine Gasoline Fuel,6-Speed A/T,White,Black,At least 1 accident or damage reported,Yes,14995.0,10,0.14443962818475173,0,9437.636363636364,1
Toyota,4Runner Venture,2021,27000.0,Gasoline,270.0HP 4.0L V6 Cylinder Engine Gasoline Fuel,A/T,White,Black,None reported,Yes,48500.0,5,1.7962297692678049,0,4500.0,0
BMW,530 i xDrive,2021,60942.0,Gasoline,2.0L I4 16V GDI DOHC Turbo,8-Speed Automatic,Glacier Silver Metallic,Black,None reported,Yes,32085.0,5,0.5264755591290222,1,10157.0,0
BMW,535 i xDrive,2011,100780.0,Gasoline,300.0HP 3.0L Straight 6 Cylinder Engine Gasoline Fuel,8-Speed A/T,Gray,Black,At least 1 accident or damage reported,Yes,12000.0,15,0.11907006280945813,1,6298.75,1
Tesla,Model S 100D,2018,65000.0,Gasoline,518.0HP Electric Motor Electric Fuel System,A/T,Blue,Black,None reported,Yes,41000.0,8,0.6307595267765111,0,7222.222222222223,0
Lexus,GX 460 Base,2012,167000.0,Gasoline,301.0HP 4.6L 8 Cylinder Engine Gasoline Fuel,A/T,Black,Beige,At least 1 accident or damage reported,Yes,19470.0,14,0.11658612822677708,1,11133.333333333334,1
Chevrolet,Trailblazer SS,2008,161000.0,Gasoline,390.0HP 6.0L 8 Cylinder Engine Gasoline Fuel,4-Speed A/T,Red,Black,At least 1 accident or damage reported,Yes,17000.0,18,0.10558940627697964,0,8473.684210526315,1
Subaru,Impreza WRX,2005,90200.0,Gasoline,227.0HP 2.0L 4 Cylinder Engine Gasoline Fuel,5-Speed M/T,Blue,Black,None reported,Yes,12499.0,21,0.13856830855533753,0,4100.0,0
Volkswagen,Passat 2.5 SE,2012,159870.0,Gasoline,170.0HP 2.5L 5 Cylinder Engine Gasoline Fuel,A/T,White,Beige,At least 1 accident or damage reported,Yes,9750.0,14,0.060986670503093116,0,10658.0,1
Porsche,911 Carrera Cabriolet,1996,38000.0,–,–,Transmission w/Dual Shift Mode,Blue,Gray,None reported,Yes,75000.0,30,1.9736322728349254,1,1225.8064516129032,0
Audi,Q5 40 Premium,2022,14550.0,Hybrid,201.0HP 2.0L 4 Cylinder Engine Gasoline/Mild Electric Hybrid,7-Speed A/T,Silver,Brown,None reported,Yes,41500.0,4,2.8520376606418805,1,2910.0,0
INFINITI,Q60 3.0t Red Sport 400,2018,38000.0,Gasoline,400.0HP 3.0L V6 Cylinder Engine Gasoline Fuel,A/T,Red,White,None reported,Yes,32000.0,8,0.8420831030762348,0,4222.222222222223,0
Chevrolet,Camaro Z28,2002,35515.0,Gasoline,310.0HP 5.7L 8 Cylinder Engine Gasoline Fuel,M/T,Silver,Black,At least 1 accident or damage reported,Yes,21000.0,24,0.5912828021173555,0,1420.6,1
Mazda,Protege DX,1993,94200.0,–,–,A/T,Gray,–,At least 1 accident or damage reported,Yes,2500.0,33,0.026538996401312086,0,2770.5882352941176,1
Mercedes-Benz,SL-Class SL550 Roadster,2008,33300.0,Gasoline,382.0HP 5.5L 8 Cylinder Engine Gasoline Fuel,7-Speed A/T,White,Beige,None reported,Yes,34500.0,18,1.0360049247770338,1,1752.6315789473683,0
Mercedes-Benz,C-Class C 300 4MATIC,2016,90189.0,Gasoline,241.0HP 2.0L 4 Cylinder Engine Gasoline Fuel,A/T,White,–,At least 1 accident or damage reported,Yes,17995.0,10,0.1995232287393281,1,8199.0,1
Land,Rover Range Rover Autobiography,2023,1148.0,Gasoline,4.4L V8 32V GDI DOHC Twin Turbo,Automatic,Carpathian Grey,Ebony,None reported,Yes,193063.0,3,168.02697998259356,1,287.0,0
Mercedes-Benz,SLK-Class SLK320,2001,59500.0,Gasoline,215.0HP 3.2L V6 Cylinder Engine Gasoline Fuel,6-Speed M/T,Blue,Beige,None reported,Yes,6500.0,25,0.10924186148131965,1,2288.4615384615386,0
Ford,Transit-350 XL,2017,134000.0,Gasoline,310.0HP 3.5L V6 Cylinder Engine Gasoline Fuel,A/T,Silver,Gray,None reported,Yes,26500.0,9,0.19775971821105812,0,13400.0,0
Buick,Enclave Premium,2014,86281.0,Gasoline,288.0HP 3.6L V6 Cylinder Engine Gasoline Fuel,6-Speed A/T,Black,Black,None reported,Yes,18900.0,12,0.2190491643680026,0,6637.0,0
Porsche,Cayenne AWD,2020,34580.0,Gasoline,335.0HP 3.0L V6 Cylinder Engine Gasoline Fuel,A/T,Black,Red,None reported,Yes,56000.0,6,1.6193863682368932,1,4940.0,0
Hyundai,Santa Fe SE,2007,145000.0,Gasoline,242.0HP 3.3L V6 Cylinder Engine Gasoline Fuel,A/T,Blue,Gray,At least 1 accident or damage reported,Yes,4200.0,19,0.0289653174805691,0,7250.0,1
Mazda,Mazda6 Signature,2021,11737.0,Gasoline,2.5L I4 16V GDI DOHC Turbo,6-Speed Automatic,Soul Red Crystal Metallic,Deep Chestnut,None reported,Yes,33687.0,5,2.8699096950076672,0,1956.1666666666667,0
Tesla,Model X Performance,2020,25535.0,Gasoline,778.0HP Electric Motor Electric Fuel System,A/T,White,Beige,None reported,Yes,68969.0,6,2.700853696741855,0,3647.8571428571427,0
Jeep,Wrangler Unlimited Sport,2016,67499.0,Gasoline,285.0HP 3.6L V6 Cylinder Engine Gasoline Fuel,6-Speed M/T,Beige,Black,None reported,Yes,27500.0,10,0.4074074074074074,0,6136.272727272727,0
Toyota,4Runner Sport,2004,220450.0,Gasoline,245.0HP 4.0L V6 Cylinder Engine Gasoline Fuel,A/T,Gray,Gray,None reported,Yes,8550.0,22,0.03878412889939261,0,9584.782608695652,0
Chevrolet,Silverado 1500 2LT,2018,20200.0,Gasoline,355.0HP 5.3L 8 Cylinder Engine Gasoline Fuel,6-Speed A/T,Silver,Gray,At least 1 accident or damage reported,Yes,42950.0,8,2.1261323696846692,0,2244.4444444444443,1
Jaguar,XK8 Base,2000,40000.0,Gasoline,290.0HP 4.0L 8 Cylinder Engine Gasoline Fuel,5-Speed A/T,Blue,Beige,None reported,Yes,15400.0,26,0.38499037524061896,0,1481.4814814814815,0
Mercedes-Benz,GLA-Class GLA 45 AMG,2015,80300.0,Gasoline,355.0HP 2.0L 4 Cylinder Engine Gasoline Fuel,7-Speed A/T,Black,Black,At least 1 accident or damage reported,Yes,22000.0,11,0.27396919091916666,1,6691.666666666667,1
BMW,330 i xDrive,2017,63150.0,Gasoline,248.0HP 2.0L 4 Cylinder Engine Gasoline Fuel,A/T,White,Beige,None reported,Yes,21500.0,9,0.34045383287675574,1,6315.0,0
Volkswagen,Atlas 3.6L SE w/Technology,2018,48210.0,Gasoline,276.0HP 3.6L V6 Cylinder Engine Gasoline Fuel,Transmission w/Dual Shift Mode,Silver,Black,None reported,Yes,24999.0,8,0.5185331148493082,0,5356.666666666667,0
Nissan,Juke SL,2012,115359.0,Gasoline,188.0HP 1.6L 4 Cylinder Engine Gasoline Fuel,A/T,Black,Black,None reported,Yes,9950.0,14,0.08625173370319002,0,7690.6,0
Subaru,Impreza 2.0i Premium,2018,90601.0,Gasoline,152.0HP 2.0L 4 Cylinder Engine Gasoline Fuel,CVT Transmission,White,Beige,None reported,Yes,26000.0,8,0.28696938257433613,0,10066.777777777777,0
BMW,M5 Base,2000,132200.0,Gasoline,400.0HP 5.0L 8 Cylinder Engine Gasoline Fuel,6-Speed M/T,Blue,Black,None reported,Yes,26900.0,26,0.20347803723118585,1,4896.2962962962965,0
Mercedes-Benz,Sprinter 2500 Standard Roof,2023,4000.0,Diesel,211.0HP 2.0L 4 Cylinder Engine Diesel Fuel,9-Speed A/T,White,Black,None reported,Yes,65000.0,3,16.245938515371158,1,1000.0,0
Volkswagen,Beetle 2.0T Final Edition SE,2019,32000.0,Gasoline,174.0HP 2.0L 4 Cylinder Engine Gasoline Fuel,Transmission w/Dual Shift Mode,Gray,Black,None reported,Yes,32750.0,7,1.0234055185775444,0,4000.0,0
MINI,Countryman Cooper S ALL4,2016,95070.0,Gasoline,181.0HP 1.6L 4 Cylinder Engine Gasoline Fuel,6-Speed A/T,Blue,Black,None reported,Yes,12750.0,10,0.13411029651523598,0,8642.727272727272,0
Nissan,Rogue SL,2017,148000.0,Gasoline,170.0HP 2.5L 4 Cylinder Engine Gasoline Fuel,A/T,White,–,None reported,Yes,13000.0,9,0.08783724434294363,0,14800.0,0
Lexus,CT 200h Premium,2014,125519.0,Hybrid,134.0HP 1.8L 4 Cylinder Engine Gas/Electric Hybrid,CVT Transmission,Black,Black,At least 1 accident or damage reported,Yes,16000.0,12,0.12746972594008923,1,9655.307692307691,1
INFINITI,G37 x,2013,90000.0,Gasoline,328.0HP 3.7L V6 Cylinder Engine Gasoline Fuel,Transmission w/Dual Shift Mode,Silver,Black,None reported,Yes,14500.0,13,0.16110932100754435,0,6428.571428571428,0
Audi,A6 2.0T Sport,2018,49650.0,Gasoline,252.0HP 2.0L 4 Cylinder Engine Gasoline Fuel,A/T,Black,Black,At least 1 accident or damage reported,Yes,23750.0,8,0.4783388048579082,1,5516.666666666667,1
Nissan,Altima 2.5 S,2015,149800.0,Gasoline,182.0HP 2.5L 4 Cylinder Engine Gasoline Fuel,A/T,Black,Black,At least 1 accident or damage reported,Yes,11600.0,11,0.07743606517980521,0,12483.333333333334,1
Chevrolet,Blazer 1LT,2019,37161.0,Gasoline,2.5L I4 16V GDI DOHC,9-Speed Automatic,Nightfall Gray Metallic,Jet Black,None reported,Yes,26990.0,7,0.7262795328561433,0,4645.125,0
Dodge,Ram 3500 Quad Cab DRW,2000,188000.0,–,–,A/T,Silver,Gray,At least 1 accident or damage reported,Yes,10000.0,26,0.05319120642975304,0,6962.962962962963,1
Ford,Transit Connect XLT,2016,111700.0,E85 Flex Fuel,169.0HP 2.5L 4 Cylinder Engine Flex Fuel Capability,A/T,White,Beige,None reported,Yes,15500.0,10,0.13876330561051378,0,10154.545454545454,0
Mercedes-Benz,S-Class S 550 4MATIC,2016,72784.0,Gasoline,449.0HP 4.7L 8 Cylinder Engine Gasoline Fuel,7-Speed A/T,Blue,White,None reported,Yes,34900.0,10,0.4794944013189531,1,6616.727272727273,0
Cadillac,Escalade Base,2007,150000.0,Gasoline,403.0HP 6.2L 8 Cylinder Engine Gasoline Fuel,A/T,White,Beige,None reported,Yes,9999.0,19,0.06665955560296265,0,7500.0,0
Ford,Transit Connect XLT,2012,140450.0,Gasoline,136.0HP 2.0L 4 Cylinder Engine Gasoline Fuel,4-Speed A/T,Red,Gray,At least 1 accident or damage reported,Yes,8500.0,14,0.06051932702508348,0,9363.333333333334,1
Lexus,IS 250 Base,2010,132700.0,Gasoline,204.0HP 2.5L V6 Cylinder Engine Gasoline Fuel,A/T,Black,Black,At least 1 accident or damage reported,Yes,10700.0,16,0.08063239915298302,1,7805.882352941177,1
Dodge,Durango GT,2020,49000.0,Gasoline,295.0HP 3.6L V6 Cylinder Engine Gasoline Fuel,A/T,White,Black,None reported,Yes,40000.0,6,0.8163098712271178,0,7000.0,0
Chevrolet,Corvette Stingray w/2LT,2023,2058.0,Gasoline,490.0HP 6.2L 8 Cylinder Engine Gasoline Fuel,A/T,Gray,Black,None reported,Yes,101999.0,3,49.538125303545414,0,514.5,0
Jeep,Wrangler Unlimited Sahara,2019,23442.0,Gasoline,285.0HP 3.6L V6 Cylinder Engine Gasoline Fuel,A/T,White,Beige,None reported,Yes,44500.0,7,1.8982212174209785,0,2930.25,0
Tesla,Model 3 Long Range,2021,23749.0,Gasoline,Electric,1-Speed Automatic,White,Black,None reported,Yes,35999.0,5,1.5157473684210527,0,3958.1666666666665,0
Toyota,4Runner TRD Pro,2021,35048.0,Gasoline,4.0L V6 24V MPFI DOHC,5-Speed Automatic,Lunar Rock,Black / Graphite,None reported,Yes,52590.0,5,1.5004707694941368,0,5841.333333333333,0
INFINITI,QX60 Base,2016,91239.0,Gasoline,265.0HP 3.5L V6 Cylinder Engine Gasoline Fuel,A/T,Gray,Black,None reported,Yes,17500.0,10,0.19180184129767647,0,8294.454545454546,0
Porsche,911 Carrera,2022,2950.0,Gasoline,379.0HP 3.0L Flat 6 Cylinder Engine Gasoline Fuel,8-Speed A/T,Green,Black,None reported,Yes,131000.0,4,44.39173161640122,1,590.0,0
Ford,F-150 XL,2019,59678.0,Gasoline,2.7L V6 24V PDI DOHC Twin Turbo,Automatic,Gray,Black,None reported,Yes,33700.0,7,0.5646877461083463,0,7459.75,0
BMW,M240 i xDrive,2022,2010.0,Gasoline,382.0HP 3.0L Straight 6 Cylinder Engine Gasoline Fuel,A/T,Purple,Black,None reported,Yes,55000.0,4,27.349577324714073,1,402.0,0
Toyota,Prius Two,2014,80354.0,Hybrid,134.0HP 1.8L 4 Cylinder Engine Gas/Electric Hybrid,A/T,Red,Gray,At least 1 accident or damage reported,Yes,13310.0,12,0.16563997262149213,0,6181.076923076923,1
Ford,Expedition Max XLT,2018,105674.0,Gasoline,375.0HP 3.5L V6 Cylinder Engine Gasoline Fuel,10-Speed A/T,White,Beige,None reported,Yes,34995.0,8,0.3311568488289567,0,11741.555555555555,0
Toyota,Tundra Grade,2013,92700.0,Gasoline,310.0HP 4.6L 8 Cylinder Engine Gasoline Fuel,6-Speed A/T,Gray,Gray,At least 1 accident or damage reported,Yes,20800.0,13,0.2243772990582626,0,6621.428571428572,1
Ford,Edge Titanium,2016,101387.0,Gasoline,245.0HP 2.0L 4 Cylinder Engine Gasoline Fuel,6-Speed A/T,Black,Beige,At least 1 accident or damage reported,Yes,16000.0,10,0.15780960271432518,0,9217.0,1
Buick,Envision Essence,2021,36544.0,Gasoline,2.0L I4 16V GDI DOHC Turbo,9-Speed Automatic,Dark Moon Blue Metallic,Ebony,None reported,Yes,33290.0,5,0.9109317280065673,0,6090.666666666667,0
Audi,Q7 55 Prestige,2019,41000.0,Gasoline,329.0HP 3.0L V6 Cylinder Engine Gasoline Fuel,A/T,White,Beige,None reported,Yes,39900.0,7,0.9731469964147216,1,5125.0,0
Chrysler,Town & Country Touring-L,2013,115872.0,E85 Flex Fuel,283.0HP 3.6L V6 Cylinder Engine Flex Fuel Capability,A/T,Black,Black,None reported,Yes,9500.0,13,0.08198631260086474,0,8276.57142857143,0
Chevrolet,Cruze LS,2011,135603.0,Gasoline,136.0HP 1.8L 4 Cylinder Engine Gasoline Fuel,A/T,Silver,Black,None reported,Yes,7000.0,15,0.05162089613875697,0,8475.1875,0
Ford,F-150 Lariat,2020,26540.0,Gasoline,375.0HP 3.5L V6 Cylinder Engine Gasoline Fuel,A/T,White,Black,None reported,Yes,46995.0,6,1.77065671979202,0,3791.4285714285716,0
Jaguar,XF Premium,2011,35134.0,Gasoline,385.0HP 5.0L 8 Cylinder Engine Gasoline Fuel,A/T,Gray,Gray,At least 1 accident or damage reported,Yes,12400.0,15,0.3529244343247474,0,2195.875,1
Jeep,Wrangler Unlimited Rubicon,2020,49990.0,Gasoline,270.0HP 2.0L 4 Cylinder Engine Gasoline Fuel,8-Speed A/T,Black,Black,None reported,Yes,53000.0,6,1.0601908343501831,0,7141.428571428572,0
Ford,F-250 Lariat,2011,153818.0,Diesel,400.0HP 6.7L 8 Cylinder Engine Diesel Fuel,6-Speed A/T,Gray,Gray,At least 1 accident or damage reported,Yes,29800.0,15,0.19373419408525605,0,9613.625,1
Jaguar,F-PACE 35t Premium,2017,58060.0,Gasoline,340.0HP 3.0L V6 Cylinder Engine Gasoline Fuel,8-Speed A/T,Blue,Beige,At least 1 accident or damage reported,Yes,26000.0,9,0.44780489485196606,0,5806.0,1
Porsche,911 Carrera S,2015,36000.0,Gasoline,400.0HP 3.8L Flat 6 Cylinder Engine Gasoline Fuel,7-Speed A/T,Black,Black,None reported,Yes,84999.0,11,2.361017749506958,1,3000.0,0
Ford,Bronco Badlands Advanced,2022,17000.0,Gasoline,315.0HP 2.7L V6 Cylinder Engine Gasoline Fuel,10-Speed A/T,White,Black,None reported,Yes,69999.0,4,4.117346038468326,0,3400.0,0
Suzuki,SX4 Base,2013,99982.0,Gasoline,150.0HP 2.0L 4 Cylinder Engine Gasoline Fuel,M/T,Orange,Gray,At least 1 accident or damage reported,Yes,6900.0,13,0.06901173199443905,0,7141.571428571428,1
Ford,EcoSport SES,2019,106000.0,Gasoline,166.0HP 2.0L 4 Cylinder Engine Gasoline Fuel,A/T,Silver,Black,At least 1 accident or damage reported,Yes,12000.0,7,0.11320647918415865,0,13250.0,1
Toyota,Land Cruiser Base,1994,178416.0,–,–,A/T,Green,Beige,None reported,Yes,9000.0,32,0.050443623645728825,0,5406.545454545455,0
Honda,Civic EX,2014,82500.0,Gasoline,143.0HP 1.8L 4 Cylinder Engine Gasoline Fuel,CVT Transmission,Silver,Gray,None reported,Yes,15000.0,12,0.1818159779881456,0,6346.153846153846,0
Mercedes-Benz,Sprinter 2500 Standard Roof,2018,41500.0,Diesel,188.0HP 3.0L V6 Cylinder Engine Diesel Fuel,A/T,Gray,Black,None reported,Yes,61000.0,8,1.4698441001421652,1,4611.111111111111,0
BMW,X3 xDrive28i,2015,92984.0,Gasoline,240.0HP 2.0L 4 Cylinder Engine Gasoline Fuel,Transmission w/Dual Shift Mode,White,Beige,At least 1 accident or damage reported,Yes,17000.0,11,0.1828251868580954,1,7748.666666666667,1
Nissan,Murano SL,2007,120000.0,Gasoline,240.0HP 3.5L V6 Cylinder Engine Gasoline Fuel,A/T,Silver,Black,None reported,Yes,6750.0,19,0.05624953125390622,0,6000.0,0
Chevrolet,Corvette Stingray,2015,25548.0,Gasoline,455.0HP 6.2L 8 Cylinder Engine Gasoline Fuel,8-Speed A/T,Gray,Gray,None reported,Yes,49000.0,11,1.9178832831030568,0,2129.0,0
Ford,F-150 Lariat,2018,65441.0,Gasoline,325.0HP 2.7L V6 Cylinder Engine Gasoline Fuel,A/T,Gray,Black,None reported,Yes,38000.0,8,0.5806668500351456,0,7271.222222222223,0
Porsche,Cayenne Turbo,2020,39611.0,Gasoline,4.0L V8 32V GDI DOHC Twin Turbo,8-Speed Automatic,Quartzite Grey Metallic,Black,None reported,Yes,89900.0,6,2.269514288599414,1,5658.714285714285,0
Toyota,Sequoia SR5,2010,154860.0,Gasoline,310.0HP 4.6L 8 Cylinder Engine Gasoline Fuel,6-Speed A/T,Silver,Gray,None reported,Yes,17900.0,16,0.11558752687894305,0,9109.411764705883,0
Porsche,911 Carrera S,2021,7008.0,Gasoline,443.0HP 3.0L Flat 6 Cylinder Engine Gasoline Fuel,8-Speed A/T,Gray,Black,None reported,Yes,151900.0,5,21.672135825367384,1,1168.0,0
BMW,M8 Gran Coupe Competition,2022,21057.0,Gasoline,617.0HP 4.4L 8 Cylinder Engine Gasoline Fuel,Transmission w/Dual Shift Mode,Gray,Black,None reported,Yes,99800.0,4,4.739291480672429,1,4211.4,0
Lexus,CT 200h Base,2016,39750.0,Hybrid,134.0HP 1.8L 4 Cylinder Engine Gas/Electric Hybrid,A/T,Black,Black,None reported,Yes,21995.0,10,0.5533194133480919,1,3613.6363636363635,0
Aston,Martin DB7 Vantage Volante,2003,14900.0,Gasoline,420.0HP 5.9L 12 Cylinder Engine Gasoline Fuel,6-Speed M/T,White,Beige,None reported,Yes,32850.0,23,2.2045500301993153,0,620.8333333333334,0
Chevrolet,Impala 2LZ,2018,71312.0,Gasoline,305.0HP 3.6L V6 Cylinder Engine Gasoline Fuel,6-Speed A/T,Black,Black,None reported,Yes,17899.0,8,0.2509921052262561,0,7923.555555555556,0
Porsche,911 Carrera,2015,43500.0,Gasoline,350.0HP 3.4L Flat 6 Cylinder Engine Gasoline Fuel,7-Speed A/T,Black,Black,None reported,Yes,66500.0,11,1.5287004896439162,1,3625.0,0
BMW,X6 xDrive40i,2020,34000.0,Gasoline,335.0HP 3.0L Straight 6 Cylinder Engine Gasoline Fuel,8-Speed A/T,White,Brown,None reported,Yes,59335.0,6,1.7450957324784566,1,4857.142857142857,0
Subaru,Ascent Touring 7-Passenger,2021,32250.0,Gasoline,260.0HP 2.4L 4 Cylinder Engine Gasoline Fuel,A/T,Black,Black,At least 1 accident or damage reported,Yes,36000.0,5,1.1162444575362005,0,5375.0,1
Volkswagen,Routan SE,2011,194000.0,Gasoline,283.0HP 3.6L V6 Cylinder Engine Gasoline Fuel,Transmission w/Dual Shift Mode,Black,Gray,At least 1 accident or damage reported,Yes,3500.0,15,0.018041144117813827,0,12125.0,1
Mercedes-Benz,AMG GLS 63 4MATIC,2023,2000.0,Hybrid,603.0HP 4.0L 8 Cylinder Engine Gasoline/Mild Electric Hybrid,9-Speed A/T,Gray,Beige,None reported,Yes,175000.0,3,87.45627186406797,1,500.0,0
Mercedes-Benz,E-Class E 300 4MATIC,2018,53705.0,Gasoline,241.0HP 2.0L 4 Cylinder Engine Gasoline Fuel,A/T,Black,Black,At least 1 accident or damage reported,Yes,25900.0,8,0.48225524150001864,1,5967.222222222223,1
Bentley,Continental GT Speed,2023,714.0,Gasoline,6.0L W12 48V PDI DOHC Twin Turbo,8-Speed Automatic with Auto-Shift,C / C,Hotspur,None reported,Yes,349950.0,3,489.44055944055947,1,178.5,0
Audi,S4 3.0T Premium Plus,2022,10900.0,Gasoline,349.0HP 3.0L V6 Cylinder Engine Gasoline Fuel,Transmission w/Dual Shift Mode,Black,Black,None reported,Yes,53900.0,4,4.944500504540867,1,2180.0,0
Porsche,Taycan,2022,2116.0,Gasoline,Electric,Automatic,Black,Black,None reported,Yes,90998.0,4,42.98441190363722,1,423.2,0
Ford,F-150 Raptor,2020,33000.0,Gasoline,450.0HP 3.5L V6 Cylinder Engine Gasoline Fuel,A/T,Blue,Black,None reported,Yes,62999.0,6,1.9090027574921973,0,4714.285714285715,0
BMW,X3 xDrive30i,2020,43000.0,Gasoline,248.0HP 2.0L 4 Cylinder Engine Gasoline Fuel,A/T,Gray,Brown,At least 1 accident or damage reported,Yes,40000.0,6,0.930210925327318,1,6142.857142857143,1
